WindowID,Segment,시작 원본인덱스,시작 시각,보간포함,Label,AI0_mean,AI0_std,AI0_rms,AI0_peak,AI0_p2p,AI0_kurt,AI0_skew,AI0_crest,AI1_mean,AI1_std,AI1_rms,AI1_peak,AI1_p2p,AI1_kurt,AI1_skew,AI1_crest,AI2_mean,AI2_std,AI2_rms,AI2_peak,AI2_p2p,AI2_kurt,AI2_skew,AI2_crest,corr_AI0_AI1,corr_AI0_AI2,corr_AI1_AI2,AI2_period8,ratio_AI0_AI2,ratio_AI1_AI2,ratio_AI0_AI1,판정가능,State,구간키,Split
0,0,0,2022-07-12 00:00:00.019,False,0,-0.006905,0.0661286308067466,0.0664881556171849,0.116967,0.2287,-0.6918715525039274,0.1986644527959375,1.7592155913220728,-0.00500325,0.1630443667332223,0.1631211146173296,0.258642,0.481707,-1.4264452407896948,0.1403933588825663,1.5855825936866323,-5.811453312499999,147.2493535438374,147.3639885069666,216.960933,430.345586,-1.4064530322513984,0.0843492161864029,1.472279185696329,0.1669689029024727,0.3041700888699286,0.0003828122421428,-0.9958627958639796,0.0004511831980853,0.001106926571885,0.4075999343994267,True,A,N_0,train
1,0,16,2022-07-12 00:00:01.619,False,0,-0.0254309999999999,0.0576868248248679,0.0630436794561913,0.128888,0.216779,-0.3194945350060401,0.5550633069841928,2.04442382030642,-0.0075284375,0.1603372352905621,0.1605138822401741,0.2669,0.5337510000000001,-1.2399523048447851,0.0805438101602943,1.662784528509765,-4.395843062499999,150.8849813352899,150.9490014169716,219.345119,436.306052,-1.4403655329953988,0.0752182759511952,1.4531074531198485,0.4160374406132527,-0.0198029409991793,-0.0982139769844113,-0.992182899113656,0.0004176488672624,0.0010633649824339,0.3927615392284895,True,A,N_0,train
2,1,41,2022-07-12 00:00:07.224,False,0,0.0118283125,0.0632906612381703,0.0643864642340492,0.1161,0.224261,-0.4807860335903102,-0.4926224687420887,1.8031740270434564,0.0041310625,0.1348224037356499,0.1348856783592591,0.244895,0.393675,-1.3565744294132354,0.4492357252278846,1.8155745144991475,-3.5017732499999994,148.07196098657928,148.11336214638257,216.960933,430.345586,-1.4641148396776094,0.0655237262722708,1.4648302479662465,0.3664020194504256,0.1712820859291844,0.031245106296559,-0.9851443758542622,0.0004347107060497,0.0009106921644648,0.4773409973337578,True,A,N_1,train
3,1,57,2022-07-12 00:00:08.824,False,0,0.012336375,0.0771756498635377,0.0781554033960544,0.136729,0.2340249999999999,-1.1109635981131496,-0.58032278822305,1.7494503778212542,0.00441425,0.1339695407310464,0.1340422450078705,0.230715,0.411261,-1.3032395896774225,0.3656071335679784,1.7212111001755686,-6.258488562500001,143.00365897612565,143.140543381835,215.76884,423.193028,-1.4121941975709802,0.0850617658325611,1.5073915111836986,0.3205712645971738,0.1342063230957917,0.0527785755310923,-0.9925338535857888,0.0005460046577269,0.0009364380058995,0.5830654611273139,True,A,N_1,train
4,2,78,2022-07-12 00:00:15.267,False,0,-0.0098328749999999,0.0414844680541329,0.0426338658873435,0.086432,0.139259,-0.7783396731422356,-0.3079997875778616,2.0273085304623626,-0.000762,0.0569806651044896,0.0569857599734354,0.093092,0.1788819999999999,-1.389343869961242,-0.0590026300692597,1.633601096895011,4.693866374999999,80.00963629899039,80.14720383296648,110.864652,220.537211,-1.5298848318670144,-0.0543445375931235,1.3832628800257496,0.1840265036044293,-0.1521445969310799,-0.2590368112490574,-0.998019809376804,0.000531944520188,0.000711013700393,0.7481494658879312,True,A,N_2,train
5,4,112,2022-07-12 00:00:32.752,False,0,-0.0089505625,0.0431488787281441,0.0440674290668573,0.083278,0.1501009999999999,-0.8131227693016259,0.383231962372366,1.8897857615803733,-0.0064181875,0.0479861070860863,0.0484134238002488,0.10408,0.190462,-0.0292397254500511,0.6246242574961778,2.1498169687281043,-3.2037500000000003,81.27211609906772,81.33523756209753,110.864652,219.345118,-1.519954904759323,0.0895819475795381,1.3630580708067332,0.0465541559603874,-0.2299203186082369,0.1095988028653404,-0.9946093256369576,0.000541799967489,0.0005952330779545,0.9102316177570324,True,A,N_4,train
6,4,128,2022-07-12 00:00:34.352,False,0,-0.0095281875,0.0292089511434824,0.0307237560193655,0.066578,0.117813,-0.4093930588968852,-0.1133160779023901,2.166987654700653,-0.0072945,0.044782498495506,0.0453726999609897,0.093955,0.154053,-0.868044302208201,-0.198178448192774,2.07073857365288,-3.725290874999999,80.76911418716728,80.85497881196325,109.672559,219.345118,-1.5129823995843903,0.0794534997219499,1.3564107073116063,0.2054885738831951,0.068434750828766,0.0206992096091338,-0.99621955477978,0.0003799859510298,0.0005611614847677,0.677141894702784,True,A,N_4,train
7,4,144,2022-07-12 00:00:35.952,False,0,0.0134621875,0.0395547756317406,0.0417829004206565,0.078846,0.1241589999999999,-1.2191040017931931,0.0010836055154007,1.8870398944593203,0.0136145625,0.0510888096124884,0.052871757864549,0.100686,0.196355,-0.2728010380972008,-0.4053502754833754,1.9043437189651464,-3.799796499999999,80.43008807322178,80.51979583250088,110.864652,221.729304,-1.5219443843000535,0.0660506696750155,1.376862060487873,0.0157240160391981,0.1404902212802897,0.1266794677474191,-0.997296218538124,0.000518914634453,0.0006566305505112,0.7902687958228896,True,A,N_4,train
8,5,162,2022-07-12 00:00:39.756,False,0,-0.0326316875,0.0576983149859234,0.066286669710527,0.141375,0.223159,-0.5295926239231479,0.0261438475961779,2.132781758645934,-0.0041975,0.1433121995744779,0.1433736571101016,0.256468,0.451383,-1.1292373512536438,0.421941196146882,1.7888083848140195,-1.6391279374999996,152.65592372356457,152.66472345728812,220.537212,436.306052,-1.4908027658315568,0.0313016976774206,1.4445852781549824,0.1758119776134235,0.052858334091031,-0.0392631567778468,-0.9687910697644512,0.0004341976863376,0.0009391407121646,0.4623350694027646,True,A,N_5,train
9,5,178,2022-07-12 00:00:41.356,False,0,0.0076945,0.0755136377682866,0.0759046429360549,0.161076,0.273807,-0.7211638944283791,0.022698522377448,2.122083627159628,0.0082406249999999,0.1454370108749295,0.1456702853454506,0.232126,0.432627,-1.4918164571943169,0.1693553323648433,1.5935027480005517,0.2235173749999983,154.5412067658875,154.54136840559462,221.729305,438.690238,-1.5036215779733744,-0.0039387285395978,1.4347569669376183,0.4969954629879466,-0.1159070044724482,0.0067451012282848,-0.958047056244314,0.0004911606757411,0.0009425973566064,0.5210715607239356,True,A,N_5,train
10,5,194,2022-07-12 00:00:42.956,False,0,0.01953725,0.0687721841294683,0.0714934783564207,0.117876,0.223159,-1.0485066517593944,-0.3734858193830863,1.648765771506398,0.0046325625,0.1531595895169352,0.153229633218619,0.229947,0.45647,-1.5662111896596238,-0.0826041341422493,1.5006692580926904,2.9057268749999983,155.54128759489817,155.5684267303328,225.305584,449.419075,-1.4880723069911566,-0.0370748545666895,1.4482732051443306,0.3515156803489193,0.1113858980488927,0.0775840911621327,-0.9738279740210432,0.0004595629065552,0.0009849661428037,0.4665773640169069,True,A,N_5,train
11,6,212,2022-07-12 00:00:47.676,False,0,0.0475188125,0.0322518850674242,0.057430145671176,0.092607,0.112227,-0.8973731038091222,-0.176585496374977,1.612515498919918,0.01691475,0.0511068137072983,0.0538332162783815,0.133919,0.197637,0.1591520890983164,0.7707726289564959,2.487664851891444,-2.980232562499999,80.89122063988249,80.94610159072971,109.672559,218.153025,-1.5305120214637902,0.08316741026975,1.3548837664167408,0.2201777599459467,-0.2428169005361111,-0.0460888166018049,-0.9978472796858732,0.0007094862450763,0.0006650501410255,1.066816171157119,True,A,N_6,train
12,6,228,2022-07-12 00:00:49.276,False,0,0.026273375,0.0766822514625084,0.0810583612173969,0.16201,0.29573,-0.5854231954311278,-0.3123034477985706,1.998683387707436,0.0172384375,0.0293115251884151,0.0340048413657893,0.061837,0.11058,0.1317335513692268,-0.7547359396789728,1.8184763556112693,-1.4901162500000011,82.41892357946132,82.43239296802925,110.864652,218.153025,-1.5728953823752088,0.0721935604454391,1.344916094368363,0.4876886731075101,0.2417487094027243,0.065887658658532,-0.987045547451313,0.000983331410127,0.0004125179452084,2.3837300208359697,True,A,N_6,train
13,6,244,2022-07-12 00:00:50.876,False,0,-0.056371375,0.0554596605007583,0.0790791114154047,0.153169,0.232981,0.2353401524859304,0.5248315793833768,1.9369084611408824,-0.0242495625,0.0427369454701794,0.0491374377594365,0.101502,0.1471839999999999,-0.8859083793014904,-0.2245653425204859,2.0656754732903666,-0.0745059375000001,82.86919077418045,82.86922426753034,110.864652,220.537211,-1.6131011508093511,0.0231187111802914,1.3378265934056628,0.2454988245126145,0.3734648377928435,0.5120242923637426,-0.9526895048723228,0.0009542639274637,0.0005929515835794,1.609345440487851,True,A,N_6,train
14,7,262,2022-07-12 00:00:55.468,False,0,-0.0012165,0.0668478085289637,0.0668588765787685,0.162646,0.254665,0.1112588403225425,-0.8083752968137922,2.432676232727029,-0.005884375,0.1776831162121471,0.1777805266501368,0.277589,0.540109,-1.4665359455130096,0.0609817683901992,1.5614139817814876,9.909273249999998,172.42839680863736,172.71289969871987,252.723724,501.871169,-1.4216892337100824,-0.0658662216974025,1.4632591105867072,0.5883202264674452,0.1611664873611737,0.1188973157003741,-0.9985298052177238,0.0003871099188039,0.0010293413344356,0.376075365725198,True,A,N_7,train
15,7,278,2022-07-12 00:00:57.068,False,0,-0.00906775,0.0964132013519803,0.0968386776293439,0.216983,0.399272,-0.018922984605715,0.0670303060417451,2.240664632271373,-0.0137073125,0.1757705062370813,0.1763041726074924,0.283731,0.531571,-1.3152173183790072,0.3185882618669005,1.6093266302418878,10.877849,172.1784726873826,172.52174951531924,256.300003,506.639541,-1.436656959052892,-0.0497086432117641,1.4856098069956194,0.256099726542796,-0.0756369632509913,0.0322330143118341,-0.9989962793492978,0.0005613128657772,0.0010219243260794,0.5492704806535507,True,A,N_7,train
16,8,303,2022-07-12 00:01:03.576,False,0,-0.0202213125,0.0607464599017082,0.0640236977205511,0.13739,0.214066,-0.9169674903991925,-0.3700594914987668,2.1459241638881306,-0.0116936249999999,0.1029172255491488,0.1035794196757975,0.180572,0.284468,-0.8915351504891884,0.9013151091460953,1.7433192864488751,-4.023314062500001,128.5229407491334,128.58589874030028,191.926979,374.317214,-1.4035088690202897,0.1079655116890473,1.4925974067158572,0.2912573769470102,0.0111040990103919,-0.0776355872397459,-0.9926813051386196,0.0004979060561676,0.0008055270499371,0.6181121493144541,True,A,N_8,train
17,10,342,2022-07-12 00:01:21.222,False,0,-0.0067816874999999,0.066468098944831,0.0668131683329529,0.164773,0.282526,0.2404374454902345,-0.399983269893101,2.4661755176596287,0.002312,0.1206886762635583,0.1207108194084109,0.216096,0.350282,-1.2042131607568982,0.5349051709030384,1.790195784098395,-8.7916860625,151.30360855662397,151.55881929494453,233.650235,464.916284,-1.3924940371088763,0.0648322751445076,1.541647236940396,0.4443773426113213,0.0048489650995736,0.0450858609189131,-0.9988898389285594,0.0004408398577118,0.0007964618619355,0.5534977615129788,True,A,N_10,train
18,10,358,2022-07-12 00:01:22.822,False,0,0.0096365,0.0627207260520794,0.063456690811529,0.11332,0.222774,-0.8187902271537393,-0.2603225315854092,1.7857848959784006,0.012608,0.1162782243640226,0.1169597671220749,0.208353,0.330936,-1.4410525710316051,0.4431981824150297,1.78140744571195,-6.854534999999997,150.64449341354447,150.8003582419142,225.305584,447.034889,-1.3817667174298822,0.0966485801958594,1.494065310100685,0.4183830396840035,-0.1278978480889011,0.0689937274105232,-0.9967059736593412,0.0004207993372915,0.0007755934301856,0.5425514463045841,True,A,N_10,train
19,10,374,2022-07-12 00:01:24.422,False,0,-0.0067576875,0.0833507321306468,0.0836242242837713,0.184255,0.366143,0.443372872126087,0.0438020234345822,2.203368719747367,0.0010923124999999,0.132386741745406,0.1323912479605903,0.222806,0.380618,-1.3075818735652909,0.4706092849790914,1.682936020561752,-4.619360499999999,148.28319371457974,148.35512808671135,222.921398,436.306051,-1.40843697021469,0.094300304553627,1.502620104036483,0.493557375767585,-0.0149346921751996,0.0171782258026959,-0.9936882604181227,0.0005636759939629,0.0008923941468555,0.6316446560626447,True,A,N_10,train
20,11,392,2022-07-12 00:01:27.857,False,0,-0.0223164375,0.0374576008507765,0.043601550937868,0.106267,0.144879,-0.0062402527096816,-0.6965578695869712,2.437229816696885,-0.01088825,0.0500832262844807,0.0512531320323451,0.111375,0.21721,0.1327928531041964,0.2334423141616528,2.1730379312178005,5.4389245625,80.36021159586976,80.54405942171977,110.864652,219.345118,-1.5311912186118448,-0.061609671462216,1.37644728606892,0.3133623891370172,0.2880458043355179,0.014007276285191,-0.9975852373669916,0.0005413378870013,0.0006363365889467,0.8507099802281687,True,A,N_11,train
21,11,408,2022-07-12 00:01:29.457,False,0,0.0381048749999999,0.0397659464159898,0.0550755117372957,0.105426,0.140622,-0.7676235874921962,0.0225098150937743,1.9142082692371645,0.012635875,0.0483691443754112,0.0499923940677479,0.102645,0.194232,-0.4346803716144967,-0.0406869969806928,2.053212331877907,5.364418562500001,80.34919291417316,80.52806832696727,112.056745,221.729304,-1.527022271100139,-0.067791308010103,1.3915240651870249,-0.0812424310215638,-0.0867712837766656,-0.2440412025448478,-0.9972591415638676,0.0006839293786816,0.0006208070689683,1.1016778204832385,True,A,N_11,train
22,11,424,2022-07-12 00:01:31.057,False,0,-0.0110129374999999,0.0294380451912757,0.0314306108286571,0.061661,0.114305,-0.2249470917764551,0.0751052807236179,1.9618136070006,0.0011099999999999,0.0473431371716112,0.0473561478295057,0.080256,0.158094,-1.3243506453386225,0.043398664187768,1.6947324408425737,5.289912750000001,80.50266221802362,80.67627780885667,110.864652,220.537211,-1.527985373346744,-0.0771522498148844,1.3741914601299223,-0.1906195053556815,-0.4415427928646006,0.0437104200690446,-0.997173014162476,0.0003895892532762,0.0005869897461271,0.6637070849135662,True,A,N_11,train
23,12,442,2022-07-12 00:01:35.646,False,0,-0.013710125,0.0652233699316002,0.0666487472706726,0.162992,0.249386,-0.2527967409907536,-0.3619091494820398,2.4455373382797405,-0.0105968125,0.1372416069215248,0.1376501039068351,0.250263,0.487793,-1.024497554186958,0.2424256396796236,1.8181097790480711,0.0745058750000002,135.11828251327728,135.1183030550015,195.503258,386.238144,-1.4830222678915104,-0.0208426381713941,1.4469043318314774,0.1597044672843,0.0542098820877318,-0.1561332272321531,-0.9686700770722348,0.0004932621692528,0.0010187376602176,0.4841895892485643,True,A,N_12,train
24,12,458,2022-07-12 00:01:37.246,False,0,0.0339758125,0.0673295078310939,0.0754163010218116,0.136689,0.238339,-0.7485390223249757,-0.4725748770265405,1.812459616130833,0.0361688749999999,0.1211040513535132,0.1263897890377225,0.246006,0.363736,-1.3088832407157498,0.4943099793733274,1.9464072364783884,2.6822094375,138.48464561781017,138.51061807441727,202.655816,400.54326,-1.4628947342327732,-0.0502027974304287,1.4631067193066714,0.396264463861488,-0.0856652799141962,-0.0772655818617691,-0.9810887220108452,0.0005444802865675,0.0009124916977109,0.596696153985214,True,A,N_12,train
25,13,482,2022-07-12 00:01:43.757,False,0,-0.0012241875,0.0754370470137341,0.0754469793774906,0.180397,0.337113,0.7475906466214575,0.1825025975089046,2.3910433722919966,-0.0044865624999999,0.1646399943361153,0.1647011140765674,0.277204,0.493005,-1.346426429612816,0.2130769429181863,1.6830730110977352,0.0745058124999982,172.17568373014308,172.175699850642,250.339538,493.526517,-1.5087764243678763,-0.0024029233944713,1.4539771769022176,0.2749844406178561,-0.1747073057591812,-0.0039142217222811,-0.9495629510808332,0.0004381976053702,0.0009565874523492,0.4580842078725485,True,A,N_13,train
26,15,521,2022-07-12 00:02:01.294,False,0,0.0211644375,0.074912936975172,0.0778452409652478,0.157612,0.229563,-0.8720637052885492,0.7427028606628931,2.024683821973936,0.009742375,0.1935815130128891,0.1938265101863003,0.314745,0.61764,-1.2558027895117971,-0.1302525840079693,1.6238490787327096,-5.215407000000001,181.2995170396249,181.37451681252492,259.876282,518.560471,-1.4479570881248436,0.0848213460601361,1.4328158473806838,0.4840422034054875,0.0190988530914539,0.025871078006338,-0.99182525546809,0.0004291961314814,0.0010686534888837,0.4016232913156475,True,A,N_15,train
27,15,537,2022-07-12 00:02:02.894,False,0,-0.02296625,0.0920458820456542,0.0948677660779729,0.170747,0.296911,-1.1260803086799414,-0.2103974159996819,1.799842107166948,-0.003475625,0.1866293614211985,0.186661722143628,0.29549,0.53844,-1.3362607234483237,0.3526669612999281,1.5830240748161175,-2.7567151874999998,181.98449056802812,182.00536883820135,258.684189,514.984192,-1.4878134348556469,0.0549021453356664,1.421299770722502,0.4772956675237717,0.071668303407848,0.0121991801991697,-0.979734901858132,0.0005212360859657,0.0010255836041274,0.5082336377726998,True,A,N_15,train
28,15,553,2022-07-12 00:02:04.494,False,0,-0.0077372499999999,0.0602471419078324,0.0607419389353435,0.141909,0.241779,-0.3250671133561802,-0.5073935664687753,2.336260621364992,-0.0229819999999999,0.1790752748060854,0.1805439735102642,0.285377,0.534409,-1.3938286224629914,0.0552078603457641,1.5806509320222522,-0.8940697499999981,181.026255399341,181.0284632443896,261.068375,518.560471,-1.5131394051949816,0.0113076722002456,1.442139928280538,0.4358119853524027,0.072871184600494,-0.0295697727147825,-0.959472405360998,0.0003355380576442,0.0009973236820031,0.3364384739870047,True,A,N_15,train
29,16,571,2022-07-12 00:02:07.924,False,0,-0.0082876874999999,0.0867148174980195,0.08710996118592,0.159153,0.289701,-1.1253340058268533,-0.1529594134014261,1.8270355976891943,0.0066059374999999,0.1232752023368187,0.1234520713533697,0.248462,0.387827,-0.8800794405309889,0.7057323072830599,2.012619126404135,7.74860475,110.092873728251,110.36521970854922,166.893025,325.441399,-1.4213166253217315,-0.0356520687411628,1.5121885811556262,0.230487226104479,0.0387803978644572,-0.0941433830079352,-0.9994345165224844,0.0007892881599471,0.0011185776794481,0.7056176557505959,True,A,N_16,train
30,16,587,2022-07-12 00:02:09.524,False,0,0.00299975,0.0893320841834696,0.0893824354368631,0.195443,0.353938,-0.2274420001442014,0.0410863221553909,2.186592914421701,-0.0067549375,0.1229507372387762,0.1231361562181778,0.231909,0.401758,-1.0092133034883617,0.6560506050187104,1.8833542244821564,6.8545349375,110.31813109857865,110.53087667386244,169.277211,336.170236,-1.3708377120564177,-0.0706783821227988,1.5314925213112824,0.2535786919633273,0.0015933587345202,0.0673398398029432,-0.998599035205489,0.000808664855709,0.0011140430613023,0.7258829427685847,True,A,N_16,train
31,16,603,2022-07-12 00:02:11.124,False,0,0.006588125,0.0994776796685285,0.0996955974115707,0.1809,0.327304,-1.0506411779268063,-0.0069868451709581,1.814523456368842,-0.00872175,0.1088898459869537,0.109238580557077,0.247089,0.3769059999999999,-0.2525321774712266,0.9428478817417942,2.2619206395756524,5.289912874999999,111.50369580025412,111.62910621939378,165.700932,327.825585,-1.3944671327949705,-0.0905592064439039,1.484388235397446,0.303594597300772,-0.0272873015816144,0.0773142665287223,-0.9955558381258476,0.0008930967987473,0.0009785851043399,0.91264090857973,True,A,N_16,train
32,17,621,2022-07-12 00:02:15.921,False,0,-0.0275736875,0.0386465165938644,0.0474748511023204,0.090303,0.146219,-0.3712698346318719,0.4537834128680403,1.902122869335048,-0.0175995625,0.0552389270329003,0.0579748536862103,0.111436,0.1717179999999999,-1.2809218629959718,-0.1889169411553348,1.9221437039435885,-3.948808312499999,80.45934633999654,80.55618846835036,112.056745,221.729304,-1.5225922061718404,0.0771080706435975,1.3910383190985491,-0.3002663757680311,-0.3600428775024321,0.4182329590786372,-0.9981003568790808,0.0005893383488591,0.0007196821844294,0.8188869498365398,True,A,N_17,train
33,17,637,2022-07-12 00:02:17.521,False,0,0.001182125,0.0550357542340374,0.0550484483307658,0.124012,0.192154,-0.7438448801029738,0.3807100222476055,2.252779211048012,-0.0034484375,0.0542084341027398,0.0543180085152475,0.101415,0.185672,-0.7038818603143979,0.4313343395300101,1.867060350188133,-3.4272674374999994,81.41750520359307,81.48960863610311,110.864652,220.537211,-1.5214955804382897,0.0888791086311512,1.360475941111375,0.069926714398701,-0.1639702709283349,0.1084161535086156,-0.9979073679859128,0.0006755272144769,0.0006665636198819,1.013447470470375,True,A,N_17,train
34,18,657,2022-07-12 00:02:23.876,False,0,0.0005614374999999,0.0893970236361149,0.0893987866084462,0.178554,0.326611,-0.5950770453465197,-0.2062519383619476,1.997275430393041,0.000774375,0.0956582005409592,0.09566133486093,0.172077,0.281675,-1.1404225101792878,0.5669316378524547,1.7988145393346326,-4.9918896875000005,101.2053101981126,101.32834635455356,150.203723,296.831166,-1.411015848243943,0.0702676519463377,1.4823465338556772,0.033546112765094,0.1600540718427607,0.0086635040868335,-0.9973117974131662,0.0008822682874507,0.0009440727920912,0.934534174527376,True,A,N_18,train
35,18,673,2022-07-12 00:02:25.476,False,0,-0.0009833749999999,0.0849553292735916,0.0849610204645342,0.123159,0.242392,-1.4373161525487796,0.3303864858463962,1.4495941706751394,0.003841875,0.0832033228932857,0.0832919740671332,0.144284,0.2452869999999999,-1.3416589609151477,0.5070153729799118,1.7322677438729837,-5.662441812500001,99.4554118219712,99.61647548451931,149.01163,295.639073,-1.419237167399603,0.0652094850023004,1.495853263982993,0.0834616086040167,-0.0868348376918495,0.0058870926204226,-0.9974632879983648,0.0008528812131858,0.0008361264907437,1.0200385021017233,True,A,N_18,train
36,19,693,2022-07-12 00:02:31.936,False,0,0.0291919375,0.0754001288829044,0.0808538722051238,0.130009,0.253564,-0.9855143317190236,-0.4517690856521371,1.6079502002102146,-0.0010913125,0.0372237323285138,0.0372397262535252,0.093897,0.152304,0.394022719090862,-0.6116033617681007,2.521420253219807,-2.011657000000001,83.84969910784206,83.87382669439434,112.056745,221.729304,-1.5439542927564065,0.0842284694521801,1.3360156489377069,0.5996933792463283,0.1599799529243236,0.0798389986853715,-0.9885898369743882,0.0009639940776724,0.0004439969859633,2.17117257132012,True,A,N_19,train
37,20,716,2022-07-12 00:02:40.000,False,0,0.0137845,0.0679510131721742,0.069335075044129,0.125539,0.247206,-0.8449483247014267,-0.1067484599492938,1.8106131697427237,-0.003615875,0.0576509760421224,0.0577642587646115,0.140751,0.232867,0.4541421284465983,0.7386181665823709,2.4366451333437547,-4.246831374999999,81.28878023164886,81.39963985348454,113.248838,225.305583,-1.4875497641918916,0.0608118766565829,1.391269521632313,0.0505316550487744,0.3978888757735895,-0.1925812026640307,-0.9975126785529002,0.0008517860173451,0.0007096377682823,1.2003109972668111,True,A,N_20,train
38,22,749,2022-07-12 00:02:57.334,False,0,0.0034201875,0.0852549703801915,0.0853235469085908,0.153516,0.271173,-1.2280268511215258,0.2337602828622625,1.7992219681685926,0.0038426874999999,0.0821584264019208,0.0822482417809797,0.148396,0.239157,-1.202537705591786,0.5930944322251761,1.8042452554203685,-5.662441812500001,99.98180660359212,100.14202364141664,149.01163,295.639073,-1.398133319069613,0.0790128764756882,1.4880029839777666,0.4402496009219488,-0.056113119284063,0.0512322713987624,-0.9962138981555596,0.0008520253915989,0.0008213159549829,1.0373905272747397,True,A,N_22,train
39,22,765,2022-07-12 00:02:58.934,False,0,-0.0114753125,0.0678884528341517,0.0688514693030402,0.14596,0.242278,-0.8527246294338626,-0.3263570951282772,2.1199257107728102,0.0008135,0.0807189001558804,0.080722999353499,0.168196,0.261136,-0.7704423531508278,0.6956403026506517,2.0836193073481164,-5.811453499999999,97.63696355366685,97.8097625176686,143.051164,284.910235,-1.4120888966851417,0.0759344461750549,1.4625448453998535,0.564461558246699,-0.1668476955622767,0.0098636617534261,-0.996452658581478,0.0007039324861933,0.0008253061583593,0.8529349733590624,True,A,N_22,train
40,22,781,2022-07-12 00:03:00.534,False,0,0.0013241875,0.0866046766471207,0.0866147994841961,0.179299,0.3273709999999999,-0.8371062731936671,0.2921259602350049,2.0700734870686297,-0.0004375,0.0651261269422648,0.065127596430008,0.13643,0.218551,-0.3207824070079117,0.8982173460665595,2.094810917006892,-5.811453625,95.16408124816849,95.34136223614352,140.666978,276.565584,-1.426071819451277,0.0615240377229657,1.4754034838687644,0.473146660570226,0.0598787497817062,0.0735781084657345,-0.9979739326394136,0.0009084703370365,0.0006830990758103,1.3299247052250744,True,A,N_22,train
41,23,799,2022-07-12 00:03:04.000,False,0,0.0092168125,0.0537811479112555,0.0545652041443308,0.084485,0.155586,-1.543338521889609,-0.1571925374941839,1.5483310531841514,-0.0026255,0.0309573682525663,0.0310685033333599,0.067438,0.125692,-0.0279457024192093,-0.2282504577328404,2.1706227453701663,-3.427267500000001,80.46834950630907,80.54130266382626,110.864652,219.345118,-1.5250067328249313,0.0633413631065037,1.3764943989389056,0.0404858597983744,0.0780362579908086,0.1709030102988891,-0.9975225884721016,0.0006774810232717,0.0003857462234381,1.7562868593589818,True,A,N_23,train
42,23,815,2022-07-12 00:03:05.600,False,0,0.0163316875,0.065899322661275,0.0678928917031267,0.161971,0.259684,0.1126067517395164,0.320408118897482,2.3856842143098835,0.011933625,0.0344481712211893,0.0364566579121701,0.096299,0.13885,0.3089046547964553,0.609828201275131,2.641465386980876,-3.7997965,80.76729286861185,80.8566265111619,110.864652,221.729304,-1.5208768033299445,0.0628302639160929,1.3711263601220811,0.3157725802634225,-0.0307542486960733,-0.1877328423426396,-0.9984939100597716,0.0008396701004308,0.0004508802739517,1.8622906100359349,True,A,N_23,train
43,23,831,2022-07-12 00:03:07.200,False,0,-0.0104065625,0.0583947798223102,0.0593148114180809,0.118194,0.225431,-0.580650048624618,0.1493154612652351,1.9926557494536847,-0.0085263125,0.0403942359868935,0.0412842864273139,0.110455,0.193255,1.4336221391376522,-0.0956262323365745,2.675473153556125,-3.1292441874999986,81.6408322094322,81.70078122658109,110.864652,221.729304,-1.5118628974143886,0.0641750804097634,1.3569595092675877,0.1870335333371059,0.1320747572150835,0.0917680254530237,-0.9987787908295122,0.0007260005415809,0.0005053107914943,1.4367406233970372,True,A,N_23,train
44,24,849,2022-07-12 00:03:12.129,False,0,-0.0067226874999999,0.0692629182984289,0.0695884069255612,0.149772,0.278155,0.0380473384962205,0.2606958673298593,2.152255046738046,-0.0055023749999999,0.1884936967065726,0.1885739903293929,0.303483,0.573124,-1.437240347140846,0.1519678317192013,1.6093576822015,-3.7252906875,169.15432369650895,169.19533981741253,243.186979,482.797679,-1.4711297336031088,0.059067352986696,1.4373148767716395,0.4485568249238116,-0.0415602429287541,-0.0222091789287988,-0.9858757248697576,0.0004112903286855,0.0011145341859468,0.36902441743958,True,A,N_24,train
45,24,865,2022-07-12 00:03:13.729,False,0,0.0117241875,0.0707104653288842,0.0716758430683762,0.129814,0.21158,-1.2282281718263572,0.3153919573503785,1.811126237833882,-0.00962275,0.1778282347999397,0.1780884005476634,0.276735,0.551065,-1.3436243189220152,0.1918656953338072,1.5539192847427192,-1.7136337500000014,172.85809859560925,172.86659246574655,247.955351,493.526516,-1.5012256272599869,0.0257890901279706,1.434374030651019,0.4178992466378552,-0.1590363160224547,-0.0257314362962575,-0.9673642384263408,0.0004146309708891,0.0010302071557461,0.4024733943814212,True,A,N_24,train
46,25,885,2022-07-12 00:03:20.215,False,0,0.0132838125,0.0641908051848342,0.0655508897331874,0.132991,0.21569,-1.18572441761799,0.1927292464996485,2.028820669579236,0.004007375,0.0349840384869925,0.0352128102151759,0.101198,0.145469,1.3580780341772902,1.2095655293611092,2.8738972942405447,2.3096801875000006,86.40564308276323,86.43650721260317,115.633024,228.881862,-1.5523002979148446,-0.0860063077513255,1.3377799234249916,0.2387636237222201,-0.0066102804837239,0.1315494463943392,-0.9769956978499142,0.0007583704136951,0.0004073835390937,1.861563713109624,True,A,N_25,train
47,27,923,2022-07-12 00:03:44.676,False,0,0.0184049999999999,0.0702740047999614,0.0726441998760052,0.158623,0.28029,-0.2662488168457586,-0.0191560044266629,2.183560425618976,0.0180764375,0.0362970769587041,0.0405491724753724,0.08691,0.136421,-0.7600738765802815,-0.1017123310016288,2.143323641260124,-1.1920929375,84.83042417124034,84.83879979492988,112.056745,222.921397,-1.5859115665828911,0.0495372607967258,1.3208195456661411,0.5709075274483798,0.2914109470709566,0.0669209189221939,-0.9825277509036556,0.000856261522459,0.0004779555176804,1.7915088136539847,True,A,N_27,train
48,27,939,2022-07-12 00:03:46.276,False,0,-0.0153183125,0.0573562797572318,0.0593666027783087,0.109509,0.217779,-0.6368623493108618,0.4157646736287436,1.844622984558114,-0.005583625,0.0280362243621421,0.02858682816657,0.052156,0.086591,-1.153488867099798,-0.1560656317958815,1.8244766329477664,0.1490116249999991,85.3001450916718,85.30027524647646,113.248838,224.11349,-1.6080927661736069,0.0161396847258125,1.3276491508704484,0.2499054798048905,-0.145184784764257,0.0492686791791221,-0.9562966127538696,0.0006959719954802,0.0003351317224237,2.076711779019026,True,A,N_27,train
49,27,955,2022-07-12 00:03:47.876,False,0,-0.002622625,0.076454160888956,0.0764991299239736,0.141809,0.26737,-0.8823002692419428,0.1661626246863612,1.8537335018180283,-0.0130150625,0.0453794779546172,0.0472089914244363,0.127565,0.203474,1.0657550834227525,-0.3926823445490822,2.70213355869259,1.0430813750000003,85.68142763352841,85.687776608303,113.248838,225.305583,-1.6024873476204875,-0.0212740201427954,1.3216451923788906,0.6105746963007073,-0.1428514979470767,0.0332153992165775,-0.9646902437419496,0.0008927659574324,0.0005509419580372,1.6204355910975086,True,A,N_27,train
50,28,973,2022-07-12 00:03:52.544,False,0,0.007770625,0.0571352936282327,0.0576612902290175,0.095285,0.180267,-1.1525178115601298,-0.0284672097625955,1.6524951075764962,-0.0004521874999999,0.0466870149509191,0.0466892047325985,0.075833,0.141859,-1.2274465475659453,-0.1121572388932703,1.6242084317845151,-4.395843062499999,89.2824352989246,89.39058501395314,127.553955,252.723724,-1.445820725482145,0.0707150150349975,1.4269282942950856,0.294659719935526,0.1161466355079023,-0.244519946293456,-0.99697426947095,0.0006450488070977,0.0005223056178154,1.2350026212538665,True,A,N_28,train
51,28,989,2022-07-12 00:03:54.144,False,0,0.0096744375,0.0623854137889706,0.0631310905541992,0.103403,0.191666,-1.3145432030175388,-0.0105875608454416,1.6379092946481988,0.0059419374999999,0.0457398257832667,0.0461241616068791,0.080161,0.155789,-0.7963462696485357,-0.2058235923138586,1.7379394488125404,-4.619360562499999,88.09385572973179,88.21488485135136,125.169769,249.147445,-1.4556074876318266,0.0602425274964245,1.4189189183993198,0.6514563183047215,0.1144180318915059,-0.0183797808079797,-0.9975422315348712,0.0007156512266674,0.0005228614386857,1.3687206087835675,True,A,N_28,train
52,28,1005,2022-07-12 00:03:55.744,False,0,-0.012292625,0.0762450888228833,0.0772296717525071,0.139046,0.257208,-1.2281784261148023,-0.0115860826365494,1.8004219990160202,-0.0002278749999999,0.0453256951627261,0.0453262679800576,0.090626,0.156107,-0.8667820253928551,-0.405679778240437,1.9994145566953143,-4.842877937500001,86.89968712947937,87.0345281478502,122.785583,244.379073,-1.4667293835702568,0.0646533779471867,1.4107686410549338,0.4073737307763409,0.0142031241570729,0.1641991405744851,-0.9972620668396898,0.0008873452111018,0.0005207848993339,1.703861252960119,True,A,N_28,train
53,29,1023,2022-07-12 00:04:00.140,False,0,-0.0230898124999999,0.0797526325672221,0.0830278377575105,0.181385,0.256969,-1.2365023497503729,-0.4575208164895161,2.1846287329527883,-0.0106523749999999,0.0738055196503579,0.0745702878095559,0.134046,0.250702,-0.9370182795285836,0.4714572574153869,1.7975792227373235,5.438924437499999,95.29660698932662,95.45169041308284,140.666978,278.94977,-1.400008097360052,-0.0797832696345172,1.4736981334876376,0.2095475291473923,-0.1116168678864592,0.0176185226440726,-0.998077202890886,0.0008698414600956,0.0007812359056905,1.1134171557652333,True,A,N_29,train
54,29,1039,2022-07-12 00:04:01.740,False,0,0.0427038125,0.0838813097747486,0.094125924864314,0.174676,0.247695,-1.4730677196221358,0.0269638247180934,1.8557692819677656,0.022372875,0.0682232265589174,0.0717980095676405,0.125872,0.209536,-1.1752264837974218,0.3108360340286294,1.753140522390341,4.097819812499999,97.83061746161084,97.9164023038824,145.43535,286.102328,-1.4422869847557191,-0.0518800799687401,1.485301201617305,0.2280093545635495,0.0975012225596335,0.2234870325215696,-0.9943649865458676,0.0009612886365268,0.0007332582476306,1.3109823716719966,True,A,N_29,train
55,30,1065,2022-07-12 00:04:08.213,False,0,0.0036879375,0.0663684441154724,0.0664708301235399,0.153022,0.235728,-0.3078600844470198,-0.7755444567288694,2.302092507579636,0.0087229375,0.1861973122995028,0.1864015256004829,0.287675,0.568253,-1.306135114107467,-0.0552715517091252,1.54330818416464,-7.9721221249999985,174.91843933549666,175.1000147079998,256.300003,507.831634,-1.408085588178008,0.0767282968396495,1.463734902749214,0.4367506180258795,0.0325998272879577,0.076564968954643,-0.997415479397304,0.0003796163594525,0.0010645431750038,0.356600247285571,True,A,N_30,train
56,33,1107,2022-07-12 00:04:25.827,False,0,-0.013744375,0.0569734270272938,0.0586078427462997,0.096655,0.179564,-0.9603087021918082,0.5400194579226605,1.6491820116703133,-0.0024584999999999,0.1314887369016829,0.1315117186955215,0.226374,0.413259,-1.403236544452485,0.1747545086932739,1.7213218886151531,-0.7450583124999999,138.78791508209903,138.78991492440997,201.463723,400.54326,-1.488253231152202,0.0156026062223039,1.4515732148818197,0.1625271183124425,0.3087060158392454,0.0132011027933372,-0.9675444253647724,0.0004222773879371,0.0009475596174775,0.445647302975256,True,A,N_33,train
57,33,1123,2022-07-12 00:04:27.427,False,0,-0.018590125,0.0883705027185789,0.0903046980962231,0.220326,0.373579,1.1806237315274046,1.1343429323128906,2.4398066174279687,-0.0088348749999999,0.1205495514621865,0.1208728645064722,0.209796,0.385568,-1.2308468014448453,0.0188892139315905,1.735674924695495,0.7450581874999997,142.03169133559965,142.03364550469658,203.847909,405.311632,-1.490661712010966,-0.0217404550257229,1.4352085963551462,0.5431934046030207,-0.1829330875168612,-0.1918774562293294,-0.9626792413583912,0.0006357979320698,0.0008510157158676,0.7471048068972308,True,A,N_33,train
58,33,1139,2022-07-12 00:04:29.027,False,0,0.0293183125,0.0908427189850119,0.0954566029169145,0.218614,0.402643,1.4020421114281456,-0.8374415474563749,2.2901925411098243,0.0035586874999999,0.1753059159229655,0.1753420326513654,0.285081,0.536646,-1.4322590756232727,-0.0867039432609067,1.6258565940479874,2.160668812499999,144.7854649243121,144.80158612068624,209.808374,418.424655,-1.4723594651493928,-0.0503444601502977,1.4489369876455167,0.1468860868734557,-0.0941199466796792,-0.0354153638900024,-0.9798721177330276,0.0006592234620783,0.0012109123756781,0.5444022832033207,True,A,N_33,train
59,34,1157,2022-07-12 00:04:32.537,False,0,-0.0074076875,0.058572777713626,0.0590393438580367,0.167495,0.259513,1.2605029403909267,-0.9275672172022946,2.837006461364996,0.004283875,0.1315307313448434,0.1316004744411091,0.25968,0.442732,-1.1357735553316797,0.4704630141225058,1.9732451657399324,-8.791686062500002,156.09073099556272,156.338127296417,238.418607,472.068842,-1.41248809745022,0.0639650330993483,1.525018951697934,0.3340161201415331,-0.0914303034471882,0.0497189438069542,-0.998028958679179,0.0003776388068541,0.0008417682667491,0.4486256155896816,True,A,N_34,train
60,34,1173,2022-07-12 00:04:34.137,False,0,-0.0082335,0.0910202000210667,0.0913918340669723,0.163612,0.271604,-1.490032364599104,-0.3148878068606435,1.7902255893026993,0.0038970625,0.1390255867868702,0.1390801958495978,0.244796,0.400657,-1.21650270695112,0.5844455490215273,1.760106811071246,-9.4622385625,153.05371395179313,153.3459269529223,230.073956,447.034889,-1.446700217208831,0.0411781062670616,1.50035909379343,0.4539299480531708,-0.0495423020611501,0.0992320349132174,-0.999136244782719,0.0005959847508374,0.0009069702639855,0.6571160869359429,True,A,N_34,train
61,34,1189,2022-07-12 00:04:35.737,False,0,0.0139955625,0.0716886824688604,0.0730420629761543,0.152327,0.28113,-0.4862387720427072,-0.0659721871368425,2.0854695745618432,-0.002171875,0.1381672209339443,0.1381842899233664,0.242763,0.401576,-1.1355581696307964,0.5321950642149609,1.7568060749498389,-8.791686249999998,152.76759172226957,153.02036082737644,233.650235,467.30047,-1.4194454079897272,0.0613980069511321,1.526922520223193,0.1310691512998592,0.0702533522042933,-0.0583114116164242,-0.9987780608321336,0.0004773355818873,0.0009030451188077,0.5285844216926661,True,A,N_34,train
62,35,1207,2022-07-12 00:04:40.416,False,0,-0.0228108125,0.026316978669242,0.0348269512473816,0.069667,0.120447,1.699374195942859,0.9722637466176968,2.000376073838437,-0.0161003125,0.0407735624389731,0.0438372382405929,0.07716,0.138033,-1.016681073716868,0.1354820191943379,1.7601473791875537,5.215407125000001,80.40209646329396,80.5710716521279,109.672559,216.960932,-1.5344201967619024,-0.0580923774033569,1.3611902727758187,0.4471814711011492,-0.2586970243252743,-0.318202691473131,-0.9977729196228228,0.0004322513097225,0.0005440816082211,0.7944604323894706,True,A,N_35,train
63,35,1223,2022-07-12 00:04:42.016,False,0,0.0294114375,0.0356857324745631,0.0462439634770042,0.093207,0.1185509999999999,-0.681151641554258,0.4303510119838451,2.0155495548375546,0.0124688124999999,0.0355851953402302,0.0377064638034714,0.080492,0.133628,-0.7194448138161782,-0.1474008488239021,2.134700310788347,5.140901250000001,80.50790271873213,80.6718740691642,110.864652,220.537211,-1.5271013688221946,-0.0696150189815838,1.3742664748924756,-0.2879066455477773,0.2013574872425035,0.1494411023334198,-0.9971443773138876,0.0005732352695483,0.0004674053285429,1.226420056731674,True,A,N_35,train
64,36,1245,2022-07-12 00:04:48.455,False,0,-0.001759625,0.0868745433555444,0.0868923619392118,0.17698,0.309342,-0.9085342561756252,-0.3859456868375474,2.0367728077619938,0.0010418124999999,0.135221467544552,0.1352254808022049,0.251531,0.4019399999999999,-1.19783027053487,0.530844643233483,1.86008582485956,-3.799796437500001,148.01361614430496,148.06238218089052,220.537212,435.113958,-1.4462911630593651,0.0715048429438844,1.4894884760841256,0.5313444921887539,-0.0579056529382006,0.0226411735351878,-0.989165130624478,0.0005868631900914,0.0009133007237246,0.6425738804827015,True,A,N_36,train
65,36,1261,2022-07-12 00:04:50.055,False,0,0.005432875,0.0589348958850728,0.0591847791560465,0.119068,0.23046,-0.606859917213705,0.1280878651198732,2.0118010356356217,0.0092027499999999,0.1180622506103771,0.1184203767379162,0.189985,0.334842,-1.408818165815671,0.181033646958857,1.6043269345483344,-5.140901250000001,146.09750581113593,146.18792723715987,215.76884,430.345586,-1.4092077561475955,0.0898442840546171,1.4759689399656062,-0.1224693882079039,0.0168488176220741,0.067656668782661,-0.9947551515011632,0.0004048540825127,0.0008100557889832,0.4997854320885349,True,A,N_36,train
66,37,1282,2022-07-12 00:04:56.641,False,0,-0.031924,0.0500873305113179,0.0593959801143983,0.120549,0.205687,-0.0044132387333357,0.42813655328178,2.029581796071372,-0.0098635,0.0430925369727752,0.0442069607075627,0.085625,0.159173,-0.6893029983655659,0.2182801259959012,1.9369121656298705,4.917383687500001,80.31478007458915,80.46517607486928,110.864652,216.960932,-1.5445259822660615,-0.0498353312986941,1.3777966743880032,0.0239798191460422,0.0675881469258643,-0.166288437482842,-0.9982047572080304,0.0007381575858248,0.0005493924560163,1.343588863919275,True,A,N_37,train
67,41,1331,2022-07-12 00:05:22.496,False,0,-0.0017267499999999,0.0692263002356221,0.0692478325283542,0.109713,0.218187,-1.4119910142065712,0.0610987916809086,1.5843528381206275,0.0044571874999999,0.0597366743856095,0.0599027277097003,0.134332,0.23038,-0.5561320760684278,0.2831543111067266,2.242502222119127,4.470348937499998,91.58046729683764,91.6895087233548,127.553955,253.915817,-1.4646836311026978,-0.0825767374626884,1.391151035445672,0.3742125234188512,0.05183205230093,-0.0858071421171021,-0.9925243324730716,0.0007552427043456,0.0006533215036677,1.1560046624911982,True,A,N_41,train
68,41,1347,2022-07-12 00:05:24.096,False,0,0.0054499375,0.0493188124634869,0.0496190193530918,0.097529,0.189475,-0.5753187337216987,-0.0915863076414059,1.9655567818859536,-0.0006299999999999,0.0446282703409509,0.044632716852383,0.069584,0.139009,-1.0534601124416871,0.0921466561950839,1.5590357232820948,5.960465187499999,89.27674607937543,89.47549684563185,127.553955,249.147445,-1.4602800696364595,-0.0846850804817037,1.4255741459593485,0.5430326200768152,-0.342998841244891,-0.0719082372318052,-0.9952782904448084,0.0005545542757778,0.0004988261415232,1.1117185520478237,True,A,N_41,train
69,41,1363,2022-07-12 00:05:25.696,False,0,-0.0017549999999999,0.0566922173362446,0.0567193752742394,0.10012,0.1911999999999999,-0.9804261556870356,0.3525313924593698,1.765181642356208,-0.0041381249999999,0.0648013870587225,0.0649333800386981,0.164861,0.243562,0.3863090331860022,0.8760145242418154,2.538925278520052,6.332994250000002,86.68709135759835,86.91811447685191,122.785583,241.994887,-1.4818061090305283,-0.0701363313463608,1.4126581523199095,0.5450023740125424,0.0832087451818734,0.143569861474378,-0.996969500873673,0.0006525610411089,0.000747063836227,0.8735010443078205,True,A,N_41,train
70,42,1381,2022-07-12 00:05:29.007,False,0,0.0388185625,0.0747394782694935,0.0842191807521451,0.151804,0.238543,-1.1928516397070372,0.0522260780573678,1.8024872558040568,0.0351470625,0.0443841211857753,0.0566150705714697,0.130322,0.1879529999999999,-0.0441475150896151,-0.0476460271196618,2.301895920724572,0.9685756250000006,83.61049696182553,83.6161069468364,110.864652,220.537211,-1.6207824944493463,-0.0174895093781281,1.3258767484892402,0.4195487599841513,-0.1259874496056213,-0.2788025958279199,-0.9459934207791588,0.0010072124119063,0.0006770833113226,1.487575302866196,True,A,N_42,train
71,42,1397,2022-07-12 00:05:30.607,False,0,-0.021620625,0.0545141301795633,0.0586450493616042,0.135808,0.202803,-0.6534719342353572,-0.1645290001642177,2.3157623956049638,-0.0125046875,0.0464093216292787,0.0480644602961741,0.116418,0.164872,-0.4195618575284596,-0.5988318613396457,2.422122276680733,-0.0745056874999998,83.18156294558848,83.18159631293672,110.864652,220.537211,-1.6139006771911122,0.0224312418725716,1.332802650034716,0.5876677814320828,-0.2295566490562011,-0.0070277695107221,-0.954988001608061,0.0007050243318362,0.0005778256540707,1.2201333168048143,True,A,N_42,train
72,42,1413,2022-07-12 00:05:32.207,False,0,-0.016474,0.0523594415089103,0.0548899243133473,0.107573,0.196173,-0.3980468510208328,0.0249382867680197,1.9597950142161509,-0.0165529375,0.0483089242822544,0.0510661522457635,0.10796,0.18289,-0.7189807472799741,-0.0468730432653638,2.114120513337803,-1.34110475,82.89320195160714,82.90404991157186,110.864652,219.345118,-1.5873941085098573,0.0573682197128174,1.3372646103326895,0.6070410502074478,0.3972623250350914,0.0194466403261144,-0.9841229779177604,0.0006620897817645,0.0006159669195923,1.0748787973916918,True,A,N_42,train
73,43,1431,2022-07-12 00:05:36.499,False,0,0.0083978125,0.0584232341295168,0.0590237032126712,0.12454,0.216212,-0.0706372905198415,-0.7061804923519222,2.1099997665558816,0.0019378125,0.1864846813173332,0.1864947492111038,0.283382,0.541858,-1.5530034414552651,0.017221803409868,1.5195173118746854,4.0978198125,171.06273832386873,171.11181306407838,244.379072,486.373958,-1.4783562179964864,-0.0636895664783467,1.42818352294873,0.5909352849706597,-0.0718610575437328,0.018160925120314,-0.9852146492563648,0.0003449423050094,0.0010898999073854,0.316489892945238,True,A,N_43,train
74,43,1447,2022-07-12 00:05:38.099,False,0,0.007386625,0.0675400178356089,0.0679427423506366,0.157214,0.24447,-0.4438996912975463,0.4783866927406098,2.313918964127988,-0.0068067499999999,0.172287343143475,0.1724217516817411,0.281736,0.532979,-1.323949577265633,0.2053514644052483,1.633993375267599,6.482006,171.36724490807742,171.4897927842034,249.147445,495.910703,-1.4344663082355131,-0.0838636197159859,1.4528412505198969,0.1333327766919307,0.0777158837770741,0.091299449378936,-0.993380728178792,0.0003961911741075,0.0010054344861137,0.3940497163956813,True,A,N_43,train
75,44,1474,2022-07-12 00:05:44.604,False,0,-0.013322125,0.0782353728452442,0.0793615308493353,0.131395,0.216893,-1.4425376956877236,-0.3719476728274416,1.6556510263070423,0.0005133124999999,0.1092632202285601,0.1092644259786207,0.193803,0.315268,-1.2110343427019394,0.5599754977007961,1.7737062933723775,6.780029125,126.72874049704276,126.90997779096271,187.158607,371.933028,-1.386502065670389,-0.0963795058307598,1.4747351647029252,0.4759428031720689,-0.0196954879580833,-0.0391336980383443,-0.9971998032859906,0.0006253372054012,0.0008609600906131,0.726325426949697,True,A,N_44,train
76,45,1503,2022-07-12 00:05:52.492,False,0,-0.0336589375,0.0496895588824613,0.0600164672032809,0.1126,0.180006,-0.6439070036634131,0.3726920091348384,1.87615175046232,0.0014058124999999,0.0402688672956832,0.0402933987405195,0.090743,0.160285,-0.0511824931242923,0.6176406073260099,2.252056238401844,4.842877874999999,79.39226482321477,79.53983391905989,109.672559,216.960932,-1.5360208880741597,-0.0641007414553798,1.3788381694586302,-0.3179467125890911,0.0739799318236565,-0.0261972416939801,-0.9974884360660063,0.0007545460462534,0.0005065813788537,1.489486344643538,True,A,N_45,train
77,47,1525,2022-07-12 00:06:02.560,False,0,0.0060395625,0.0733483232374544,0.0735965545181124,0.127751,0.232458,-1.2680336379588415,-0.0714427764314503,1.7358285430136524,0.0014075,0.1378401235548815,0.1378473094328467,0.225646,0.404403,-1.4741307285788536,0.2745533906990505,1.6369271255883668,9.313226750000002,147.80104033526962,148.0941717849994,227.68977,450.611168,-1.3846615358193652,-0.0726073570902823,1.5374661085957937,0.392692736498191,0.0307223740332096,-0.0497427302512761,-0.9984272690607378,0.0004969578048281,0.0009308084698496,0.53389910054041,True,A,N_47,train
78,47,1541,2022-07-12 00:06:04.160,False,0,0.00065375,0.0647807669050969,0.0647840655553122,0.163309,0.29951,0.9717611586071588,0.3227090551363425,2.5208204918934527,0.0020085624999999,0.1302191712018476,0.1302346607927878,0.222864,0.414417,-1.157934586579895,0.1878999732763397,1.711249514095113,7.450581562499999,146.95689786210352,147.14564551787524,221.729305,439.882331,-1.3869449662373836,-0.0943388577360114,1.5068696339577672,0.1512735219341503,-0.1777542624098311,-0.0405603598337378,-0.9959829222635006,0.0004402717139695,0.0008850731554741,0.4974410434284321,True,A,N_47,train
79,47,1557,2022-07-12 00:06:05.760,False,0,-0.0059878124999999,0.0895360960815655,0.0897360930733141,0.157012,0.302031,-1.1717552737928776,-0.1878696482827584,1.7497084464299286,0.00753125,0.1370015157783391,0.1372083636376624,0.243107,0.444503,-1.190861147803445,0.2999182747041394,1.7718089011103797,5.438924562499999,144.88097729566655,144.98303170558967,213.384653,426.769306,-1.4152391391299877,-0.0935724047877467,1.4717905294828593,0.4669615408800872,0.0288669161004445,-0.0702570534349679,-0.9931044442992236,0.0006189420376829,0.0009463753242261,0.6540132882153435,True,A,N_47,train
80,48,1575,2022-07-12 00:06:09.177,False,0,0.0011351875,0.0347967397973911,0.0348152517036355,0.079874,0.150862,0.457556031661698,0.420514109336831,2.294224401418277,-0.0004538749999999,0.0492935032419017,0.049295592747983,0.146494,0.2073,2.3907748408166025,1.4077334768270835,2.971746394224945,0.372529000000001,82.95729817218827,82.95813460948355,109.672559,218.153025,-1.6136451182193638,0.0007966906056117,1.3220229639476797,0.3097214126987437,0.6044246668168678,-0.0459397849956973,-0.9458930681488724,0.0004196725476955,0.0005942225314013,0.7062548549040432,True,A,N_48,train
81,48,1591,2022-07-12 00:06:10.777,False,0,0.030161875,0.0372075656803744,0.047897198742463,0.131691,0.161557,1.2436499020939786,0.828447969162225,2.7494509795465354,0.0123740625,0.0542785295714023,0.0556711432897466,0.1192,0.2064929999999999,-0.5345076817733165,0.010764521086262,2.1411451778457367,-0.7450581250000003,82.40531728577038,82.40868539527928,108.480466,216.960932,-1.6018448166912045,0.0464008803952925,1.316371757171778,-0.4435910738425429,-0.2022687872470246,0.048302248382356,-0.9690064449839154,0.0005812154205921,0.0006755494645099,0.8603595312059023,True,A,N_48,train
82,48,1607,2022-07-12 00:06:12.377,False,0,-0.0270286874999999,0.023654926933196,0.0359180388688956,0.069115,0.0961289999999999,0.2609492657969023,0.8043743184570025,1.9242420292565652,-0.0084353125,0.0554845940968287,0.056122140720597,0.121244,0.2143499999999999,0.0479889274336962,0.6898545992850862,2.160359502386247,-2.384186,81.48742881094525,81.52229999884366,109.672559,218.153025,-1.557223637930289,0.0809302251061252,1.3453074680370356,-0.3446979832760439,-0.2147017482467412,-0.0261706537589978,-0.9883307781410196,0.0004405915788613,0.0006884268564723,0.6399976623791471,True,A,N_48,train
83,49,1625,2022-07-12 00:06:16.934,False,0,0.0419750625,0.0823274470859117,0.0924105752366172,0.241496,0.28642,-0.1020380550470414,1.0261867214696814,2.6132939804957336,0.0233534375,0.0992910020048196,0.1020004221667121,0.173816,0.284354,-1.3719297006141886,0.2102968173875905,1.7040713784096957,1.7881396249999997,127.22556730661437,127.23813272682196,184.774421,364.780469,-1.4850458077642883,-0.0171851054247718,1.4521937491546455,-0.1145636353337859,-0.2983000090423029,0.0128971980416355,-0.961932483791464,0.0007262805045639,0.0008016497883201,0.9059822819711376,True,A,N_49,train
84,49,1641,2022-07-12 00:06:18.534,False,0,-0.0575128749999999,0.0517498855625244,0.0773678321171014,0.182821,0.207231,0.1494868778246019,-0.7071359675413345,2.363010504459889,-0.0436895,0.1127574302596063,0.1209256403290881,0.177624,0.347864,-1.1113257949084785,0.5116518137953464,1.4688696253053726,-0.1490115624999992,128.02509993121507,128.02518665029692,183.582328,365.972563,-1.4876786634700143,0.0256038366833522,1.4339547772069132,0.089635336649218,-0.0648201410368552,-0.1384018395805449,-0.9605088331367846,0.000604317276478,0.000944545706146,0.6397967536624319,True,A,N_49,train
85,50,1665,2022-07-12 00:06:25.547,False,0,-0.0034451249999999,0.0573354757947413,0.0574388864000252,0.112742,0.205062,-0.6005965478693751,-0.1935819889269924,1.9628166050230131,-0.0076915625,0.1575539080556908,0.1577415420151346,0.275897,0.507513,-1.2239005252819488,0.242270390553518,1.749044649085076,-9.238720937500002,160.11838696999232,160.38469942744916,245.571165,489.950237,-1.4046162602560626,0.0626057255718337,1.5311383559445169,0.1118701286880291,0.1182184688086109,-0.0008821132920634,-0.9987990603186512,0.0003581319577557,0.0009835198904773,0.3641329079597444,True,A,N_50,train
86,51,1687,2022-07-12 00:06:29.384,False,0,-0.0331801875,0.040462056312394,0.0523268845199339,0.111327,0.157459,-0.3945918930108307,0.2017379963095934,2.12752968232974,-0.0183683124999999,0.0551734431403809,0.0581506984658181,0.117192,0.222819,-0.1608513108294036,0.2083881226225091,2.0153154320044377,5.96046525,82.19176738310179,82.40760748592555,113.248838,226.497676,-1.4936472707491095,-0.0871360755403212,1.3742522256739689,0.0996124595105986,0.3269777094587157,-0.0294451393296939,-0.9983968927357656,0.0006349763828402,0.0007056472119488,0.8998496303650159,True,A,N_51,train
87,51,1703,2022-07-12 00:06:30.984,False,0,-0.01855875,0.0449505973368263,0.0486310950164604,0.107399,0.1807329999999999,-0.3870648863918902,-0.0123151678488532,2.2084429717991774,-0.0025311875,0.0428590058567314,0.0429336848312312,0.088404,0.146797,-0.9248354716666798,0.3965670086947948,2.059082521043994,4.172325687500001,82.3601712827588,82.46578754470207,112.056745,222.921397,-1.5128562783632296,-0.1100354906761225,1.358827076492268,0.0558399081382895,0.5099910379493936,0.0359764476862725,-0.9940755493548008,0.0005897123699946,0.0005206242019814,1.1327025669384112,True,A,N_51,train
88,51,1719,2022-07-12 00:06:32.584,False,0,0.037869875,0.0458319416808231,0.059453295205144,0.105509,0.150817,-1.2410222356659537,-0.3587086226768268,1.7746535265360894,0.024391125,0.0439830291147548,0.0502934770012473,0.118366,0.168506,-0.5136097035901495,0.2841238433227385,2.353506002320425,1.8626453125,82.58414184405551,82.60514470466872,110.864652,219.345118,-1.595585026093345,-0.0501303021128696,1.342103477893116,0.171311179116077,-0.1169528310275614,-0.2047635318982564,-0.9748039544210944,0.0007197287217122,0.0006088419453904,1.1821273602473228,True,A,N_51,train
89,52,1737,2022-07-12 00:06:36.231,False,0,-0.0515788125,0.0647377600498916,0.0827728909437594,0.197073,0.283457,0.4678730840186489,0.1491619246841604,2.380888208120004,-0.019659,0.1068665513531947,0.1086597261137952,0.238687,0.426667,-0.2877065904756142,0.0306682788176694,2.1966464350373207,-2.1606686250000005,121.7454877736563,121.7646594137747,178.813955,350.475352,-1.430977424304966,0.0780719479447938,1.468520963807431,-0.0869534091442913,0.1482016978981543,0.2338402377274929,-0.9900373039405752,0.0006797776246594,0.0008923749028406,0.7617623741944144,True,A,N_52,train
90,52,1753,2022-07-12 00:06:37.831,False,0,0.0590395,0.1070415570053285,0.1222438443700745,0.229969,0.380948,-0.971877722293804,-0.2835325299472857,1.8812317396023972,-0.00017825,0.1619515851386997,0.1619516832329939,0.290651,0.5253950000000001,-1.051300717307583,-0.3399313213889507,1.7946772407536582,-3.874302374999999,122.74253531392392,122.80366523106215,178.813955,356.435817,-1.3885774082244966,0.0946263583401523,1.45609623836187,-0.2596054456297819,0.4771715607673166,-0.4027273885213114,-0.994659914162781,0.0009954413342636,0.0013187854200301,0.75481675725597,True,A,N_52,train
91,52,1769,2022-07-12 00:06:39.431,False,0,-0.0046381875,0.0743997602980167,0.0745441957209781,0.153777,0.284002,-0.18438578171865,0.1141090913220504,2.062897030582948,0.0061014999999999,0.1297416936979974,0.1298850853095728,0.250287,0.403109,-1.127701452001991,0.4960578920199414,1.9269879940676555,-5.513430312500001,123.02035901417916,123.14384534270611,184.774421,365.972562,-1.3752675750832084,0.0863521582355476,1.5004762965276712,0.184530583754957,-0.778566327076206,0.0113366456415463,-0.996937715113116,0.0006053424392711,0.0010547428086893,0.5739242157273627,True,A,N_52,train
92,53,1787,2022-07-12 00:06:43.040,False,0,-0.0052904374999999,0.0745670580886499,0.0747544973960597,0.204233,0.303643,0.8421820862593461,-0.8217549175955368,2.7320496707769326,-0.0169189999999999,0.1571857279172476,0.1580936609161638,0.300246,0.5312760000000001,-0.9794064493943896,0.5020753850107107,1.899165331867536,8.717180375,166.31391848806774,166.54221301683822,252.723724,498.294889,-1.4069156768529003,-0.0767758742815567,1.5174754761692066,0.2507887069047354,-0.0634481765396961,0.0782330803759917,-0.996795148681354,0.0004488621595805,0.0009492708067964,0.4728494296536126,True,A,N_53,train
93,53,1803,2022-07-12 00:06:44.640,False,0,0.0245571875,0.0909518272460885,0.0942087593449382,0.140793,0.264952,-1.2027268407329734,-0.4205964379174794,1.4944788677717007,0.002499125,0.1672942747697433,0.1673129403139518,0.285634,0.473863,-1.313306963252817,0.5576926148369671,1.7071841512319756,9.909273312500002,163.71745396475944,164.01706749690703,249.147445,495.910703,-1.4128855619822036,-0.0617495473503458,1.5190336518161338,0.5356654117385393,0.045923840910171,0.060948246354394,-0.9983438013589938,0.0005743838783528,0.0010200946942128,0.5630691754514726,True,A,N_53,train
94,53,1819,2022-07-12 00:06:46.240,False,0,-0.0157335624999999,0.0524938160059934,0.0548009644788529,0.153075,0.200952,0.6033086274866979,-1.0568682350636258,2.7932902542083893,0.0074528125,0.1620847724013651,0.1622560256463916,0.286997,0.4789609999999999,-1.324886475037863,0.3007339422285807,1.768791013194538,11.1013664375,161.80150089341757,162.18189180097224,245.571165,476.837214,-1.4406486652142372,-0.0366437535793529,1.5141712941748278,0.3100575334644583,0.0665591356094972,-0.0149459687108493,-0.999390433085238,0.0003378981701983,0.0010004571030994,0.3377437864667162,True,A,N_53,train
95,54,1837,2022-07-12 00:06:49.646,False,0,0.0135471875,0.0436861578123133,0.0457384594576872,0.089256,0.164327,-0.6400098384717152,-0.1181847060385717,1.951443075658701,0.010028375,0.0437382351193938,0.0448731714557819,0.085444,0.157117,-0.926137737001123,-0.2084107621785479,1.9041221564692985,5.215407062500001,82.52917313154597,82.69380199630602,112.056745,222.921397,-1.525234287151046,-0.0939700770766284,1.3550803360692696,0.2799115824954232,0.1208480703407146,-0.0933909709766233,-0.9916313709124476,0.0005531062589156,0.0005426425000725,1.0192829696193413,True,A,N_54,train
96,54,1853,2022-07-12 00:06:51.246,False,0,-0.0030783125,0.0303352097667025,0.0304909980065838,0.055906,0.1038139999999999,-0.9791072956829638,-0.0219279895303772,1.8335247664877468,-0.0042959375,0.0388201422837886,0.039057118761341,0.094232,0.1487959999999999,0.7214433099182473,1.0958159341920115,2.412671568934863,3.4272675624999995,80.318097558194,80.39118706868642,110.864652,219.345118,-1.5312068959159846,-0.0619601414781676,1.3790647463045542,-0.2038559891464,0.1362994049117193,-0.0321984875625045,-0.9980072650083346,0.0003792828432864,0.0004858383136943,0.7806770948184738,True,A,N_54,train
97,54,1869,2022-07-12 00:06:52.846,False,0,-0.010430875,0.0231483877674963,0.0253899785250007,0.048005,0.083629,-0.6319784127128516,0.5939707573838401,1.890706601139142,-0.0054064999999999,0.053181703739397,0.0534558121711287,0.09379,0.185274,-0.7206264395611255,0.1626680530538778,1.754533252618983,2.9802325625,81.79856274876408,81.85283534423276,112.056745,222.921397,-1.5172343786788451,-0.0513075600271338,1.3690026072859232,-0.059751515424608,-0.214989036657768,0.0366792990307771,-0.9986882362401658,0.000310190580671,0.0006530722111985,0.474971336020852,True,A,N_54,train
98,55,1887,2022-07-12 00:06:57.798,False,0,0.0022669374999999,0.0656461151644451,0.0656852452367539,0.15354,0.273069,0.3180996368298259,-0.3113211109436714,2.337511254568436,0.001175625,0.1400958059083475,0.1401007384964476,0.243682,0.424567,-1.312168013585547,0.4342930864049151,1.73933415780088,-3.35276175,140.83118577567066,140.87108964700218,211.000467,419.616748,-1.4328407934199945,0.0947135502479081,1.4978266124634196,0.4224217153271526,-0.0042416634697239,0.0102968192538381,-0.9891865900422404,0.0004662791024144,0.0009945315170594,0.4688429621548313,True,A,N_55,train
99,55,1903,2022-07-12 00:06:59.398,False,0,0.0037968124999999,0.0674210435418893,0.0675278675617518,0.11755,0.231425,-0.891327853956712,-0.0505689693877268,1.740762802742211,-0.005361875,0.1287003239505805,0.1288119679552331,0.256647,0.425168,-0.6392835141655357,0.8280418021675414,1.9924157985785471,-0.6705522499999992,137.59186720784197,137.59350116215663,201.463723,401.735353,-1.48356192664913,0.0558817399805964,1.4641950477193764,0.3283187421637008,-0.0572598488155646,-0.0728862953145986,-0.970332752323459,0.0004907780308763,0.0009361777036505,0.5242359746046289,True,A,N_55,train
100,55,1919,2022-07-12 00:07:00.998,False,0,-0.0126305625,0.0768521800259829,0.0778831733034325,0.148124,0.264724,-1.207237305055111,-0.0321177486321598,1.901874226707604,-0.011672125,0.1157054557593736,0.1162926953617466,0.200755,0.3597169999999999,-0.9741919521472262,0.662889214709284,1.726290713062589,0.5960465000000004,136.76897476308335,136.7702735581643,203.847909,399.351167,-1.4999994548968525,-0.0023438250609561,1.490440164348356,0.4852871517156394,0.0214049813716522,0.0174323943768247,-0.9505572407194504,0.0005694451818896,0.0008502775664354,0.6697168129190292,True,A,N_55,train
101,56,1937,2022-07-12 00:07:04.844,False,0,-0.030516875,0.0470394024660111,0.0560712497107474,0.104752,0.154473,-1.2022836769162792,-0.0435058278481963,1.8681944943331916,-0.012463875,0.0510084471740649,0.0525091407578242,0.098378,0.160115,-1.1870663819396223,-0.139526686868421,1.8735404651492211,4.768372124999999,82.42161757451156,82.55943565893307,113.248838,225.305583,-1.5213395526775235,-0.0551194359833805,1.3717249530126396,0.1728240861237189,0.1437662283648887,0.1419696844535998,-0.9992631479586946,0.0006791622212921,0.0006360162268398,1.06783788310976,True,A,N_56,train
102,56,1953,2022-07-12 00:07:06.444,False,0,-0.0001178125,0.0561761329104927,0.0561762564484542,0.1018,0.186364,-0.7996733781080843,-0.3982096890400515,1.8121535046289312,-0.005951375,0.0338341310178697,0.0343535629320308,0.059698,0.102815,-1.2880811340173746,0.0756019348754448,1.7377527949026328,4.2468314375,83.62616400122329,83.73392910175677,113.248838,224.11349,-1.5090967334531524,-0.069953219888719,1.352484461374977,0.012450439497621,0.0709470582640367,-0.3147742720135607,-0.9988986443422616,0.0006708900089972,0.0004102705235566,1.6352381428267018,True,A,N_56,train
103,56,1969,2022-07-12 00:07:08.044,False,0,0.0256115625,0.0381207678240626,0.0459254294828856,0.132736,0.165474,1.6447246452467752,0.9784848666216662,2.8902505974269626,0.0184930625,0.0452596967834915,0.0488920598212276,0.086419,0.16007,-0.9402853430263765,-0.2487098806440287,1.7675467205920254,2.831221000000001,85.16259049768506,85.20963931755162,114.440931,226.497676,-1.544976347631282,-0.0638518692540804,1.3430514659675044,0.1570328616205286,-0.1450288615015525,0.1846529659495827,-0.9903820275385627,0.0005389698847537,0.0005737855507053,0.9393228604155892,True,A,N_56,train
104,57,1987,2022-07-12 00:07:12.647,False,0,0.0037554375,0.0716774902749886,0.0717758031855966,0.161774,0.260546,-0.4228158420448196,0.5951226234575501,2.253879341227121,-0.0043784999999999,0.0613342682335902,0.0614903547070595,0.135784,0.2169839999999999,-0.4404498987396268,0.8133259771961181,2.208216242154983,6.2584885,95.86301585051277,96.06709367031092,143.051164,278.94977,-1.4246676735933543,-0.0633878439624269,1.4890755880565305,0.2792688060570437,0.0037131379974371,0.1030378239904857,-0.9971281047970588,0.0007471424443412,0.0006400771831204,1.1672692982100528,True,A,N_57,train
105,57,2003,2022-07-12 00:07:14.247,False,0,0.0040960624999999,0.0673172652997252,0.0674417669952196,0.121638,0.2172,-1.2058472669150135,-0.3232077594417487,1.803600430703748,-0.0007483125,0.0701752735323478,0.0701792632259523,0.136522,0.227917,-0.6886542880078506,0.7708995184658829,1.9453324774933536,6.258488375000001,94.15978716553632,94.36754842528818,139.474885,277.757677,-1.4267311570981844,-0.0576837034534019,1.4779962744335124,0.6877634500190182,0.1181109861508179,0.1608696570675747,-0.997687250805728,0.0007146711779697,0.000743680051003,0.9609928046420368,True,A,N_57,train
106,57,2019,2022-07-12 00:07:15.847,False,0,-0.0079928125,0.0631501579166857,0.0636539668564536,0.121138,0.2119539999999999,-0.9175755878382228,-0.3075728235693119,1.9030707115737004,-0.0020675625,0.0646254928549569,0.0646585581453646,0.125384,0.2322759999999999,-0.6372072440112011,0.3452765469759279,1.9391709867410447,6.109476749999999,93.23211242668296,93.43207422347234,134.706513,264.644654,-1.4458134730114802,-0.0440832933458706,1.4417587763042357,0.6069055890169105,-0.0615279336105918,-0.0804730796909308,-0.9991320220883614,0.0006812860292944,0.0006920381323303,0.984463135001364,True,A,N_57,train
107,58,2037,2022-07-12 00:07:19.348,False,0,-0.0166809999999999,0.0635211129507347,0.0656748624018353,0.141949,0.231437,-0.7506254480415433,0.1096262056506523,2.1613901393729176,-0.0155520625,0.0492868257454118,0.051682277814184,0.143599,0.216677,0.983987010442255,-0.6321737704119503,2.778495957865652,4.32133725,82.42256044610077,82.53576452738155,112.056745,224.11349,-1.4901643580476298,-0.0768230721384471,1.3576750108472644,0.617506964585073,-0.0190750870543249,-0.2046647389796088,-0.9970378982095396,0.0007957139886921,0.0006261803971905,1.2707424126691844,True,A,N_58,train
108,58,2053,2022-07-12 00:07:20.948,False,0,-0.000190875,0.0823430621226486,0.0823432833508599,0.150781,0.282764,-1.0838757840676727,0.0286846118455568,1.8311268856930445,0.0006165625,0.0538971710215025,0.0539006975227362,0.143843,0.21091,0.8370669882904118,1.1259848832062584,2.66866676334429,4.9173838125,81.92103203442421,82.06848453057115,113.248838,226.497676,-1.4940824386274016,-0.0713763223073399,1.3799309034129164,0.3736425447815707,-0.0458832654796571,-0.039455848334509,-0.9969088274421174,0.0010033484086109,0.0006567770543229,1.5276849305359388,True,A,N_58,train
109,58,2069,2022-07-12 00:07:22.548,False,0,0.0192614375,0.0450490538357476,0.0489940835822296,0.093677,0.156357,-0.9565780527726062,-0.2004657374129883,1.912006372009724,0.0134605,0.0436641623216339,0.0456918387844043,0.077801,0.1542569999999999,-0.8223759200983531,-0.5217743133356175,1.7027329621620564,5.662441875000001,82.01597907009223,82.21121621052423,114.440931,226.497676,-1.4898334175776968,-0.065488176626017,1.3920354943654258,0.6278878281375891,-0.1158165143207365,0.1702878677181839,-0.99735799707653,0.0005959537620361,0.0005557859485668,1.0722720924716287,True,A,N_58,train
110,59,2087,2022-07-12 00:07:25.971,False,0,-0.0144264375,0.0661836160607071,0.0677376788339584,0.16471,0.254586,-0.2351423466091748,-0.5163595436708361,2.4315861251127955,0.0041608124999999,0.1671040484687679,0.1671558415829745,0.253223,0.484614,-1.5278434226554043,0.0253159266353969,1.5148917178243062,7.7486046874999985,166.3290208688142,166.5094113189449,243.186979,481.605586,-1.4088822978061415,-0.0825519953263466,1.4604999025201104,0.3621760292099407,-0.0488384906896714,-0.0219771677321371,-0.9965814225529304,0.000406809911208,0.0010038822446065,0.4052366832799802,True,A,N_59,train
111,59,2103,2022-07-12 00:07:27.571,False,0,0.0079899375,0.0654360326668999,0.0659220257003491,0.128175,0.24237,-0.6853846754540105,-0.2104422733079993,1.9443425568052752,0.0059335,0.1633880633384826,0.1634957665010014,0.273977,0.491199,-1.329874799600995,0.1839854571022063,1.6757436957752776,8.717180375,165.16927540668968,165.39914985289732,244.379072,482.797679,-1.402215107761719,-0.0729158214776191,1.4775110526102817,0.5231185082515836,-0.0319569288381418,-0.0761719777711649,-0.9981447522337864,0.0003985632680638,0.00098849218177,0.4032032578650615,True,A,N_59,train
112,59,2119,2022-07-12 00:07:29.171,False,0,0.0112036249999999,0.0759982965350827,0.0768196738431959,0.173754,0.284763,-0.4029019018760591,0.5491272129592812,2.261842459194322,0.01284775,0.1727594370086986,0.1732365081489031,0.287567,0.528358,-1.3724327097726707,0.1957234446432222,1.659967653889823,9.834767625,165.20840794457754,165.5008782750705,246.763258,493.526516,-1.414114282803174,-0.0548501185766676,1.4910087521702904,0.626738412230829,-0.0763456251990852,-0.0618986560363293,-0.9989483473281362,0.0004641647503254,0.0010467407179614,0.4434381335899854,True,A,N_59,train
113,60,2137,2022-07-12 00:07:32.847,False,0,-0.0144008749999999,0.0748805965478332,0.0762527962774153,0.140944,0.268426,-0.9599879491361952,0.2029866792976651,1.8483781170100524,0.0040724375,0.1153759878316155,0.1154478380711934,0.21408,0.358184,-1.2214640094286895,0.4600081226254247,1.85434394941188,2.5331978125,111.50840030729331,111.53717062149654,163.316746,325.441399,-1.4701493390944342,-0.0569605792229722,1.4642360487538133,0.1098223720088295,0.0504516223916784,-0.1003976590662542,-0.9759920520458364,0.0006836536721572,0.0010350615622389,0.6604956623821083,True,A,N_60,train
114,60,2153,2022-07-12 00:07:34.447,False,0,-0.0037285624999999,0.0858864748104792,0.0859673701684976,0.174924,0.288884,-1.0269005604229855,-0.375696356481776,2.0347720263763525,0.0016656249999999,0.1065152207268255,0.106528242983375,0.173367,0.313588,-1.4801488255430264,0.2841015871790247,1.6274275736159085,0.5215406874999995,110.51879751696426,110.52002809122182,160.93256,317.096748,-1.5016518921443958,-0.01451569297807,1.4561393331095458,0.009370596541718,0.0566527772647874,-0.0295570084843421,-0.9435248111629893,0.0007778442663581,0.0009638817943065,0.8069913457777937,True,A,N_60,train
115,60,2169,2022-07-12 00:07:36.047,False,0,0.011537875,0.0875122099322967,0.0882695272829191,0.143226,0.283809,-1.1726428155593491,-0.169508705116806,1.6225984709415728,0.0054615624999999,0.1086960971884275,0.108833221990978,0.188308,0.352065,-1.2226329684455692,0.2711687523499196,1.7302437303161915,-1.4156104999999997,108.07953803007608,108.08880836553972,156.164188,309.94419,-1.48963994652684,0.0387019754685613,1.4447766643136328,0.0157969140879607,-0.0084794963987584,-0.0045466365724229,-0.9616801821262329,0.0008166389158848,0.0010068870555304,0.8110531478176435,True,A,N_60,train
116,61,2187,2022-07-12 00:07:39.560,False,0,-0.010635125,0.0571943774169225,0.0581747599210774,0.089794,0.171242,-1.2942680374864046,0.2641241488352789,1.543521625560959,-0.01864725,0.028731520849278,0.0342523024463319,0.067855,0.104461,-0.6351065490537566,0.0936005289920186,1.981034708727047,-3.9488081875,79.7775685955202,79.87523732117856,109.672559,219.345118,-1.5288539954818874,0.069767878806181,1.373048302304334,-0.1547074508444602,-0.2654530681002712,0.0155977658573571,-0.9971122695221968,0.00072832033897,0.0004288225436952,1.6984189606590163,True,A,N_61,train
117,61,2203,2022-07-12 00:07:41.160,False,0,0.0023906249999999,0.0599548598383348,0.0600025024988541,0.10538,0.196195,-1.0932765842997707,0.1743119647980948,1.7562600826859245,-0.0001739999999999,0.03168753125245,0.0316880089761884,0.058109,0.109445,-0.8137344446589481,0.0920193063924278,1.8337851407346315,-4.023313937499999,80.02340722461096,80.12448289303089,109.672559,218.153025,-1.523458648557645,0.0685393933138423,1.3687771208011024,0.4257404993373412,0.1040883517993088,-0.0517443074760767,-0.9973764228257804,0.0007488660186295,0.0003954847236704,1.8935396838577732,True,A,N_61,train
118,61,2219,2022-07-12 00:07:42.760,False,0,0.0110125625,0.0537662770853728,0.0548825025343916,0.095446,0.176543,-1.119377104287968,-0.208201935371262,1.7390970818101756,0.017744375,0.0359984517737829,0.0401341671677636,0.06323,0.1242839999999999,-0.2881425866938087,-0.83687218878507,1.5754656060432024,-3.874302499999999,80.43260718373571,80.5258624184469,110.864652,219.345118,-1.52362304109233,0.0685222022443424,1.3767583316760983,0.3550846034006827,0.0106947986745155,0.22717122621414,-0.9985086031023688,0.0006815512542939,0.000498400960417,1.3674758044680193,True,A,N_61,train
119,62,2237,2022-07-12 00:07:46.324,False,0,0.0112786874999999,0.1037949019934979,0.1044058928967254,0.234284,0.390961,-0.2404596567106414,0.356339075476462,2.24397295497243,-0.0023995624999999,0.2043828968666925,0.2043969824430206,0.31177,0.601712,-1.4195823746747218,0.081021939531116,1.5253160603137157,-9.9837791875,174.04449885003635,174.33061528837976,259.876282,518.560471,-1.4183729846090984,0.0543954914310692,1.4907093717882518,0.4917665867396424,0.122715925902479,-0.0323057297206326,-0.9989359832442716,0.0005988959123675,0.0011724675101094,0.5107995805458158,True,A,N_62,train
120,62,2253,2022-07-12 00:07:47.924,False,0,-0.0191736875,0.0588495331647995,0.0618942472776145,0.152529,0.23256,1.90742371799956,1.3838321619150395,2.4643485737189903,-0.0036319374999999,0.2038360433060934,0.2038683975526553,0.326666,0.6459440000000001,-1.3764747469978529,-0.0146598234195211,1.602337605639091,-8.7171803125,176.95642343543764,177.17100504219798,259.876282,516.176285,-1.4000286046561925,0.0801409717685956,1.4668104520720169,0.6136659722213745,-0.1606087472370656,0.0259812711875308,-0.997709416372621,0.0003493474977063,0.0011506871426512,0.3035990277091793,True,A,N_62,train
121,62,2269,2022-07-12 00:07:49.524,False,0,0.0106385625,0.0816179080119436,0.082308334452305,0.205832,0.361828,0.8875066845428297,0.1152784224007884,2.5007431066324504,0.0088601875,0.2096127949494671,0.2097999683724058,0.315154,0.606537,-1.3951180218677084,-0.1927865549213187,1.5021641921346014,-6.929040749999999,179.09349072252172,179.2274812211931,262.260468,516.176285,-1.412399912872346,0.091440253612752,1.46328267413596,0.168536526304595,-0.0022635232735104,0.0379023830814753,-0.9951135522076368,0.0004592394753945,0.0011705792378652,0.392318145187722,True,A,N_62,train
122,63,2287,2022-07-12 00:07:52.879,False,0,0.001511,0.0730732036385431,0.0730888241183287,0.199759,0.307651,1.2509055419076534,-1.0913240143844365,2.733099107964792,0.0043885,0.1212798215940104,0.1213591943699569,0.216157,0.391892,-1.254250174332193,0.1580760178120434,1.7811341046073277,-5.8859593125,145.4447968884771,145.56384667546666,219.345119,429.153493,-1.42011734212572,0.0905469031738183,1.5068653653336606,0.0853550078438442,-0.0325379236563637,0.0988141585336145,-0.9958328189854848,0.0005021083585492,0.0008337179673502,0.6022520543068326,True,A,N_63,train
123,63,2303,2022-07-12 00:07:54.479,False,0,0.004054,0.0818897845742984,0.081990070945359,0.16319,0.292971,-0.9358089577585638,-0.3042651139617375,1.990362956372552,-0.0010044374999999,0.1307880489518101,0.1307919058784315,0.227567,0.399329,-1.176637446350198,0.4963970291778313,1.7399165374309855,-7.972122250000002,143.13850732933733,143.36033975140998,215.76884,425.577214,-1.41202042117912,0.0792890883160096,1.5050804174581895,0.3386281046267502,-0.0778424016920986,-0.0007742292517944,-0.9965894275458458,0.0005719159921602,0.0009123297705992,0.626874196799052,True,A,N_63,train
124,63,2319,2022-07-12 00:07:56.079,False,0,-0.0083224375,0.0590003394290752,0.0595844192611415,0.145661,0.222411,-0.0502044631809774,-0.7558860333302871,2.444615585856585,-0.0094333749999999,0.1208676363232084,0.1212352014649623,0.192833,0.361363,-1.3945116349174729,0.1585650011073856,1.5905693863653114,-9.387732624999998,137.13207599524077,137.45303121649587,212.19256,418.424655,-1.427600409531772,0.0568080880216913,1.5437459481398077,0.2766554911368107,0.0047773148775969,-0.1160532752270694,-0.9981404269687502,0.0004334893071022,0.0008820118435512,0.4914778755769366,True,A,N_63,train
125,64,2337,2022-07-12 00:07:59.767,False,0,0.051828625,0.0707484274885977,0.0877014615699191,0.179329,0.279733,-0.3377192465644643,-0.02799661023978,2.044766378916408,0.0192691249999999,0.0625844635221823,0.0654836945554005,0.142421,0.241552,0.4101079224871946,-0.8665189922891829,2.1749078296049533,-3.278255999999999,81.5315600871763,81.59744023344346,110.864652,220.537211,-1.5257210107903774,0.0789284168048439,1.3586780624836452,-0.4060533383428321,0.0522404263886641,0.2467068190192344,-0.9965952744135612,0.0010748065297025,0.0008025214316534,1.3392870112990012,True,A,N_64,train
126,64,2353,2022-07-12 00:08:01.367,False,0,0.02255075,0.0748330144701354,0.0781569982807042,0.143623,0.266495,-0.6252484192660637,-0.3418966894881216,1.8376217505714825,0.0185204375,0.0503804180535066,0.0536767466267982,0.113913,0.187272,-0.8441168555087613,0.1553974505147386,2.122203880797958,-4.097819749999999,80.8439588909328,80.94774744155839,110.864652,221.729304,-1.5342983524109863,0.0687857358374907,1.3695829161897388,0.2332381328196668,-0.2102880601989701,0.2826092157947064,-0.997354402386612,0.0009655240664618,0.0006631036480113,1.4560680963790769,True,A,N_64,train
127,64,2369,2022-07-12 00:08:02.967,False,0,-0.0620595625,0.0652017592400396,0.0900147693752947,0.146555,0.210581,-0.916371417858949,0.4408706068556371,1.6281217073275438,-0.02745525,0.0470074875093053,0.0544379888910308,0.110178,0.154507,-1.059628150742716,-0.2722317174219618,2.0239175297335934,-4.246831374999999,80.39336221312375,80.50545487517103,109.672559,216.960932,-1.533692576443451,0.0677394907368265,1.3622997245348714,0.368916324167543,0.319528268455342,-0.0732067606461843,-0.9972138746922836,0.0011181201263301,0.0006762024880853,1.6535285599083818,True,A,N_64,train
128,65,2387,2022-07-12 00:08:06.337,False,0,-0.033453,0.0840748248518841,0.0904857965808722,0.183596,0.286715,-1.1073173740037614,-0.1577629503930973,2.02900352251317,-0.000624625,0.1606124377585197,0.1606136523435196,0.246047,0.457468,-1.4684779160954324,0.2054624277700812,1.531918341995959,8.121133937499998,137.34263330978516,137.58252701886576,207.424188,413.656283,-1.4071868543652508,-0.0509415347376742,1.507634672036205,0.4422020806996368,0.0787836041127413,-0.0612128108895115,-0.9990583605621468,0.000657683781084,0.0011673986212035,0.563375499284094,True,A,N_65,train
129,65,2403,2022-07-12 00:08:07.937,False,0,0.0210661875,0.0530566648749461,0.0570858471377757,0.125553,0.180926,-1.0624827063143842,0.3520662386439019,2.199371758414654,-0.0074330624999999,0.1532942320055898,0.1534743365658001,0.251871,0.468345,-1.288341634265335,0.2493261112755065,1.6411277978843943,9.238721124999998,140.99524161464478,141.2976012747477,211.000467,410.080004,-1.4334845980169684,-0.0340820303216309,1.4933053717572866,0.4968723570909694,0.0321149047205418,0.0575973534280492,-0.999503560600852,0.0004040114384303,0.0010861779335331,0.3719569565515008,True,A,N_65,train
130,65,2419,2022-07-12 00:08:09.537,False,0,0.0068255625,0.0553042712274205,0.0557238792568993,0.094434,0.179893,-0.8848499264239891,-0.2863988087947919,1.6946774212297466,-0.0037403124999999,0.1272021538259665,0.127257132906421,0.253211,0.440938,-0.8087428991446988,0.5483260390630933,1.9897587995024184,8.791686000000002,145.60190078193045,145.86708763128755,216.960933,432.729773,-1.4184123518939715,-0.0532381001673916,1.4873878441202475,-0.0883896781077272,0.0681616919175735,0.1016940125984657,-0.9989651444286513,0.0003820181794384,0.0008724184116714,0.4378841325764908,True,A,N_65,train
131,66,2437,2022-07-12 00:08:13.092,False,0,-0.0031796875,0.088528107143098,0.0885851915781497,0.198869,0.316461,-0.0459311360020571,-0.8676469200571653,2.244946321807725,0.0027418749999999,0.1266793973244441,0.126709066704005,0.212064,0.3744429999999999,-1.3142651153682454,0.2946701009837932,1.673629247821593,3.2782558749999966,160.5488112828949,160.582277247312,238.418607,468.492563,-1.4842897762081952,-0.0442050085748817,1.4847130772271504,0.3879486942321894,-0.0406730023818708,-0.0357673940767484,-0.9748770099025018,0.0005516498650826,0.0007890600935298,0.699122753268214,True,A,N_66,train
132,66,2453,2022-07-12 00:08:14.692,False,0,0.0031747499999999,0.0798118359114893,0.079874953453038,0.167454,0.322342,-0.3628193575340241,-0.1157817160510625,2.0964519259276115,0.0043065624999999,0.134296792309035,0.1343658249149034,0.241219,0.4082639999999999,-1.2359559611407174,0.4909534119237429,1.7952407180380034,5.215407000000003,158.4244524538959,158.5102760249075,236.034421,469.684656,-1.4447917802182824,-0.0755432563951248,1.4890796162824846,0.4688166802806323,0.0952385267978281,-0.034183525082709,-0.9903737553145708,0.0005039102539982,0.0008476789535953,0.5944588477287618,True,A,N_66,train
133,66,2469,2022-07-12 00:08:16.292,False,0,-0.0026950624999999,0.0575295180216955,0.0575926106865064,0.124039,0.239167,-0.0445308106245976,-0.0604887066992572,2.153731156157876,0.005617875,0.1245353873231796,0.1246620359822909,0.189936,0.3703889999999999,-1.3595527930606954,0.0584989154433551,1.5236073958152077,7.2270640625,156.11951691303847,156.2867045404822,230.073956,460.147912,-1.4109950951192864,-0.0823381755193286,1.472127502313577,0.0823756844736542,0.016740223469239,-0.0515573647989061,-0.9954381246521504,0.0003685061429623,0.0007976496551566,0.4619899733924439,True,A,N_66,train
134,67,2487,2022-07-12 00:08:26.424,False,0,0.0481729375,0.098492361830416,0.1096420414180276,0.241951,0.341926,-0.4375251950235701,0.3834944388770187,2.2067356359913384,0.0316138125,0.1248668558256246,0.128806695573493,0.322817,0.510557,0.3188277604911236,0.4597986969716346,2.506212884064019,7.972122062499999,123.86638208723788,124.1226624817604,187.158607,374.317214,-1.3955033743807252,-0.0557147175983349,1.5078520171729528,-0.450746992291796,-0.1497502597147862,0.2851063326835653,-0.9988052896020404,0.000883336203283,0.001037737130336,0.8512138358170165,True,A,N_67,train
135,67,2503,2022-07-12 00:08:28.024,False,0,0.018169875,0.0824722163609319,0.0844500493131886,0.197742,0.317563,-0.3145229442008199,0.0498052228606289,2.3415261637877856,0.0224801875,0.1159144573247976,0.1180742149960672,0.232626,0.375702,-0.97673124053064,0.2054510068391492,1.9701676611421748,9.1642153125,123.139314931163,123.47985149007108,183.582328,357.627911,-1.4091244634064486,-0.0455676421388534,1.4867391382857449,-0.2337789845126298,0.0984159854012122,0.0311987869988798,-0.9992094143567118,0.0006839176456247,0.0009562225219031,0.7152285477062162,True,A,N_67,train
136,67,2519,2022-07-12 00:08:29.624,False,0,-0.0534955,0.048150612828395,0.0719739538722168,0.117425,0.140281,-1.456053440917061,0.194089925833216,1.6314929732563712,-0.0421806874999999,0.1104408318420539,0.1182217735272885,0.179565,0.349624,-1.071554990246157,0.5591558516598313,1.5188826443933523,8.046627874999999,122.23931782837803,122.5038735849032,184.774421,369.548842,-1.386315989446593,-0.0643008243525309,1.5083149258291757,0.3533205742545754,-0.3248438263668706,-0.1470468245543879,-0.9989961742835832,0.0005875239024367,0.000965045186472,0.6088045520278333,True,A,N_67,train
137,68,2537,2022-07-12 00:08:33.206,False,0,-0.0220159999999999,0.0911144967389931,0.0937366298306057,0.185524,0.34582,-0.7084901757913737,0.2337441504447948,1.9792049312554336,-0.006720875,0.173802811188382,0.1739327092232798,0.258583,0.5106360000000001,-1.441441102566856,0.2645095501560662,1.4866841386806289,2.9802326249999997,171.26823919062872,171.29416668981324,249.147445,494.71861,-1.4800670898599997,-0.0546898562608679,1.4545004644038275,0.7120321407241094,-0.0400782727732852,-0.0091846024328395,-0.9753025213310392,0.0005472260476934,0.0010154035749404,0.5389246809826593,True,A,N_68,train
138,68,2553,2022-07-12 00:08:34.806,False,0,0.0061876249999999,0.0743298400542095,0.0745869413880539,0.163566,0.2937659999999999,-0.1399406744501394,-0.142835090958995,2.192957600299147,0.001623,0.162279062104065,0.1622871779481515,0.246696,0.463906,-1.4768971227926526,0.2381471932162979,1.5201200927827825,0.5960465624999998,169.85966298516138,169.86070876143566,247.955351,489.950237,-1.5036879638470595,-0.006214253669492,1.459756955025108,0.2498223809063679,0.1864816934862222,0.0229304773260581,-0.9532005060742904,0.0004391065004491,0.0009554132861654,0.4595984866523679,True,A,N_68,train
139,68,2569,2022-07-12 00:08:36.406,False,0,0.0260415,0.0827993414247661,0.0867979876646054,0.173432,0.3159619999999999,-0.5833391441766533,-0.2346400957050959,1.9981108395065044,0.0194632499999999,0.1413934948262737,0.1427267966422213,0.246605,0.420899,-1.2680502629101276,0.3281085297148129,1.7278114958200463,-1.6391280000000004,168.77795478539738,168.7859139920806,246.763258,492.334423,-1.4938648004567208,0.0306964247060319,1.4619896421663368,0.1898698450075954,-0.1171320331680042,0.0338168915213123,-0.965318602855288,0.0005142490010669,0.000845608459062,0.6081407956081664,True,A,N_68,train
140,69,2587,2022-07-12 00:08:39.956,False,0,-0.0130975,0.0282234815667734,0.0311144567363789,0.061322,0.086773,-1.2381073563627418,-0.3199339729154626,1.970852344283497,-0.0036553749999999,0.0344772199156105,0.034670455138345,0.062673,0.110911,-1.337798502787629,0.0867300658130892,1.8076774518798988,0.2980231874999997,83.59804733205435,83.59857854983353,112.056745,220.537211,-1.606876037916549,0.0130559323633802,1.3404144776600766,0.3213804821190895,-0.2440987016383764,0.2996945288439794,-0.9486712286860944,0.0003721888251704,0.0004147254144719,0.897434331687408,True,A,N_69,train
141,69,2603,2022-07-12 00:08:41.556,False,0,-0.01571025,0.0368615800707525,0.0400697896222952,0.088309,0.135309,-0.6629759076801367,-0.1133473429414543,2.203879801526683,-0.016772,0.0453044271125902,0.0483093272567523,0.104702,0.159604,-0.8552281645233157,0.0045975342436442,2.167324737178272,-1.1175872499999988,83.1377732633413,83.14528455930686,110.864652,220.537211,-1.5906465583525182,0.0513306811288779,1.3333847203435951,-0.1070141626706027,0.0938868630108432,-0.082308717285685,-0.978514928300699,0.0004819249802881,0.0005810230551594,0.8294420952983677,True,A,N_69,train
142,69,2619,2022-07-12 00:08:43.156,False,0,0.022986,0.0375364690551069,0.0440152553681675,0.096171,0.141587,-0.6660285675714697,0.0199685031204239,2.1849469961169934,0.0139719375,0.0403818070600313,0.0427306140716173,0.087599,0.1485,-0.7914182284979057,-0.0927027200689044,2.0500290459945747,-2.1606685625,82.32481210755674,82.35316130654303,110.864652,221.729304,-1.549587865473893,0.0754259798263505,1.3462100329983533,-0.1321729347828735,0.5234273884566788,-0.0458709996768986,-0.9916890915543944,0.0005344695294006,0.0005188703553535,1.0300637218645423,True,A,N_69,train
143,70,2637,2022-07-12 00:08:46.662,False,0,-0.0036551249999999,0.0569746017042627,0.0570917260040804,0.108729,0.214872,-0.4465576663766302,0.1283759069587118,1.904461602583689,0.0051973749999999,0.0830849438337619,0.0832473458961305,0.133574,0.234002,-1.3533829139179372,0.3498916742794402,1.6045436471531849,-5.587936124999999,110.57805038905698,110.71915036696184,166.893025,330.209771,-1.385342099548857,0.0657679668622311,1.5073546396161674,0.3413519298001801,-0.0217733120192156,0.0245073287445494,-0.9987799028561412,0.0005156445458157,0.0007518784746831,0.6858083628914132,True,A,N_70,train
144,70,2653,2022-07-12 00:08:48.262,False,0,0.007031875,0.0553079079131942,0.0557531339365779,0.105144,0.171775,-1.2537354156608331,0.2111675231672488,1.885885018044128,0.0047460625,0.1006880887806924,0.1007998825969678,0.184959,0.291722,-1.2384713592089989,0.5053883274122752,1.8349128514318704,-4.470348874999999,114.30619834926569,114.39357936582752,170.469304,336.170236,-1.3962871945848268,0.0588824309021633,1.4901999303198987,0.5534948801240762,0.155331118899749,-0.0134179616978548,-0.9972541011727172,0.0004873799232934,0.0008811673098768,0.553107131676908,True,A,N_70,train
145,70,2669,2022-07-12 00:08:49.862,False,0,-0.0062543749999999,0.0623221184832028,0.0626351631184512,0.152987,0.265213,0.5935528585348386,0.730323160681274,2.442509804128419,0.013122,0.107242547724772,0.1080423570943359,0.232564,0.355528,-0.9902479704994938,0.4407149398214472,2.1525261596888288,-3.799796562500001,119.97590164839424,120.03605887507948,174.045583,348.091166,-1.415869889502248,0.0620362501371552,1.4499441637044062,0.1163139881329035,0.141900930981645,-0.0336153415737333,-0.9943973023303776,0.0005218028957751,0.0009000825094297,0.5797278475122689,True,A,N_70,train
146,71,2687,2022-07-12 00:08:53.480,False,0,-0.0056941249999999,0.0693384012920284,0.0695718114846092,0.130148,0.258764,-0.7174105529669399,-0.0414895196415883,1.8707001761595872,-0.0094009374999999,0.1423070878481061,0.142617267109167,0.239161,0.41033,-1.1119958957940526,0.6358414907528067,1.676942805368253,6.631017437500001,166.56272721344777,166.69466844814758,247.955351,491.14233,-1.4226442333301712,-0.0783644811982484,1.4874821930920337,0.3184441686054536,0.099465727273395,0.1132027304031755,-0.993949448446748,0.0004173607478408,0.0008555598594536,0.4878217967208356,True,A,N_71,train
147,71,2703,2022-07-12 00:08:55.080,False,0,-0.0139550624999999,0.0755493527830225,0.0768273940421806,0.17546,0.287091,-0.3707320979669841,-0.4003906437968559,2.283820793188259,-0.0209366249999999,0.144552600862919,0.1460609348273007,0.242964,0.461907,-1.1008486986908146,0.5424739110705794,1.6634427287986024,8.121133874999998,164.90422658648183,165.10407857318793,251.531631,497.102796,-1.4037373810163425,-0.0766463927048489,1.5234731520487554,0.3223399960436311,-0.0426046658384162,0.0965848141102317,-0.9965119505899738,0.0004653270513128,0.0008846597618274,0.5259954972424331,True,A,N_71,train
148,71,2719,2022-07-12 00:08:56.680,False,0,0.009534625,0.0588047167483984,0.0595726765031587,0.128582,0.23105,0.1336737237216088,-0.9142541620053606,2.158405623980688,0.00598,0.1435122283160916,0.143636764361531,0.237413,0.383752,-1.4957045752855185,0.3629336212562229,1.6528707051798794,9.9092734375,161.04329733082363,161.3478766988993,245.571165,487.566051,-1.4027612994610428,-0.0644446025736291,1.521998119989361,0.3904546696558491,0.1402482770034649,0.0651570973962957,-0.9981257095787776,0.0003692188439165,0.0008902302732472,0.4147453249031384,True,A,N_71,train
149,72,2737,2022-07-12 00:09:00.084,False,0,-0.001153625,0.0357367602019877,0.035755375545154,0.076443,0.13524,-0.375514515368641,0.5827906628910593,2.137944262491752,-0.0001791874999999,0.0532368877872978,0.0532371893457712,0.118512,0.210308,-0.2249484661590806,0.3244591824922808,2.2261130134101204,2.6077035625,81.20269076703242,81.24455123684399,110.864652,219.345118,-1.5328387788313516,-0.0621838388482546,1.3645795356393506,-0.3327262463248536,-0.0420110258684702,0.0930600796052662,-0.9953661811959302,0.0004400956741199,0.0006552708893741,0.671624027950194,True,A,N_72,train
150,72,2753,2022-07-12 00:09:01.684,False,0,0.0039801875,0.0380586108821294,0.0382661698476931,0.061522,0.1114209999999999,-1.1780278854070567,-0.5358275329179133,1.607738643424979,0.002733625,0.0571679004882493,0.0572332207015733,0.120363,0.213567,-0.6057538823095294,0.3779621724293568,2.103026852666554,4.246831375000001,80.96800927335086,81.07930748604797,110.864652,220.537211,-1.5111332044940844,-0.0777064818444855,1.3673606181093427,0.4401276820517914,0.3219287781478776,-0.2404242169068509,-0.9952473280712668,0.000471959751929,0.0007058918295697,0.6686006724524804,True,A,N_72,train
151,72,2769,2022-07-12 00:09:03.284,False,0,-0.0024556874999999,0.0202476654664147,0.0203960377999625,0.046243,0.091927,0.723963511204162,0.2086956098486336,2.267254084030231,-0.0026980625,0.045674333948987,0.0457539541781636,0.075268,0.14648,-1.269870803052053,-0.0329303974846943,1.645060003052634,3.650785,80.94771319084785,81.0299975437738,109.672559,219.345118,-1.507475553604564,-0.0687710831027165,1.353480961674138,0.0550032560612634,-0.5560256560397946,0.1026399159668315,-0.9973592638931024,0.0002517097176134,0.0005646545176488,0.4457765053604186,True,A,N_72,train
152,73,2787,2022-07-12 00:09:06.833,False,0,0.0578091875,0.069115903589748,0.0901049959127544,0.156297,0.209865,-1.344872346421834,-0.1557783403716237,1.73460970079103,0.0110663125,0.0721503314681564,0.0729940655348946,0.144136,0.2317769999999999,-0.8606731255846802,0.4743166010999459,1.974626278777362,3.2037499375,100.2640946863861,100.31526651982055,149.01163,294.44698,-1.4216348001712478,-0.0869792402417752,1.4854332263629872,-0.0837949400346168,0.2885036830712633,0.263965954651185,-0.99478227515251,0.0008982181779375,0.0007276466291446,1.2344153631185255,True,A,N_73,train
153,73,2803,2022-07-12 00:09:08.433,False,0,-0.0281696875,0.0540345567562078,0.0609365622404767,0.130974,0.186284,-1.0481534650066773,-0.1182926747254509,2.1493499991537304,0.0042670624999999,0.0850734532282755,0.0851803983705318,0.141752,0.267188,-1.220768518392965,0.2111702616997188,1.6641387304081818,5.0663953125,101.19326985482172,101.32001887767932,150.203723,298.023259,-1.391839139598209,-0.0868174240469054,1.4824683676908563,0.1273645790114237,0.1591756619882864,0.1685940531090433,-0.9963222800437196,0.0006014266767364,0.0008407064992098,0.7153824519040732,True,A,N_73,train
154,73,2819,2022-07-12 00:09:10.033,False,0,-0.0138688125,0.0838449257142454,0.0849842075222655,0.205741,0.341098,0.6612873880945127,0.7752539476888429,2.420932147259202,-0.0235009375,0.1057789609967813,0.1083581222287351,0.170168,0.303904,-1.4775674438229842,0.0967252723156473,1.5704221935554523,6.109476812499999,101.59042012700542,101.77396115168132,154.972095,305.175818,-1.38397929094233,-0.0749703490927803,1.5227086893968242,0.4782990331976752,-0.3522874145681635,0.0368938651609946,-0.9968933405076198,0.000835028985416,0.0010646939649645,0.7842901461772369,True,A,N_73,train
155,74,2837,2022-07-12 00:09:13.436,False,0,0.0088134375,0.0651845655647952,0.0657776882266129,0.172657,0.273274,0.553347456359929,0.6751541409080868,2.624856614072137,0.0037962499999999,0.1715842106956887,0.1716262010129135,0.281671,0.534875,-1.333294989327586,0.0348311794170811,1.6411888064737068,-9.313226812500002,175.82221506322168,176.0687010896566,261.068375,516.176285,-1.409349541596266,0.0659740537183172,1.4827642470484317,0.3997361900283546,0.1709889483410373,0.0238707095317146,-0.9985559493786867,0.0003735910347468,0.0009747683713842,0.3832613426062127,True,A,N_74,train
156,74,2853,2022-07-12 00:09:15.036,False,0,-0.0090268124999999,0.0949621036086361,0.0953901696491179,0.180725,0.320355,-0.8760574494094073,-0.3241826683180113,1.894587258464648,0.0005821249999999,0.1723128786172391,0.1723138619115566,0.280717,0.5496110000000001,-1.1948202161423431,0.2194800234703945,1.6291028294872951,-7.3015699375,176.4926224597941,176.64359231596148,259.876282,518.560471,-1.4104656725643685,0.0851025525764812,1.4711899740759384,0.4421011037673393,0.000314778555661,0.0650598761821199,-0.9955301159118972,0.0005400148875963,0.000975488890666,0.5535838416649194,True,A,N_74,train
157,74,2869,2022-07-12 00:09:16.636,False,0,0.0012854375,0.0684276245249029,0.0684396971624473,0.146688,0.261375,-0.5016378808654212,-0.5159371569418425,2.1433174908974806,0.014601875,0.1608342417983788,0.1614957215791644,0.246783,0.489826,-1.355114404238178,0.0086886029501728,1.5281085937563252,-6.332994250000002,178.58220080614137,178.69445783497466,258.684189,512.600006,-1.4362528925444955,0.0815135899010621,1.4476340908059742,0.4447623353867911,-0.1412440064089954,0.1161548953437303,-0.9937686978169132,0.0003829984320255,0.0009037533874067,0.4237864414810426,True,A,N_74,train
158,75,2887,2022-07-12 00:09:20.084,False,0,0.0062168124999999,0.0914573731303405,0.0916684234486581,0.164631,0.3082979999999999,-1.101829769588608,-0.0127276981799128,1.7959401264515789,0.0006423124999999,0.1059053721983207,0.1059073199822018,0.197544,0.331186,-1.0848092703028132,0.4993201795463647,1.8652535068699496,7.003546499999999,107.82749630039012,108.0547019892624,163.316746,324.249306,-1.385812844401593,-0.0760802017818451,1.511426555192657,0.2502090975741277,-0.1093123488379172,-0.0082215943619351,-0.996485337953008,0.0008483520083907,0.0009801268989916,0.8655532352632789,True,A,N_75,train
159,75,2903,2022-07-12 00:09:21.684,False,0,0.000593375,0.1069340521021455,0.1069356984027083,0.173968,0.32728,-1.1906218441831409,0.0997112757888658,1.62684681166859,0.0018848124999999,0.1020046099118924,0.1020220219434877,0.166856,0.290132,-1.3595195126153738,0.3358475291299715,1.6354900326561377,7.2270640625,104.78768073467188,105.03660547025976,156.164188,311.136283,-1.393139525845668,-0.0598518116982487,1.4867596615564331,0.0337458930626528,-0.0834579123248068,0.0146034483944676,-0.9974387298588973,0.00101808029614,0.0009712996863019,1.0481629001819075,True,A,N_75,train
160,75,2919,2022-07-12 00:09:23.284,False,0,-0.007903125,0.0851721816402478,0.0855380611781971,0.152642,0.25672,-1.4152150723590688,-0.2349806309133256,1.7844921652129635,0.0043953125,0.0992168535051623,0.0993141620889865,0.181877,0.315042,-1.149305774716696,0.4043561010253006,1.831329955107875,7.15255825,102.01715311740648,102.26758342554103,156.164188,302.791631,-1.406712244639616,-0.0498901061558194,1.527015528959868,0.0943868916864923,0.2336537283745232,-0.0170414208705929,-0.9987365519565222,0.0008364142215257,0.0009711206499887,0.8612876490017015,True,A,N_75,train
161,76,2937,2022-07-12 00:09:28.152,False,0,0.0443146875,0.0633668616369379,0.0773249680370933,0.125867,0.215053,-0.3710829517055183,-0.7067844484383066,1.6277665959023842,0.0007795625,0.1561576833664328,0.1561596292005795,0.238966,0.45463,-1.3796024030551295,0.1633595319273797,1.530267465562816,10.505319875,171.38240433915976,171.7040775949928,257.492096,511.407913,-1.3989309348130048,-0.0627709595122682,1.4996271469298463,0.2309883934012442,0.227223761886168,0.1018381214014591,-0.9983666797349608,0.0004503385657473,0.0009094695442755,0.495166186247619,True,A,N_76,train
162,76,2953,2022-07-12 00:09:29.752,False,0,-0.006047,0.0910452011839449,0.0912457936982576,0.174062,0.313282,-0.7481689850211288,0.2738217343741607,1.907616701495399,0.0024385,0.169550166025796,0.1695677005848254,0.280088,0.513066,-1.2403292016803662,0.2873883847176474,1.6517768362370835,11.6229070625,168.44009894385556,168.84063166429863,253.915817,493.526517,-1.423790989157125,-0.041470985164621,1.5038786250507172,0.5199448931779512,-0.0250453437076698,0.0482246296615373,-0.9993045324032376,0.0005404255646216,0.0010043062437836,0.5381083389322274,True,A,N_76,train
163,76,2969,2022-07-12 00:09:31.352,False,0,-0.0371491875,0.0715615959481923,0.0806295488426079,0.196815,0.3245099999999999,0.707244702255049,0.114845056655108,2.4409785596616773,-0.0174794375,0.1708185717504718,0.1717105564320012,0.282233,0.556594,-1.2444832393496637,0.166311320868798,1.6436554971608075,11.2503780625,167.8651390512034,168.24171871218218,256.300003,509.023727,-1.4077248843244188,-0.0531214699101567,1.5234033803379212,0.4957870617251476,0.0046710883564611,-0.0175263492139171,-0.999043536786076,0.0004792482474608,0.0010206181780973,0.4695666388719546,True,A,N_76,train
164,78,2999,2022-07-12 00:09:41.691,False,0,-0.0184073125,0.0557091034400109,0.0586714015476236,0.1361,0.208366,-0.5556794465557666,-0.4650374021642184,2.3196991448981725,-0.0052664375,0.0918279877181847,0.0919788817735489,0.16177,0.2731369999999999,-1.1632480432976404,0.3758089628705075,1.758773284483671,2.1606686250000005,105.1183579708184,105.1405614945449,151.395816,302.791632,-1.4794077979157725,-0.0440497102200702,1.4399372977274332,-0.0615325460845227,-0.3701386546109088,0.097051197332332,-0.9675309162223438,0.0005580282310996,0.0008748182477446,0.6378790480631419,True,A,N_78,train
165,78,3015,2022-07-12 00:09:43.291,False,0,0.0224325,0.0413296370296183,0.0470250566533417,0.097675,0.152781,-0.4041756190558558,0.0641216608541692,2.0770841536680837,0.0007124999999999,0.0921631278806768,0.0921658819574792,0.151563,0.262487,-1.3994496273829422,0.3529508595156868,1.6444588472546011,2.7567151249999995,105.5336665458813,105.56966540108796,156.164188,307.560004,-1.4454363249914024,-0.0657211820673053,1.479252467142807,-0.0089253143757506,0.2104376238436445,-0.0143559062905318,-0.9850653722342492,0.000445440993629,0.0008730337602882,0.5102219569171677,True,A,N_78,train
166,78,3031,2022-07-12 00:09:44.891,False,0,-0.008337,0.0440443073563428,0.0448264049361534,0.083188,0.157197,-0.5450411129592752,0.4339654951541868,1.8557812101703288,-0.0004554375,0.0964683296242663,0.0964694047033177,0.183125,0.30966,-1.0475559908000456,0.5081494718911992,1.89827023980487,3.874302375,106.63945193881044,106.70980708774051,158.548374,315.904655,-1.406886214315474,-0.0831854889500503,1.485790091154752,-0.0057378856489226,-0.1543285143394336,0.1432268200018889,-0.9929494090481772,0.0004200776494637,0.0009040350398534,0.4646696543221415,True,A,N_78,train
167,79,3049,2022-07-12 00:09:48.366,False,0,0.01528975,0.0894803674937273,0.090777269301709,0.173829,0.34137,-0.4525733329548171,-0.5225876064719203,1.9148956708783424,-0.0110357499999999,0.1468594769679931,0.1472735337845025,0.227737,0.442505,-1.3089544979552303,0.1804856930469069,1.5463538773588157,-9.834767625,169.52651701597617,169.81155033096485,251.531631,497.102796,-1.413058500838813,0.0763767681625044,1.4812398244392782,0.2026764338497075,-0.0185443328277371,-0.1003380863552576,-0.9964960118051376,0.0005345765298342,0.0008672763042176,0.616385490108077,True,A,N_79,train
168,79,3065,2022-07-12 00:09:49.966,False,0,0.001214625,0.1027857816960078,0.1027929580893068,0.224613,0.439541,0.1219337073056188,0.1499689716228732,2.18510104364207,-0.0003068124999999,0.1635179536057198,0.1635182414451442,0.289794,0.54003,-0.9955720779980508,0.323723185659379,1.772242640569356,-8.717180249999998,164.68999280010306,164.92053528899604,246.763258,487.566051,-1.4182043667626292,0.066817733172484,1.4962555000660658,0.5883398282251949,-0.143100083676853,-0.0978770811655023,-0.9981246783231692,0.0006232878028753,0.0009914971544241,0.6286329719598349,True,A,N_79,train
169,79,3081,2022-07-12 00:09:51.566,False,0,-0.028294125,0.0617396311677869,0.06791420739617,0.132538,0.1986939999999999,-1.3343159915124474,-0.0987438497214142,1.9515504204717304,-0.0081909375,0.1595578346397744,0.1597679381229616,0.263712,0.517709,-1.3802958641606866,0.0794163039211262,1.650593999636149,-8.791686124999998,167.18912247130842,167.42011951269978,246.763258,491.14233,-1.4340674035172618,0.047885298348238,1.4739163890113074,0.4388886781348206,-0.02314576515228,-0.0111159899259765,-0.9991371555362778,0.0004056514091248,0.0009542935376464,0.4250803270922949,True,A,N_79,train
170,80,3099,2022-07-12 00:09:55.827,False,0,0.0001718125,0.0566094866422788,0.0566097473712566,0.114034,0.200907,-0.7562295124686651,0.3392210657454311,2.0143880744096068,1.5125000000001249e-05,0.0435598957196797,0.043559898345554,0.082613,0.156119,-0.8399344980854826,0.3035920488227466,1.8965379428722196,-0.5960465000000017,89.8459810199208,89.84795811181316,120.401397,239.610701,-1.5550363204453737,0.0471758815758833,1.34005713129467,0.4199832394070233,-0.052878029509903,0.1208791865011485,-0.9623435113936142,0.000630061590279,0.0004848178997161,1.299584010095253,True,A,N_80,train
171,80,3115,2022-07-12 00:09:57.427,False,0,0.0014853124999999,0.0591673417390442,0.0591859821384041,0.115828,0.216086,-0.8604728458830078,0.1163508116922886,1.957017452699198,-0.0032800625,0.054594687025695,0.0546931317574473,0.104377,0.169379,-0.6228586450068523,0.8230848152198923,1.9084114704363648,0.9685757499999994,88.50961524643674,88.51491473224021,119.209304,234.842328,-1.5780151308128596,-0.0008259550447766,1.3467708166540189,0.2036640311352764,-0.1030832822509401,0.0569777735425779,-0.9428088123195564,0.0006686554725544,0.0006178973557495,1.082146518887996,True,A,N_80,train
172,81,3141,2022-07-12 00:10:03.867,False,0,0.0287058125,0.064260470937835,0.0703806208869849,0.159828,0.229926,-0.6873310618910566,0.1861233936235224,2.270909207474128,0.0160996875,0.1119385520585505,0.1130904035476153,0.194249,0.320196,-1.440653229320477,0.3254481275897752,1.7176435303656312,-3.3527616874999997,113.42924882309622,113.47878876470725,168.085118,334.978143,-1.3965084030222277,0.0883762712782635,1.4812029616258624,0.1683304476616704,-0.1284462077697511,-0.0123491085804699,-0.995828446372278,0.0006202094827863,0.0009965774641999,0.6223394618744286,True,A,N_81,train
173,82,3172,2022-07-12 00:10:11.896,False,0,-0.01899475,0.088762193926736,0.0907718436424533,0.173773,0.289781,-0.9084442890894646,-0.4211691982051785,1.9143931975699964,0.0011888124999999,0.1771029085320942,0.1771068984700694,0.282336,0.554199,-1.300136033985913,0.1995137915815345,1.594155859760109,1.7136338125000012,179.7695313888321,179.7776987187333,258.684189,511.407913,-1.5135733158215157,-0.0210749833882026,1.4389114492154995,0.4227109139619791,-0.0296765992092919,-0.0325807498403085,-0.9559341018710744,0.000504911589643,0.0009851438734186,0.5125257368661645,True,A,N_82,train
174,84,3193,2022-07-12 00:10:28.656,False,0,-0.0070325624999999,0.0684262408272301,0.0687866801718363,0.124139,0.223569,-1.2306764598414943,-0.0759935719915344,1.804695323133604,-0.0074890625,0.195225475037349,0.19536906653994,0.271084,0.539485,-1.535688646892591,0.0049051798895798,1.3875482173355285,-4.5448545,172.7574892021755,172.81726122660882,250.339538,495.910703,-1.450359548149413,0.0764313904686511,1.4485794776699945,0.5225647903296132,0.0476728779048732,-0.0090928376190481,-0.9895557736029824,0.0003980313059216,0.0011304950972678,0.3520858311403869,True,A,N_84,train
175,84,3209,2022-07-12 00:10:30.256,False,0,-0.007595375,0.0808846646983182,0.0812404991660563,0.157218,0.283968,-0.6118888287646733,0.2963171879129453,1.9352170606269288,-0.0143797499999999,0.1885788372291215,0.1891262939433594,0.281695,0.5370999999999999,-1.4424821716877605,-0.0198821900693918,1.4894544493340705,-6.332994187499998,171.53858355955845,171.65544694240998,249.147445,495.910703,-1.4108841035220243,0.0898864757102673,1.4514392024133578,0.3632360493160237,-0.037445241093324,-0.059907841613243,-0.9958210218411856,0.000473276558438,0.0011017785762825,0.429556871612927,True,A,N_84,train
176,84,3225,2022-07-12 00:10:31.856,False,0,0.001973375,0.082303214435916,0.0823268687329659,0.165658,0.298103,-0.540662505282071,-0.4154227227755199,2.0121984784496734,-0.0077359375,0.174548802940062,0.1747201457669163,0.272571,0.519798,-1.2907098260685714,0.2652080705815859,1.5600433413306591,-8.270145562500002,170.11593085579733,170.31683780107988,250.339538,499.486983,-1.4004017207166803,0.080047957584445,1.4698460893947665,0.3851303602168597,-0.0396642784931391,-0.1150135260066236,-0.9974542376343398,0.0004833748077751,0.0010258536268209,0.4711927658462078,True,A,N_84,train
177,85,3243,2022-07-12 00:10:35.872,False,0,-0.0038425624999999,0.0693226538180059,0.0694290689764561,0.127752,0.220537,-1.275476625797102,-0.2845067326582514,1.840036196413949,0.0014559999999999,0.0962730949856968,0.0962841043689195,0.157489,0.27484,-1.4150582593213472,0.3070011236799293,1.6356697819670147,-0.5960464374999996,112.15577857945088,112.15736239818796,163.316746,324.249306,-1.5078773493477362,0.0184154740938729,1.456139325211508,-0.0367896048575528,0.0142419159611957,-0.0557333661843591,-0.9471197942499668,0.0006190326474508,0.0008584733298834,0.7210854733657132,True,A,N_85,train
178,85,3259,2022-07-12 00:10:37.472,False,0,0.0067570625,0.0864677792088393,0.0867313941715311,0.144646,0.283605,-1.1906155770936269,-0.1424270987505634,1.667746741323327,0.003537125,0.0993778413995513,0.0994407693780574,0.163404,0.281765,-1.2989333350290266,0.3500634396323075,1.6432294422297251,-2.53319775,109.50469155952992,109.53398816982968,158.548374,314.712562,-1.4774681492126174,0.0602075147612786,1.4474810663716065,0.0503304248756329,-0.004274561418078,0.0269895708326061,-0.9737793763502388,0.0007918217497664,0.0009078530877911,0.8721915036859043,True,A,N_85,train
179,86,3289,2022-07-12 00:10:43.851,False,0,-0.013758375,0.0565903030064283,0.0582387781207676,0.120541,0.2178129999999999,-0.4891403810998422,-0.0698852596603233,2.06977213275386,-0.0080436875,0.0330639921888577,0.0340283483005346,0.061894,0.115939,-0.7014610147330766,0.3071765340039474,1.8188952179917448,2.309680312499999,83.20718518979916,83.23923528214013,110.864652,220.537211,-1.5945458311449954,-0.0586579900663954,1.3318797514684426,0.5402672601410243,-0.1679896657497921,0.1386947887327131,-0.9823821760360144,0.0006996553719332,0.0004088017890264,1.7114782535552144,True,A,N_86,train
180,86,3305,2022-07-12 00:10:45.451,False,0,0.0334711875,0.0676342825590494,0.0754633458702799,0.137349,0.220356,-1.0575296917256134,-0.1032171858577841,1.820075672712687,0.01086725,0.0458368060848757,0.0471074295055992,0.105203,0.160615,-0.128049876970195,0.6421848582969739,2.2332570701505907,3.427267375000001,82.56898288391923,82.64008165620776,112.056745,221.729304,-1.5526385638933484,-0.0802491856640285,1.355961208583614,0.4971851332457125,-0.0996056991975136,0.040710394835381,-0.9922470195463076,0.0009131567195712,0.0005700312555543,1.601941491231449,True,A,N_86,train
181,87,3322,2022-07-12 00:10:51.896,False,0,-0.0708803125,0.0777165249960704,0.1051849654540158,0.178369,0.289066,-0.3380666678380786,0.8226096042598423,1.695765162160731,-0.0338715625,0.1951101717988354,0.1980284370628685,0.334462,0.640301,-1.197757206799399,0.2456141744968504,1.6889594492624185,-10.505319812499998,179.7138168822815,180.020603606257,267.02884,526.905122,-1.4310656234837202,0.047225429499706,1.4833237676729958,0.2931243436973632,0.1722693905949821,0.0598056052827427,-0.9990890235653536,0.0005842940382761,0.0011000320690847,0.5311609131198792,True,A,N_87,train
182,89,3357,2022-07-12 00:11:09.294,False,0,-0.00058825,0.0979208382862784,0.0979226051979317,0.189929,0.347137,-0.7933303045341717,-0.2242112428863478,1.9395827921050004,0.0015278124999999,0.1920499412311869,0.1920560182288946,0.313065,0.596671,-1.2540771002183422,-2.0083873602666502e-06,1.6300712827800348,7.003546437499998,170.9608938570375,171.10428659475326,249.147445,494.71861,-1.430150984397058,-0.0836943324699667,1.456114571752873,0.5923999758922901,-0.0932662091371249,-0.0721848351191725,-0.9966129520077102,0.0005722977907026,0.0011224500686167,0.5098648097620475,True,A,N_89,train
183,89,3373,2022-07-12 00:11:10.894,False,0,-0.015946375,0.0530877956983464,0.0554310466052193,0.113091,0.179348,-1.1953114248854158,-0.2742744390393232,2.0402104402869314,0.0136679375,0.180630040514261,0.1811464160608415,0.314021,0.575372,-1.220773498378367,-0.2136756081011374,1.7335203578884495,5.8114536875,173.10194273390533,173.19946758640512,250.339538,495.910703,-1.4589145051169483,-0.0732917922639263,1.4453828379992653,0.4289187398742393,0.1436334872551178,-0.086967135517217,-0.9916988350528484,0.0003200416685898,0.0010458832153769,0.3060013430605316,True,A,N_89,train
184,89,3389,2022-07-12 00:11:12.494,False,0,0.010868875,0.1055458862147614,0.1061040364011897,0.199783,0.38038,-0.955665373504606,0.1689962974797958,1.8828972655159029,0.008349625,0.1873717853946649,0.1875577303115629,0.282252,0.515518,-1.4993985492668067,0.1810959242339986,1.5048806547783176,3.5762792500000007,175.09012301116974,175.1266426028334,247.955351,494.718609,-1.4989168302118463,-0.0478280665546945,1.4158630994961376,0.4889671785932324,0.0404330276201728,-0.0196468366255373,-0.9770472348045214,0.0006058703280335,0.0010709834181936,0.5657140136262804,True,A,N_89,train
185,90,3407,2022-07-12 00:11:16.040,False,0,-0.0057455,0.069958249559112,0.0701937849928681,0.131142,0.253451,-0.5327274976640579,0.3671470990388317,1.868285062749136,0.0038321874999999,0.1146286386070354,0.1146926782751954,0.208394,0.349499,-1.137933645348583,0.5306056913915826,1.8169773618850893,-7.5995931875,130.9451088098956,131.16545024453234,195.503258,391.006516,-1.3906283226862757,0.0671208557619019,1.4905088011783774,0.4696075210814935,0.0672512229443431,0.0561671057070471,-0.9976108513635588,0.0005351545308768,0.0008744122637582,0.6120162685925254,True,A,N_90,train
186,90,3423,2022-07-12 00:11:17.640,False,0,-0.0025615624999999,0.0789133020701902,0.0789548658795802,0.185331,0.284956,-0.3743928414191062,-0.5870809076833693,2.347303081771575,0.0069778749999999,0.1306283920506349,0.1308146304862342,0.248119,0.392766,-1.1467394011753895,0.6390497031086648,1.8967220950573251,-7.9721221875,126.91223028361884,127.16237229516727,193.119072,380.277679,-1.4075876927540714,0.0504184206678956,1.518680947157348,0.4257225203469292,-0.0759878279919213,0.0919499514706335,-0.9987243855120485,0.0006208980255284,0.0010287212178032,0.603562962232185,True,A,N_90,train
187,90,3439,2022-07-12 00:11:19.240,False,0,0.00275525,0.0835362129539489,0.0835816383977366,0.151123,0.299056,-0.8801964869662711,0.2284767808129285,1.8080885095941408,-0.0008139375,0.1344808137604899,0.1344832768932163,0.250492,0.4055269999999999,-1.0848694054533956,0.5317357259704143,1.8626256422863487,-7.8231105625,122.60458746546044,122.85392108699187,185.966514,369.548842,-1.4000936765766794,0.0512927152378925,1.5137206232784266,0.2860741544032412,0.0952630378064024,0.0110371580168669,-0.9993841307947448,0.0006803335022457,0.0010946600295971,0.6215020954917903,True,A,N_90,train
188,91,3456,2022-07-12 00:11:24.056,False,0,-0.0204237499999999,0.0425541138588562,0.0472015060180816,0.104048,0.155608,-0.8907509084196481,-0.2615297940838478,2.2043364455392997,-0.0180168125,0.0623370345934288,0.0648884536305381,0.157258,0.244186,1.6241411923289544,1.4340836160963215,2.423512831657163,5.2899128750000015,79.5727333777408,79.74837349708216,108.480466,213.384653,-1.5453038446608731,-0.0627781745168427,1.360284369987422,-0.5350231959453423,0.0260360152946936,-0.297233135913478,-0.9972900625208448,0.0005918804854347,0.000813664916099,0.7274253488430713,True,A,N_91,train
189,91,3472,2022-07-12 00:11:25.656,False,0,-0.0234955625,0.0495739591821764,0.0548599934942349,0.093161,0.173978,-0.8266805166803923,0.4349097921486045,1.6981591514368295,-0.0128701874999999,0.0470137555086523,0.0487435629936148,0.102138,0.183469,0.2138322885445522,0.6138952727294171,2.095415142577483,4.768372187499999,79.9602567665071,80.10230980118031,109.672559,219.345118,-1.5368407594012896,-0.0673041560398623,1.3691560115084718,-0.2094962255597048,-0.0846130766702745,-0.0060191608099279,-0.9973006551194118,0.0006848740520766,0.0006085163226204,1.1254818098016617,True,A,N_91,train
190,92,3492,2022-07-12 00:11:32.266,False,0,-0.0176325,0.0851162916345925,0.086923461492712,0.179414,0.313612,-0.7172424005710702,-0.1515175130612164,2.064045735397256,0.0045088124999999,0.176975344183243,0.1770327705226845,0.267778,0.512384,-1.513817803835016,0.1082762775296055,1.512590009236101,-9.0152034375,170.52919458601053,170.76732737609075,251.531631,498.294889,-1.4179094872066875,0.0659333974957729,1.4729493918121548,0.5110473618616657,-0.0226254286439198,0.0897842751963928,-0.998602520323923,0.000509016934494,0.0010366899408854,0.4910020965952962,True,A,N_92,train
191,94,3523,2022-07-12 00:11:49.526,False,0,-0.00924525,0.0500262767259617,0.0508734017992211,0.089664,0.164429,-1.0265021191517056,0.4189494935295332,1.7624927138521465,0.0088100625,0.1390897772881192,0.1393685163417925,0.269585,0.448942,-1.1942240706371463,0.2616774534864109,1.9343321366703772,-1.937151125,147.28734889767313,147.30008723617914,213.384653,420.808841,-1.4807438045330985,0.0380765633067716,1.448639013077173,0.4124337570450898,-0.0416416186730781,0.0148324648404067,-0.9740439610263444,0.0003453725164307,0.0009461536578612,0.3650279355378752,True,A,N_94,train
192,94,3539,2022-07-12 00:11:51.126,False,0,0.0164955625,0.0838372966994469,0.0854446949790477,0.198996,0.336828,-0.2846619977612832,0.2460821761468092,2.3289450567855234,0.008795875,0.1231005973979589,0.123414442010447,0.209765,0.408638,-1.2635634926262411,-0.0216541992482711,1.699679523586416,-0.6705521875000016,151.49901416352972,151.50049812709378,218.153026,432.729772,-1.4988826798149977,0.0013467477314028,1.439949232490255,-0.0467814231996153,0.0319032158042809,0.0015491209125711,-0.9611972212499558,0.0005639895316209,0.000814614100522,0.692339515433816,True,A,N_94,train
193,94,3555,2022-07-12 00:11:52.726,False,0,-0.0141921875,0.1261109352738783,0.1269069981588387,0.200536,0.3960019999999999,-1.2517848035783632,0.0014703389595316,1.5801807852156906,0.0050436875,0.1905954965918393,0.1906622199196461,0.326904,0.621501,-1.2202466357022814,-0.0135731970866585,1.714571455938006,1.4156104999999997,154.96133036165307,154.9677962046989,224.113491,447.034889,-1.4912542180427204,-0.0309938837559707,1.4461939608663317,0.6472551974786954,0.0268210944683648,-0.0016114586157591,-0.969894244032351,0.0008189249719419,0.001230334460379,0.6656116676514268,True,A,N_94,train
194,95,3573,2022-07-12 00:11:56.244,False,0,-0.0015523125,0.0741666525861848,0.0741828958044743,0.140719,0.25169,-1.0540752276977492,-0.2600174746255594,1.896919747793298,0.0067558125,0.1370283706879795,0.1371948081231119,0.233085,0.4143829999999999,-1.3371925382839098,0.1612781242632202,1.6989345529084516,-3.0547383125000014,148.51786242961415,148.54927427227523,224.113491,441.074424,-1.4409802628140564,0.0809721098791542,1.5086811571305525,0.3206194208326412,-0.0783879722476988,0.0431685512993405,-0.9871410901666324,0.0004993824181766,0.0009235643108673,0.5407121218312156,True,A,N_95,train
195,95,3589,2022-07-12 00:11:57.844,False,0,0.003115375,0.0891080670091623,0.0891625098766292,0.158735,0.3121239999999999,-0.7840217698042107,-0.1555021229163159,1.7802886013374413,0.00847375,0.1466574508759698,0.1469020501439649,0.246369,0.441109,-1.422948520896936,0.241857933588484,1.6770970844760624,-0.1490116874999998,146.8797436332205,146.8798192204892,216.960933,432.729773,-1.4883865617639804,0.0381178530076981,1.477132353181265,0.3899386524912031,0.0155307353234111,0.0435637536544521,-0.9593315213653428,0.0006070439788789,0.0010001513545127,0.6069521139374797,True,A,N_95,train
196,95,3605,2022-07-12 00:11:59.444,False,0,-0.001379125,0.0736322741346101,0.0736451884375347,0.174688,0.283355,0.1618633799089099,-0.9584248099969336,2.372021902668753,-0.0043298749999999,0.1334382587706178,0.1335084893227767,0.20091,0.374737,-1.5318835674750335,0.2134171590179373,1.504848126281093,2.384186125000001,143.30302059390024,143.32285252120278,211.000467,418.424655,-1.4940046236565747,-0.0105738278152799,1.472203931810422,0.2198669407979555,0.0050575794615416,0.0386406475136046,-0.9492792759833732,0.0005138412133308,0.0009315226914216,0.5516142742015936,True,A,N_95,train
197,96,3623,2022-07-12 00:12:04.143,False,0,0.0016610624999999,0.0197685072004335,0.0198381704187281,0.046058,0.085865,0.4443674253719543,-0.5914421353977461,2.3216858726306318,0.0003125,0.0446292976543996,0.0446303917232977,0.107026,0.171116,0.0356521397579552,0.6190080119931927,2.3980519970236087,0.3725290000000008,83.07177825314129,83.07261353776538,109.672559,218.153025,-1.614158810237778,0.0092282055087004,1.3202011388523622,0.1210807492486944,0.0050322651793992,-0.1340502624553003,-0.9474427121007544,0.0002388051798768,0.0005372455472706,0.4444991328268428,True,A,N_96,train
198,96,3639,2022-07-12 00:12:05.743,False,0,-0.01695475,0.0363805792825993,0.0401373902552221,0.067391,0.101566,-1.6055917884821915,0.0530760056638544,1.6790080165023191,-0.00507825,0.0451919283217423,0.0454763565877918,0.08407,0.158855,-0.8465476551559092,0.0685627568476942,1.848652933260019,-0.5960464375000001,82.83223947636147,82.83438397202548,109.672559,219.345118,-1.603279605722502,0.0434259103588341,1.3239980034986223,0.1011507247482624,-0.1385799032804465,-0.0258753316936692,-0.964467369784486,0.00048454987326,0.0005490033776692,0.8825990749223085,True,A,N_96,train
199,97,3661,2022-07-12 00:12:12.164,False,0,-0.0113315625,0.0669770332324528,0.0679288398937631,0.158395,0.310353,0.963038132885627,0.2397774684618387,2.3317783764262856,-0.013536125,0.1642709210682444,0.1648276742195466,0.292293,0.522636,-1.1702456341527654,0.338612944048309,1.773324785318954,8.046628124999998,142.94340065608475,143.1697035524905,212.19256,420.808841,-1.3949698330330749,-0.0635602032830413,1.482105185209129,0.4111037897334241,-0.2809066051368181,0.0463098698593182,-0.9982185624716972,0.0004744637881355,0.001151274816736,0.4121203567022578,True,A,N_97,train
200,98,3686,2022-07-12 00:12:20.177,False,0,-0.0022271875,0.0512556180069789,0.0513039836799979,0.132525,0.221956,0.7183500596832415,-0.7615135476960533,2.5831327412430127,0.0075220625,0.0503737483361482,0.0509322682165982,0.106382,0.168971,-0.740037626530726,0.5718007121464967,2.0886955112148606,-2.980232562499999,80.05461697718158,80.11007106157025,108.480466,216.960932,-1.5284042036917245,0.0763073798811142,1.3541426759767208,0.0826923809600392,0.4612892261653366,-0.300012475827027,-0.9966879636911732,0.0006404186514897,0.0006357785924001,1.0072982310903371,True,A,N_98,train
201,100,3722,2022-07-12 00:12:38.192,False,0,0.018151125,0.0677026497227721,0.0700935954153444,0.136387,0.227587,-0.9906427498418138,0.0267560247822293,1.945784050480352,0.0170960625,0.0614821730773123,0.0638148333799634,0.151614,0.240848,-0.5015732046664141,0.2635155592633981,2.375842605390296,6.0349710625,88.58509520438035,88.79042723229989,131.130234,255.10791,-1.4532847748008493,-0.0509028025723421,1.4768510309892715,0.2831748151953808,0.284373770079305,-0.176560590240088,-0.9986972822768492,0.0007894273921214,0.0007187129893294,1.098390322481864,True,A,N_100,train
202,100,3738,2022-07-12 00:12:39.792,False,0,-0.009802125,0.081190125196106,0.0817796923684297,0.181551,0.3417449999999999,0.4017894294775783,0.1746440224337001,2.2200010142137203,0.001197125,0.0567870526483315,0.0567996695126829,0.106064,0.192233,-0.8354126381295566,0.523497963476335,1.8673348086350527,5.960465125000002,88.53347616473452,88.73389175685892,131.130234,258.684189,-1.450775617892856,-0.0575293124025735,1.4777919845926732,-0.1944313218322395,0.0537719193896985,0.1355195274666178,-0.999285951863274,0.0009216285992787,0.0006401124574623,1.4397916936852768,True,A,N_100,train
203,100,3754,2022-07-12 00:12:41.392,False,0,-0.0081473749999999,0.0565473283629242,0.0571312529564598,0.113997,0.214281,-0.358690106846713,0.2451863587612847,1.9953527027821008,-0.008915625,0.0594456419038382,0.0601105041610865,0.119014,0.204291,-0.908477818462845,0.0268059066070154,1.9799201763648755,4.842877937499999,90.39539072959944,90.52502489297903,129.938141,259.876282,-1.4335122751032467,-0.0690987448414962,1.4353836538969875,0.1202564585333729,-0.0604614925755429,0.0161700884098996,-0.9983090338587592,0.0006311100496686,0.0006640208520478,0.9504370950434424,True,A,N_100,train
204,101,3772,2022-07-12 00:12:44.747,False,0,0.018648375,0.0780425885885993,0.080239687958952,0.1406,0.256629,-1.0937408171244658,0.16340219970577,1.7522500844211435,0.0053676875,0.1829154213061048,0.1829941622584925,0.305678,0.566426,-1.288709919708721,0.2312060219840983,1.6704248716317387,-7.74860475,170.1109870631658,170.28737121459207,247.955351,494.718609,-1.4229458175225371,0.0791095649360799,1.4560994701570242,0.4602355977942069,0.1591943216004199,0.0126353665829088,-0.9972553518370608,0.0004712016363082,0.0010746196911331,0.4384822278953778,True,A,N_101,train
205,101,3788,2022-07-12 00:12:46.347,False,0,0.0009677499999999,0.0787320968581905,0.0787380442718131,0.129891,0.234183,-1.0123500694210723,-0.5485974871616601,1.6496599731586017,-0.0029193124999999,0.1880293764441206,0.1880520374562251,0.281586,0.529743,-1.5168303992558012,0.0677405109829481,1.4973834041311451,-5.960465312500002,173.2230550119983,173.32557207299593,247.955351,494.718609,-1.4430855004361316,0.086151756914219,1.430575696560077,0.6106435728167551,0.0977830393370471,0.0425266350292788,-0.9944077041202948,0.0004542782887146,0.0010849641816097,0.4187034894005963,True,A,N_101,train
206,101,3804,2022-07-12 00:12:47.947,False,0,-0.007882,0.048994262896282,0.0496242251400462,0.078461,0.153882,-1.3008356507324526,0.1984025902918864,1.5811027734654286,0.0125658124999999,0.1781271649093768,0.1785698365414425,0.29273,0.5529379999999999,-1.245140675465641,-0.2097951247747623,1.639302614985948,-3.799796437499999,175.5107623282481,175.55189018067912,252.723724,499.486982,-1.4797875272057142,0.0711746502393758,1.4395955733652035,0.6908508470907632,-0.0256157384200002,0.0407155396533841,-0.9860843516494496,0.0002826755387764,0.0010171911926306,0.2778981383484073,True,A,N_101,train
207,102,3822,2022-07-12 00:12:52.064,False,0,0.0088490625,0.0761074238941812,0.076620140165217,0.136637,0.257651,-1.0717431684331102,-0.2895315243982048,1.7833039681912335,0.0025440625,0.0924123788538829,0.092447390549639,0.147989,0.25706,-1.523300940466478,0.3999049451951312,1.600791532569415,5.7369476875,103.60860678445232,103.7673164757785,153.780002,303.983725,-1.3765584975509784,-0.0929207549933399,1.481969537449641,-0.0505309893094139,-0.1125538084840252,0.0234460661165536,-0.9976642073901888,0.0007383841344986,0.0008909104879012,0.8287972187173447,True,A,N_102,train
208,102,3838,2022-07-12 00:12:53.664,False,0,0.0029261874999999,0.0890107515887959,0.0890588371341525,0.138146,0.25571,-1.480009565357174,0.0588502993869047,1.5511767775712786,-0.001858875,0.0920483273373795,0.0920670950007384,0.15991,0.253098,-0.9608536863346564,0.749684421351486,1.7368854746499538,3.5017732500000007,102.91470159775729,102.9742599917564,150.203723,299.215353,-1.4284597837865387,-0.0827517029389364,1.4586530945891192,0.2412507921442351,0.0057076883034108,0.063281981312996,-0.9908346872428848,0.0008648650365759,0.0008940787242181,0.9673253743200888,True,A,N_102,train
209,103,3867,2022-07-12 00:13:00.089,False,0,0.0221050625,0.0586169685996179,0.0626464906913188,0.115738,0.1989099999999999,-0.9244811828191049,-0.2941693914630793,1.8474777872280437,-0.0007905625,0.0827465890044483,0.0827503654429241,0.159711,0.2712179999999999,-0.7865206294852314,0.6161030294943949,1.9300337726019865,3.2782558749999997,91.4688684623775,91.52759616295891,128.746048,257.492096,-1.4705893758287372,-0.0738914216070225,1.4066363959868022,0.3455920361778639,-0.2499266908765641,0.1203965133325838,-0.9941874568695568,0.000684454670696,0.0009041029035176,0.7570539459977169,True,A,N_103,train
210,103,3883,2022-07-12 00:13:01.689,False,0,-0.0285928125,0.0851434194456761,0.0898162056733778,0.148078,0.275271,-1.2099858660616096,0.2788905654681501,1.6486779739782689,0.01005325,0.0588242372820294,0.0596771206357595,0.113481,0.191984,-1.2114986317915868,0.3718434230337579,1.9015830320070808,4.321337375000001,91.47408736309356,91.576102863244,133.51442,263.452561,-1.444914273856562,-0.0742827962713578,1.45796136574391,-0.0552865793074749,0.1828317104823888,-0.0792407593724026,-0.9966128632017892,0.0009807821349146,0.0006516669608104,1.505035844835288,True,A,N_103,train
211,104,3901,2022-07-12 00:13:07.971,False,0,0.0051149375,0.0355533008778171,0.035919351176455,0.0634,0.1099229999999999,-1.4071479766407466,-0.0199993958120418,1.7650652899754615,0.0076525625,0.0539990161368343,0.0545385685232249,0.103343,0.200578,-0.7089490258828612,-0.4967155109653567,1.894860880992724,3.948808062500001,79.45740369012697,79.55546547089186,108.480466,214.576746,-1.5431331708275309,-0.052330008824877,1.3635828205881262,0.1497815837588314,-0.3395190101007558,-0.0690068690595606,-0.9982095380729638,0.0004515007355415,0.0006855414420669,0.6586045829413175,True,A,N_104,train
212,104,3917,2022-07-12 00:13:09.571,False,0,-0.0147199374999999,0.031603696200897,0.0348635938130666,0.093979,0.1198789999999999,0.1431748731322311,-0.8165155396605623,2.6956199783619907,-0.0196531875,0.049776257225733,0.0535156384836479,0.117955,0.212647,1.2830079987857044,1.0184228250530611,2.2041220723927637,4.246831562500001,80.86153510990282,80.97297968242427,110.864652,220.537211,-1.5368421867372664,-0.0541987841908055,1.3691561362174245,-0.016666780895187,-0.3598426923317455,0.2944348493899485,-0.998003486448613,0.000430558365887,0.0006609073630924,0.6514655304676868,True,A,N_104,train
213,105,3935,2022-07-12 00:13:15.873,False,0,0.0150439374999999,0.0486406142956541,0.0509139412593692,0.089346,0.138987,-1.618812506146504,0.1992953918301696,1.7548435220296066,0.0112784999999999,0.0763036747599681,0.0771327125422476,0.131021,0.210376,-1.4173671457141936,0.4519264482072999,1.6986437489571804,1.8626453125,103.13841319598605,103.1552312010696,151.395816,301.599539,-1.4590464518752952,-0.0557643856133174,1.4676503967588432,-0.1292986026383064,0.2660821782832103,0.0929118382698337,-0.9840421790567634,0.0004935662560837,0.0007477343770564,0.6600823383656101,True,A,N_105,train
214,107,3966,2022-07-12 00:13:33.336,False,0,0.0580328125,0.0707225025904226,0.0914848604923923,0.176041,0.273659,-0.3683159028701084,-0.2567866042666883,1.924263742137302,0.0203835,0.0747247250505145,0.0774549650191968,0.151768,0.215213,-1.245995411233196,0.5139492952763556,1.9594353952956416,6.556511562500001,98.24557209008572,98.4641065524764,150.203723,292.062794,-1.431485782428383,-0.0323949697023365,1.525466774229541,0.0695922226883282,-0.3831421435520027,0.0626573194342741,-0.9995239464574324,0.0009291188809359,0.0007866314714176,1.1811361669289808,True,A,N_107,train
215,107,3982,2022-07-12 00:13:34.936,False,0,-0.018840875,0.045609531854475,0.0493478263629716,0.092509,0.1768719999999999,-0.2605849749682969,0.4085905332011805,1.874631707576375,0.006925625,0.0848212243146394,0.0851034921485305,0.169944,0.286692,-1.050386175631987,0.1613703628296179,1.9969098295449252,5.885959312500001,101.77960634349051,101.94965808900146,151.395816,300.407446,-1.3928165844719809,-0.0672240187807661,1.4850056276582344,0.264328865992262,-0.1672709616941165,-0.3349117670085176,-0.9983726770108532,0.0004840411168411,0.0008347599564702,0.5798566559036759,True,A,N_107,train
216,107,3998,2022-07-12 00:13:36.536,False,0,-0.0389603125,0.0622379075370456,0.0734265829566343,0.134971,0.193789,-1.2870116147727728,0.0824416033482545,1.8381762376129331,-0.0209324375,0.0853028503340954,0.0878336109630732,0.137082,0.262192,-1.3911966302104166,0.2865864749194257,1.5607009491802817,4.693866374999999,104.5755664286384,104.6808553433574,156.164188,309.94419,-1.4085110712491369,-0.0841337221787994,1.4918123040528777,0.3222035788819755,-0.0505183396430245,0.1155862003037394,-0.9942464611630394,0.0007014327759912,0.0008390608834344,0.8359736341422204,True,A,N_107,train
217,108,4016,2022-07-12 00:13:39.886,False,0,0.003043,0.0965106669156316,0.0965586281877492,0.196125,0.355028,-0.532191647101981,-0.261297279432274,2.031149403020238,0.005029875,0.2033909467094329,0.203453131816335,0.340984,0.627222,-1.2409266862028607,0.1390546316207625,1.6759830480654354,8.6426745,175.21866872163665,175.43168952927402,255.10791,507.831634,-1.4282296490032955,-0.0792793130782129,1.4541723373041475,0.6159783542720152,-0.0838137083385033,-0.0722177874408482,-0.9966474343173436,0.000550405849974,0.001159728509497,0.4745988785019854,True,A,N_108,train
218,108,4032,2022-07-12 00:13:41.486,False,0,-0.0259438749999999,0.0673400144972094,0.072164826629737,0.159284,0.232447,-0.7754871099797596,-0.5324948009969434,2.2072248689413985,0.00773975,0.1914784516739089,0.1916348120397231,0.328484,0.635375,-1.1473629840083737,-0.0512040347446507,1.714114447702279,6.854534812499999,178.53981226734953,178.67134412646084,257.492096,507.831634,-1.4530734891194752,-0.0773888951749824,1.4411493754574938,0.5420152185702567,0.0777771522272276,-0.0723859130587182,-0.9932873691987396,0.0004038970377849,0.0010725548239234,0.3765747249240826,True,A,N_108,train
219,108,4048,2022-07-12 00:13:43.086,False,0,0.0133958125,0.1131214591662534,0.1139118620532449,0.218655,0.422455,-0.7177807456917558,0.0793522680642258,1.919510365810681,0.010143125,0.2047360720485263,0.2049871756540515,0.341688,0.598249,-1.311089993517237,0.340260176130247,1.666875007715862,4.6193605625,181.15935273668927,181.2182374265421,256.300003,510.21582,-1.4920078440116948,-0.0559429348815741,1.414316829474146,0.514462009742552,0.1472324789460487,-0.008188961752151,-0.9824981923944264,0.0006285893940416,0.001131161954586,0.5557023832822073,True,A,N_108,train
220,109,4066,2022-07-12 00:13:47.957,False,0,-0.00343225,0.0860016675016391,0.086070129273314,0.142083,0.265518,-1.4815553379556008,0.0327270878014265,1.6507817659808326,-0.0014488749999999,0.0963022402386589,0.0963131388427871,0.200733,0.315337,-0.6810969291273081,0.7895158197262665,2.084170471566276,7.003546625,101.14180129713851,101.38399101908745,153.780002,299.215352,-1.4114641617618071,-0.0432121254128252,1.5168075398713396,0.1910289158030604,0.009937137570596,0.0120825919233658,-0.998900328443272,0.0008489518750264,0.0009499836993461,0.8936488864079817,True,A,N_109,train
221,109,4082,2022-07-12 00:13:49.557,False,0,0.0037624374999999,0.073072773329032,0.0731695711203605,0.132336,0.258264,-1.1226882172571446,-0.2228372168324819,1.8086206871749104,0.0001021874999999,0.1002671180355371,0.1002671701078548,0.196055,0.332083,-0.8683166361560128,0.691514279336343,1.9553259535410108,7.301569812499999,100.12417275808278,100.39005375144102,152.587909,300.407445,-1.4088238057701077,-0.0521559490653041,1.519950466186594,0.2519817329012446,-0.1567685376868638,-0.0375252573026453,-0.9993329531343658,0.0007288527935399,0.0009987759380636,0.7297460479003638,True,A,N_109,train
222,110,4103,2022-07-12 00:13:55.976,False,0,0.0199314999999999,0.0627091338173714,0.0658004571137237,0.127468,0.2509409999999999,0.0226182211506138,-0.3292723578954492,1.9371901897230808,-0.0050554374999999,0.0476402205966355,0.0479077036270003,0.104843,0.192461,-0.3587749744037571,-0.1662686289896203,2.188437183637236,3.72529075,81.75172370707539,81.8365573582493,110.864652,220.537211,-1.5438284600129213,-0.0845948043659135,1.354708159516984,0.2769688752868511,0.147632488078467,0.4785127297165896,-0.996355726862306,0.0008040472282536,0.0005854071233382,1.3734838477342346,True,A,N_110,train
223,112,4136,2022-07-12 00:14:13.584,False,0,0.0316516875,0.0530824155131889,0.0618026873065605,0.143729,0.2146219999999999,-0.058968190324284,-0.1860832542626245,2.3256108474225314,0.0111174999999999,0.0337433218559613,0.0355276030168797,0.071098,0.125851,-0.4213380154751975,-0.1991284462085016,2.0012045272578693,-4.023314125,80.72401589343359,80.82421542156622,109.672559,218.153025,-1.5283858922869042,0.058265450228562,1.3569269856560366,0.1706523068820599,-0.1433996008755889,-0.1060566858704604,-0.9977878047218393,0.0007646555798185,0.0004395663209543,1.7395681683674846,True,A,N_112,train
224,112,4152,2022-07-12 00:14:15.184,False,0,0.0203578125,0.0462219949026147,0.0505065673211167,0.085657,0.16091,-0.7113497190164955,-0.6334211184121136,1.695957665374476,0.0098027499999999,0.0372082296180898,0.0384778671300138,0.07511,0.134423,-0.3856663499131589,-0.6012472756328504,1.9520312741402452,-3.5762790625,81.14336566871863,81.2221371547207,110.864652,221.729304,-1.5190152210962755,0.0654278596549661,1.3649561053634065,0.158595920240095,-0.1231773924666571,-0.1136960035770106,-0.9972613902128754,0.0006218325334742,0.0004737362063832,1.3126134863572048,True,A,N_112,train
225,112,4168,2022-07-12 00:14:16.784,False,0,-0.045725,0.0518174223584597,0.0691073142646637,0.137809,0.1938909999999999,-0.3598180704603821,0.0920218761156811,1.9941304544440248,-0.015188,0.0514801997070232,0.0536738884922175,0.112031,0.179689,-0.6672886411446637,-0.5343229012088782,2.087253283619353,-3.650784937500002,81.51518391534377,81.59689601579338,110.864652,220.537211,-1.516867903257516,0.0587646737365371,1.3586871243060734,0.0889859146481407,0.3699503897013744,0.4137981523742042,-0.9980195667966278,0.0008469355776877,0.0006577932631386,1.287540668395658,True,A,N_112,train
226,113,4186,2022-07-12 00:14:20.310,False,0,-0.0024621875,0.0584825354007702,0.058534343031997,0.102412,0.20093,-1.0918456770729137,0.1797135891279056,1.7496053546550925,0.0110485625,0.1793528503470772,0.1796928369772638,0.281075,0.5413920000000001,-1.4233742933181817,0.0505306082722929,1.5641970193590071,1.1175871249999991,171.2052027931994,171.2088504267303,244.379072,483.989772,-1.5064861569376429,-0.0146182635920789,1.4273740603414853,0.4004635314678108,-0.0393416348291522,0.0218599106830481,-0.9610170552919496,0.0003418885348865,0.0010495534344713,0.3257466686855374,True,A,N_113,train
227,113,4202,2022-07-12 00:14:21.910,False,0,-0.00403175,0.0796323572138706,0.079734354725551,0.142625,0.272047,-0.8210426331289864,0.0115221859977122,1.7887521695123918,-0.0041640624999999,0.1867437136888644,0.1867901336227706,0.298161,0.554243,-1.4879638146130036,0.0961348301383012,1.5962352733370109,2.9802326875,172.39814798685134,172.4239055820507,247.955351,489.950237,-1.4849321480892894,-0.0492119702480051,1.4380566903584402,0.4714809792201562,0.0550391679125532,-0.000166637175737,-0.9812115509064848,0.0004624321346648,0.001083319235765,0.4268659868651168,True,A,N_113,train
228,113,4218,2022-07-12 00:14:23.510,False,0,-0.0012624375,0.0781102615393527,0.0781204627878477,0.155012,0.295821,-0.3693029686948583,-0.3044017908324999,1.9842688390232297,-0.0068049999999999,0.1839901594168829,0.1841159601643757,0.299524,0.5664370000000001,-1.2695055515659874,0.3127532287073397,1.6268225727557233,5.587936062499999,173.0079406366071,173.09815872145597,250.339538,500.679076,-1.4470363223555756,-0.0753504140628894,1.4462287747545508,0.6121544516752117,-0.0043333114231049,0.0550565329236843,-0.9931484631561502,0.0004513073008104,0.0010636505987371,0.42430033071605,True,A,N_113,train
229,114,4236,2022-07-12 00:14:27.908,False,0,-0.008703125,0.0747681662757244,0.0752729903285368,0.15699,0.2407349999999999,-0.7690860476261516,-0.6706356109792109,2.085608653446618,-0.0021152499999999,0.1261064743388994,0.1261242131898153,0.22088,0.352315,-1.139558460997987,0.6528092894098692,1.7512894186905914,-7.823110500000001,137.0790166821494,137.302067983116,209.808374,410.080004,-1.4262779565335646,0.0384062999986165,1.528078761536207,0.5653038703715404,-0.0960090851650683,-0.0022158086665852,-0.9992581675391224,0.0005482291085214,0.0009185893194654,0.5968163322870599,True,A,N_114,train
230,114,4252,2022-07-12 00:14:29.508,False,0,0.0021145,0.0561873849742982,0.0562271583889849,0.10677,0.198217,-0.8407353092141365,-0.2532022747504591,1.8989044273117053,-0.0152885625,0.1208337185986225,0.1217970758831569,0.21056,0.36335,-1.1910459681221046,0.5087185217993441,1.7287771358484465,-8.046628,138.2882515340403,138.5221597236788,214.576746,423.193027,-1.4203697590963436,0.0421144491687608,1.5490427410894645,0.180130841652923,0.1623413013729786,-0.1341294748971458,-0.9992036881463444,0.0004059073183752,0.0008792605899743,0.4616462093303872,True,A,N_114,train
231,115,4276,2022-07-12 00:14:35.936,False,0,-0.0034549374999999,0.038682956428621,0.0388369374589127,0.095402,0.173977,0.809267494427675,0.5593717519661846,2.4564758768873025,7.006250000000328e-05,0.0504065057029704,0.0504065543946171,0.098172,0.17761,-0.9324389350356884,0.1823634920729803,1.947603861820073,4.544854624999999,80.75079609329191,80.87859279971921,109.672559,219.345118,-1.5204745117323957,-0.0696173281447827,1.3560146783411984,-0.0301900804708793,-0.0755539227553335,-0.0202971260955411,-0.9970419009644688,0.000480188095694,0.0006232372825704,0.7704739577093582,True,A,N_115,train
232,116,4303,2022-07-12 00:14:43.837,False,0,0.003326,0.0632324042688952,0.0633198170056184,0.14141,0.240814,-0.4476977237466251,0.2664382152886251,2.2332660877313124,0.0048194374999999,0.1160863083813982,0.1161863071598262,0.205036,0.35899,-1.0593805386647777,0.5844073450512146,1.7647174181889762,3.9488083125,133.40841924592567,133.4668476168728,199.079537,394.582795,-1.4441466984574765,-0.0730941003154153,1.491602900305802,0.4047758080846232,-0.1890405596468543,-0.0300006250137037,-0.991081421774236,0.0004744235601292,0.0008705255966886,0.544985192777626,True,A,N_116,train
233,117,4330,2022-07-12 00:14:51.621,False,0,0.0012711874999999,0.0651021762627974,0.0651145857071401,0.141392,0.2611819999999999,-0.3524424380098994,0.1263257995748962,2.171433611448067,-0.001206,0.0495837152235993,0.04959837952368,0.111624,0.209116,0.318460693705052,0.5385487567007433,2.250557398688939,-3.799796687499999,81.03078532385624,81.1198288032415,109.672559,218.153025,-1.5199671652846172,0.0849570509345889,1.3519821308550093,0.5980912445212272,0.3011190557566429,0.0374784062125338,-0.9960773445923788,0.0008026962910027,0.0006114211562746,1.3128369582327213,True,A,N_117,train
234,119,4349,2022-07-12 00:15:01.577,False,0,-0.0145623749999999,0.0808973310266437,0.0821975725485552,0.207027,0.312181,0.1027042152733059,-0.7687414799915373,2.518651020718481,-0.0109056874999999,0.1512857674562939,0.1516783354823209,0.252414,0.43391,-1.266143303709243,0.4856818180683363,1.6641400975119511,8.046628000000002,160.40878702072217,160.61048277005395,239.6107,476.837214,-1.408852857819052,-0.0807502790789653,1.4918746016289028,0.5303092270959016,0.0651808241012299,0.1122584169402053,-0.9956441501995325,0.0005117821149086,0.0009443862745838,0.5419203229464228,True,A,N_119,train
235,119,4365,2022-07-12 00:15:03.177,False,0,0.0080965624999999,0.058519370369956,0.0590768231442119,0.116405,0.2161549999999999,-0.6454704015962398,-0.1319573289619715,1.970400468485664,-0.0038495624999999,0.1582603073250557,0.1583071192526176,0.241561,0.462499,-1.4660403979638437,0.2426788409436542,1.525901053221305,9.3877325625,157.10766113506298,157.3878861602595,236.034421,467.30047,-1.4030558114048444,-0.0714609149316332,1.4996987808811348,0.3790657078382413,-0.0537179487516412,0.0512685827248868,-0.9973619078292592,0.0003753581332432,0.0010058405580936,0.3731785621715501,True,A,N_119,train
236,119,4381,2022-07-12 00:15:04.777,False,0,0.0073685625,0.0789059588037943,0.0792492652840548,0.166121,0.306447,-0.1962326088164894,-0.3318730165351822,2.0961834712860608,0.0101284374999999,0.1629927776724204,0.1633071670795942,0.255627,0.474998,-1.541748213511845,0.2318146848908211,1.5653140310456186,10.281802437499998,153.31602284414902,153.66039932953254,236.034421,464.916284,-1.4181852363941347,-0.045342974928614,1.536078404259592,0.5730301339363791,-0.0064562317847458,-0.0436845946095157,-0.9989875203752252,0.0005157429346132,0.0010627797909686,0.4852773255531986,True,A,N_119,train
237,120,4399,2022-07-12 00:15:08.384,False,0,0.0180306875,0.0477446078889003,0.0510358038458051,0.114058,0.198807,0.1677689798588897,0.091800016325208,2.2348624182466934,0.00890325,0.0575042248377238,0.0581893781952514,0.128826,0.225987,-0.3259334209407361,-0.0418330449072577,2.2139092046615643,-0.223517437499999,82.35177944010196,82.3520827726662,109.672559,218.153025,-1.607808544828836,0.0406613262452157,1.331752097912961,0.1522118735661467,0.4004699265822145,0.0291858460443613,-0.9597532424510906,0.0006197269349785,0.0007065926718075,0.8770639149048335,True,A,N_120,train
238,120,4415,2022-07-12 00:15:09.984,False,0,-0.0014415625,0.0437802523890177,0.0438039792905564,0.088808,0.165042,-0.6840819501994151,0.2422730057920382,2.0273957169719004,-0.0078754375,0.054429105287255,0.0549959091041097,0.116984,0.221343,-0.0759805698784577,0.1505237009497848,2.127140034698654,0.894069875,82.25171990686863,82.25657899876065,108.480466,216.960932,-1.612535688964865,-0.0075225115366048,1.3188059523072857,0.0684153576657463,-0.0116907104635089,-0.0052965319833655,-0.944693193326102,0.0005325285809809,0.0006685897927378,0.7964952303567445,True,A,N_120,train
239,120,4431,2022-07-12 00:15:11.584,False,0,-0.0098202499999999,0.0323657830152075,0.0338227914319619,0.083477,0.10957,-0.121537546878411,-0.9423517687423084,2.468069501830521,-0.0049655,0.0452824558824938,0.0455538911729832,0.120163,0.198512,1.3256112214651106,0.9527170759603902,2.637820763624807,1.7136336875000002,82.13119685719947,82.14907204351726,109.672559,216.960932,-1.5986452391271726,-0.0397717601854995,1.3350431876077988,0.496695322577904,-0.1557803730824158,0.1497112097867735,-0.9699186524820026,0.0004117245708392,0.0005545271545958,0.7424786458642053,True,A,N_120,train
240,121,4449,2022-07-12 00:15:15.740,False,0,0.0146971875,0.0522744142282086,0.0543012127241418,0.115498,0.186443,-0.5806265764473904,0.5338197751866259,2.1269874871256915,0.0154162499999999,0.0919585826789022,0.0932418451789484,0.180132,0.3004529999999999,-1.169323835397908,0.3826592126056689,1.9318794008665647,-2.16066875,112.26360040188074,112.28439101068494,166.893025,332.593957,-1.4412680518466907,0.0619732335678164,1.4863421665093104,0.4270761377306755,0.1666062400268411,0.1097738551062587,-0.9847768105610888,0.0004836042858261,0.0008304078985482,0.5823695640077441,True,A,N_121,train
241,121,4465,2022-07-12 00:15:17.340,False,0,-0.017154375,0.0505285822701802,0.0533611301217937,0.124022,0.1858759999999999,-0.5927535286420165,-0.2409272154795422,2.3242011501054587,-0.0009282499999999,0.1030695935275651,0.10307377337616,0.168665,0.293686,-1.4113283107784715,0.4084407360473266,1.6363522404915716,-0.8195639374999999,113.38969903612268,113.39266084077104,166.893025,329.017678,-1.4716109806317692,0.0301053809879113,1.4718150518961326,0.4964745680435189,0.2700657321848904,0.0645913075372337,-0.969203873794239,0.0004705871590466,0.000908998630175,0.5176984248656178,True,A,N_121,train
242,122,4491,2022-07-12 00:15:23.669,False,0,0.011531125,0.0933888075560148,0.0940980139030574,0.240379,0.333548,0.6092934111764672,1.1881423022516058,2.554559761990784,0.0130534374999999,0.1908699851420361,0.1913158212451011,0.323059,0.6097159999999999,-1.301172202174078,0.1353869569561695,1.6886162257648216,-2.0861628750000003,175.6586100910006,175.67099753414965,250.339538,500.679076,-1.495945447012119,0.0463591901039546,1.4250476260393246,0.7079349132762371,0.3821612890097723,0.0840098336881598,-0.978096445396041,0.0005356491123969,0.0010890575219048,0.491846483425463,True,A,N_122,train
243,123,4520,2022-07-12 00:15:31.742,False,0,0.0041380625,0.0429322387001725,0.0431312031024234,0.087154,0.165349,-0.4815382823023522,-0.0263959977578563,2.0206716653146883,-0.0022039375,0.0440092051187429,0.0440643560680001,0.081888,0.156164,-0.5126085737722059,0.3891851254359625,1.858372782609836,5.2154069375,80.17531907671729,80.34477119624619,112.056745,221.729304,-1.5041604321781632,-0.0783499405240352,1.394698663417632,-0.0432199968514534,0.2347117128162759,0.3377611974568669,-0.997903292885137,0.0005368265098057,0.0005484408681726,0.978822952407686,True,A,N_123,train
244,125,4545,2022-07-12 00:15:41.948,False,0,-0.0399928125,0.078252603304314,0.0878800032747069,0.219898,0.323398,0.2471758830066099,-0.1787238479064281,2.502252979128981,-0.022213,0.1678927409374806,0.1693558083695389,0.268068,0.4814239999999999,-1.4141394131316198,0.0431890702475466,1.582868651396168,-10.2818024375,180.9145402388233,181.20647430814552,263.452561,526.905122,-1.428338711025349,0.0666107829173041,1.4538805084413997,0.5285707759425666,0.1074004456687856,-0.1127639375463942,-0.997984662757215,0.0004849716524215,0.0009346013105555,0.5189075244644127,True,A,N_125,train
245,125,4561,2022-07-12 00:15:43.548,False,0,-0.0009800625,0.0845486157297007,0.0845542958359449,0.182614,0.313895,-0.4017276158049192,-0.6362822791556823,2.159724685713352,-0.008117875,0.1660637929840047,0.1662620919955899,0.291478,0.537078,-0.9857658894481444,0.3596738904946018,1.7531236164629245,-11.026860625,174.7659314385452,175.11345592736575,261.068375,513.792099,-1.4416627856618964,0.0527375086734209,1.4908527366868196,0.3920701710234764,-0.0147728094737585,-0.0713293475827814,-0.99864109112703,0.000482854360838,0.0009494535477876,0.5085602786604403,True,A,N_125,train
246,125,4577,2022-07-12 00:15:45.148,False,0,0.04952425,0.0981373021609902,0.1099253447276832,0.232598,0.428631,0.6804615557868976,-0.5219387801543612,2.1159633438149523,0.0100971249999999,0.1761445277907019,0.176433688970885,0.285597,0.5300389999999999,-1.501823891867608,0.2848419766935984,1.618721467911545,-10.2072966875,169.63203727555884,169.9388624650737,252.723724,503.063262,-1.4372087377820888,0.0537696485389588,1.487144966925623,0.6171005532624823,0.0885133394015942,0.0027054443308586,-0.9990541300486646,0.0006468523040177,0.0010382186064541,0.6230405619746637,True,A,N_125,train
247,126,4595,2022-07-12 00:15:48.726,False,0,-0.0072959999999999,0.0405798762273247,0.0412305465719895,0.100107,0.186852,1.2195443353629098,0.6783860743443519,2.427981395425129,-0.0011634999999999,0.0504586593485201,0.0504720718368089,0.101646,0.1943679999999999,-0.5777218035544927,0.0726075685438327,2.013905835461866,1.3411046250000007,82.2801954137797,82.29112418083113,110.864652,219.345118,-1.5897778867707957,-0.0187554279454653,1.3472249055241947,0.0409040971872176,0.0412415502786244,0.0099985253977529,-0.9781402211659218,0.000501032729622,0.0006133355491158,0.8168982384020229,True,A,N_126,train
248,126,4611,2022-07-12 00:15:50.326,False,0,0.01675175,0.0494349704340206,0.0521961438218859,0.117943,0.215564,1.25676142341114,-0.8574570523696949,2.259611369040376,0.0027363749999999,0.0471424765907496,0.0472218259626838,0.087886,0.162488,-0.5658388073583227,0.3345324818140218,1.8611309115714905,0.074505750000001,82.99449476375626,82.99452820637003,109.672559,219.345118,-1.59676616524909,0.0074372282355162,1.3214432489729169,0.2071526307090553,-0.0484185197480535,0.3050556989809381,-0.9539789800671212,0.0006289106637499,0.0005689751720169,1.1053393797845292,True,A,N_126,train
249,126,4627,2022-07-12 00:15:51.926,False,0,-0.0068276875,0.0224078435394806,0.0234249603775011,0.044885,0.087045,-0.2950725731752435,0.2263689194092092,1.9161185025145409,-0.0006504375,0.0466877935505748,0.0466923241610706,0.084979,0.143278,-1.0831147200711873,0.4483768305767375,1.81997794127478,0.5960465624999998,83.90294270996829,83.9050598408516,112.056745,221.729304,-1.5818619754333405,0.0251958064737704,1.335518325266028,0.3269391882477112,-0.1038464584999313,-0.1289471291254003,-0.9707787991189964,0.0002791841209806,0.0005564899691345,0.5016876070827838,True,A,N_126,train
250,127,4645,2022-07-12 00:15:55.785,False,0,0.01687325,0.1011344593150005,0.10253236282511,0.18949,0.352326,-1.0968408150991733,-0.1092405991008164,1.8480994173831151,0.0166905625,0.1640111096012129,0.1648581782902731,0.264705,0.515938,-1.250654841990577,-0.2150695615652188,1.6056528268432162,5.885959375,110.3985871902179,110.55538237173393,165.700932,327.825585,-1.388133349158688,-0.0836783650691566,1.4988047478578963,0.3443172952683773,0.0778389516742314,0.0552231925408594,-0.994446360623668,0.0009274298602699,0.0014911818380397,0.6219428352809813,True,A,N_127,train
251,127,4661,2022-07-12 00:15:57.385,False,0,-0.0187487499999999,0.0715732977989173,0.0739881921956132,0.176653,0.252088,-0.742737556037977,-0.5169472915416022,2.3875836773110644,-0.0090018124999999,0.1143413469109155,0.1146951448043355,0.179181,0.339928,-1.481191128298684,-0.0191600436544365,1.5622370092968998,7.152558124999999,107.16412496333504,107.4025547502888,164.508839,321.86512,-1.3889993794699105,-0.068120654002701,1.5317032204912018,0.3930750758262888,-0.1753096534362264,0.0358955311677069,-0.9967261748185368,0.000688886706351,0.0010678995957871,0.6450856513746379,True,A,N_127,train
252,127,4677,2022-07-12 00:15:58.985,False,0,-0.0079610624999999,0.0713765137663194,0.0718191146809991,0.140095,0.25471,-0.6306692930152966,-0.1973515824562008,1.9506645357891663,-0.0229804375,0.0994467745869422,0.1020674359599451,0.191776,0.338816,-0.4662829678731692,0.7760510822311624,1.8789146430136607,5.811453562500001,105.71542866521771,105.8750435673102,159.740467,317.096748,-1.401550718638172,-0.0564771469708723,1.5087641205875375,0.0514116847821886,0.1390198396328114,0.032623061468118,-0.9986566751214464,0.0006783384663765,0.0009640367788378,0.7036437626314377,True,A,N_127,train
253,128,4693,2022-07-12 00:16:03.804,False,0,0.0017518125,0.0868704662286173,0.0868881277840217,0.142805,0.2744529999999999,-1.239205700791321,0.2260751042673754,1.6435502023357094,-0.015115625,0.1424248733406822,0.1432247418054925,0.255299,0.469219,-1.104432391067872,0.3308246937582842,1.782506267993213,4.9918895625,167.0782388696969,167.1527949667719,243.186979,483.989772,-1.479058454961999,-0.055979754893836,1.4548783288268847,0.450632906694194,-0.022423842607527,0.0368355034960429,-0.9834157078031636,0.0005198125930307,0.0008568492189075,0.606655852115418,True,A,N_128,train
254,128,4709,2022-07-12 00:16:05.404,False,0,0.0102703124999999,0.0692286953173309,0.069986367059503,0.167695,0.280653,0.5339325182357433,-0.9572418995590608,2.3961095145490847,-0.0027994374999999,0.1520074150629537,0.1520331907329366,0.237157,0.464099,-1.2888335585823385,0.2398239593840886,1.559902800544342,6.332994312499999,164.33636944059944,164.45835076966856,246.763258,483.989772,-1.438061444922753,-0.0755673338317954,1.5004604925511094,0.4049321729676973,0.2218737419675231,0.1019150482827467,-0.9934600882501898,0.0004255567852405,0.0009244479834646,0.4603361063601038,True,A,N_128,train
255,129,4729,2022-07-12 00:16:11.955,False,0,0.0047976875,0.068104220526997,0.0682730009516023,0.136479,0.229518,-1.1579141434570617,0.4045725527662659,1.9990186178683975,-0.0021596874999999,0.0724452060747627,0.0724773904973992,0.137366,0.2737389999999999,-0.401811938943561,0.3368796161038463,1.8952945057387127,2.1606685000000003,86.48655368343387,86.51353915084263,114.440931,226.497676,-1.5923787144907542,-0.0328926144239497,1.3228094945978794,0.6051047679711269,-0.1868157268631492,0.0009231848023348,-0.9481134959112352,0.0007891597271562,0.000837757779982,0.9419903294400792,True,A,N_129,train
256,131,4756,2022-07-12 00:16:29.364,False,0,0.0227844375,0.0235752369605502,0.0327860090577901,0.065454,0.097934,0.1444578716817783,-0.1445860021691686,1.9964003512787316,0.015776375,0.0410554624073871,0.0439823260142639,0.093288,0.1401669999999999,-0.8769086944147046,0.346058315681475,2.121033798206708,3.5017733125,80.20920357164538,80.28560738967967,108.480466,216.960932,-1.5308113949984947,-0.0778042412074382,1.3511819805195202,-0.6325715124317113,0.3801301450402924,-0.3614038550580367,-0.9961299942633433,0.0004083672045807,0.0005478232954106,0.7454359973403253,True,A,N_131,train
257,131,4772,2022-07-12 00:16:30.964,False,0,0.003527875,0.0353244744597761,0.0355002027863926,0.075887,0.129688,-0.7485290873599646,0.2890104545832189,2.1376497609497536,-0.001831125,0.0424131869630115,0.0424526965824904,0.070903,0.1349,-1.3167080677629883,0.0115430709169115,1.670164811844809,2.011657,81.76350381992248,81.7882468377708,110.864652,221.729304,-1.5177224918597756,-0.0583101021939093,1.3555083558631968,-0.1108066686973387,-0.2574212057795805,0.1510220364957769,-0.997513921299672,0.0004340501741871,0.0005190561996847,0.8362296307234959,True,A,N_131,train
258,131,4788,2022-07-12 00:16:32.564,False,0,-0.02151525,0.0237760441818545,0.0320656554509649,0.076882,0.101146,0.1964525286841456,-0.4417280855922006,2.3976431767492947,-0.00871125,0.0414090286207307,0.0423154053256612,0.098828,0.173512,0.7441606576533863,0.6442047669216936,2.33550876422937,4.7683721875,82.71742786197402,82.85475390959411,113.248838,225.305583,-1.495651978015941,-0.0778526658478107,1.3668357294690658,0.1639797392719546,-0.172391789064326,0.0949355617761478,-0.996099173322156,0.0003870104482592,0.0005107178928059,0.7577773438346216,True,A,N_131,train
259,132,4806,2022-07-12 00:16:36.267,False,0,-0.001969125,0.0586664535572449,0.0586994908517101,0.125046,0.2332079999999999,0.0030243816315564,0.0613828681817613,2.1302740140608387,0.008306625,0.0888169051271174,0.0892044990751587,0.144455,0.256436,-1.4207351096234448,0.2750106425633166,1.619368994811464,-1.8626453125,113.29350867824157,113.30881941043675,165.700932,329.017678,-1.4486479092978133,0.0254672362392718,1.4623833595846063,0.5418620623596255,-0.0718167995245686,0.0169050270668426,-0.9850201977401818,0.0005180487375751,0.0007872688069587,0.6580328510365064,True,A,N_132,train
260,132,4822,2022-07-12 00:16:37.867,False,0,-0.0057681874999999,0.0454284891013045,0.0457932266723202,0.097162,0.151884,-0.4734021480162544,-0.7574820787691114,2.121754832767216,-0.00637825,0.0987134311944808,0.0989192780566558,0.156296,0.279472,-1.3100707313799216,0.404364291899475,1.5800357935334068,-1.4901163124999992,120.39291303630677,120.40213434982164,176.429769,348.091166,-1.4737069031663164,0.0044182729834782,1.4653375536300144,0.1353859827407884,0.0446721201382648,0.0398863915461612,-0.9731401327785616,0.0003803356719513,0.0008215741240039,0.4629353102040657,True,A,N_132,train
261,132,4838,2022-07-12 00:16:39.467,False,0,-0.0023046874999999,0.0513654644091226,0.0514171422624546,0.107618,0.182538,-0.6079747430722948,-0.2783244134748194,2.0930373658394434,0.0129733749999999,0.0967065267884457,0.0975728485920904,0.199291,0.325157,-0.956902727964072,0.2391217205609855,2.0424841836190404,0.447034874999999,126.41588435219808,126.4166747574377,181.198141,361.204189,-1.4850164624311917,-0.0211661875288226,1.4333405094515763,0.294166143024321,-0.000852050295392,-0.1708521044955973,-0.9613463793876396,0.0004067275330656,0.0007718352723587,0.526961577983721,True,A,N_132,train
262,133,4855,2022-07-12 00:16:44.325,False,0,-0.013820125,0.0936162388116205,0.0946308407668979,0.174894,0.342846,-0.3194376589265624,0.4118712086576208,1.848171257727832,-0.0049046875,0.1848560023142063,0.1849210576193595,0.291525,0.540143,-1.439719205178474,0.2681405534866997,1.57648352087664,5.36441875,182.2752743286301,182.35419551000933,263.452561,525.713029,-1.4615333504882957,-0.0657605781326957,1.444729912921248,0.6636012023477174,0.2014604708273384,0.0444384787644608,-0.9877026851964048,0.0005189397507539,0.0010140762437747,0.5117364240998749,True,A,N_133,train
263,133,4871,2022-07-12 00:16:45.925,False,0,0.05116025,0.0686711982953006,0.08563354865574,0.159221,0.219174,-1.159376858680894,-0.1155933417530204,1.859329696122868,0.0176280625,0.1796810978210663,0.1805437495503167,0.296861,0.551201,-1.3132664389602509,0.1667113437193675,1.644260744220703,2.607703437500001,182.9373573531328,182.9559423264677,264.644654,523.328843,-1.499677197092089,-0.0328889033704579,1.446493897026676,0.3395712616011382,-0.1364636363978282,-0.0008958636424842,-0.9671937333272116,0.0004680555742919,0.0009868154444973,0.474309129333078,True,A,N_133,train
264,134,4890,2022-07-12 00:16:52.351,False,0,-0.0001510625,0.0485748501895126,0.0485750850829157,0.093706,0.160206,-0.8407266251189238,0.4665915932557496,1.9290959519689497,0.0007803124999999,0.0364824460061252,0.0364907899912772,0.07505,0.13524,-0.5683654234638751,0.4213210090246641,2.056683344425811,1.639127937500001,83.20761877261907,83.22376200464026,109.672559,219.345118,-1.606144582414081,-0.0182757859007078,1.3178034296729466,-0.2423083096481718,-0.0083966775105142,-0.0589859222666331,-0.9446176155455864,0.0005836684609403,0.0004384659995211,1.331160139161884,True,A,N_134,train
265,136,4921,2022-07-12 00:17:09.540,False,0,0.0060374374999999,0.0793129478639591,0.0795424059884883,0.131892,0.255846,-1.2414080288514504,0.1104222539041302,1.6581344046732498,-0.0049481874999999,0.104080733853112,0.1041982903839477,0.196533,0.327383,-0.7659426211381737,0.7480673227033035,1.8861441898501323,-3.650784937500001,120.24894573040945,120.3043522900765,181.198141,354.051631,-1.4107770412876173,0.0841624210484947,1.5061644699528167,0.1901147443786327,-0.0165741033611261,-0.0773974342444298,-0.992626252935531,0.0006611764618182,0.0008661223671501,0.7633753461346828,True,A,N_136,train
266,136,4937,2022-07-12 00:17:11.140,False,0,-0.0090658124999999,0.0750782648442766,0.0756236392162695,0.167153,0.267029,-0.7169136800008475,-0.3157191434258937,2.210327375570667,-0.0070016249999999,0.1075850416681351,0.1078126335054245,0.186259,0.339781,-1.0160737618848414,0.5685434664286991,1.7276175708167671,-2.6077034374999988,120.50921116332393,120.53742195859566,178.813955,356.435817,-1.4467299000576244,0.0767671264296775,1.4834725357028309,0.3511578623663314,0.0278866067177552,-0.0884230733278898,-0.9859141471744,0.0006273872295215,0.0008944328802922,0.7014357850044034,True,A,N_136,train
267,136,4953,2022-07-12 00:17:12.740,False,0,-0.0028854374999999,0.0850592611910725,0.0851081879958532,0.147762,0.269516,-1.24392934808518,-0.1112795144756017,1.7361666777255258,-0.0029251249999999,0.1115295259319673,0.111567878490518,0.19181,0.371797,-1.1108434855812634,0.3681618580765769,1.7192224374536402,-0.1490117499999992,119.69622908035848,119.696321833878,171.661397,343.322794,-1.490362938913565,0.0443791574060785,1.434140952453346,0.3112169911962464,0.000705230664203,0.0055757694252999,-0.9620453901205188,0.00071103427985,0.0009320911184335,0.7628377374145949,True,A,N_136,train
268,137,4971,2022-07-12 00:17:16.447,False,0,0.029356875,0.0846126994523243,0.0895607895140222,0.16757,0.245616,-1.2863085761523865,0.1293689731585908,1.8710196829357344,0.0334714375,0.048235134081612,0.0587108617564714,0.145085,0.1926419999999999,-0.153210347626433,0.2665911621192348,2.4711781714566285,0.2980231250000007,83.64371981265519,83.6442507401495,109.672559,218.153025,-1.6208274499679007,0.0053912621929952,1.3111786886669643,0.0909611147493824,-0.0500101952700198,-0.2784206475017686,-0.939650314764857,0.0010707345540371,0.0007019115030256,1.5254552025741706,True,A,N_137,train
269,137,4987,2022-07-12 00:17:18.047,False,0,-0.0226220624999999,0.0557387247773807,0.0601544940263194,0.101934,0.192926,-0.9530200872473245,0.1787428065001134,1.694536736613573,-0.0126250625,0.0386427062837684,0.0406528098913531,0.063433,0.124818,-0.6368912163048712,0.5944634434549618,1.5603595463518554,-0.596046499999999,83.11269737694072,83.11483463679086,109.672559,219.345118,-1.600542765044318,0.043242279055008,1.3195304963219328,0.0815637790438261,0.0147456782017961,-0.0485212437974597,-0.9712434761774196,0.0007237515936738,0.000489116173653,1.4797130674874777,True,A,N_137,train
270,137,5003,2022-07-12 00:17:19.647,False,0,-0.025185,0.076216280705798,0.0802695812224344,0.15786,0.313793,0.1170307473672807,0.33388657847407,1.9666229422893755,-0.0161444374999999,0.0556150008135942,0.0579108899749218,0.102075,0.186943,-0.9048414225210027,0.1461783233498971,1.7626218496072734,-2.0116569375,82.52900494461592,82.55351852454643,110.864652,220.537211,-1.5568755714248548,0.0717255343477083,1.3429427840442143,0.0266409739093694,0.28397142534158,-0.0349739360088779,-0.9903301908710984,0.0009723338587751,0.0007014951150471,1.3860878542394186,True,A,N_137,train
271,138,5019,2022-07-12 00:17:24.527,False,0,0.0022865,0.0392228129138515,0.0392894023258817,0.098846,0.144402,0.2489023747080141,0.9503245388267038,2.515843819158471,0.003603,0.0530207425129543,0.0531430216079684,0.109012,0.186614,-0.7700512434353088,0.2589404888491752,2.051294726976051,5.8114535625,86.57447444697544,86.7693068906229,121.59349,240.802794,-1.482990651762512,-0.0606436038235511,1.4013421837433224,0.1371416552113145,-0.1638191535405086,-0.1115715841798609,-0.9975244616842256,0.0004528029983621,0.000612463364205,0.7393144224225019,True,A,N_138,train
272,138,5035,2022-07-12 00:17:26.127,False,0,-0.0009164374999999,0.0838811290510034,0.0838861351390234,0.131852,0.249579,-1.4618196000667976,-0.0304386190675668,1.5717972914294285,0.0019774999999999,0.0651940556991203,0.0652240400830092,0.162122,0.2484199999999999,0.0121096150413873,0.8024177404784153,2.4856172631083684,5.8859594375,85.37569922605012,85.57835320241253,119.209304,236.034422,-1.4901971484592087,-0.0618646859629181,1.3929843183362332,0.3388215053499538,-0.056284639838735,0.0750453815573971,-0.9977792194155792,0.0009802260969034,0.0007621558214463,1.2861229545465644,True,A,N_138,train
273,138,5051,2022-07-12 00:17:27.727,False,0,-0.000835,0.0444048108584531,0.0444126609467953,0.08292,0.138442,-1.2782497355886409,-0.3297303991464368,1.8670351704288772,-0.0016378124999999,0.0474003572062209,0.0474286442254309,0.116039,0.170571,0.1009308495801573,0.8594589787949578,2.4466016664625787,5.7369478125,84.27286128964806,84.4679094103057,116.825118,232.458142,-1.4929552090663751,-0.0733801854495556,1.383071024435068,0.3315163759222143,0.1640521216256136,0.0312749980733437,-0.9991076385602414,0.0005257933013478,0.0005614989711068,0.936410088715578,True,A,N_138,train
274,139,5067,2022-07-12 00:17:32.480,False,0,0.00083325,0.0623841148916332,0.0623896794059321,0.109698,0.2140429999999999,-1.0970277240327593,-0.0346127642693999,1.758271577038583,0.000731,0.0473276622230593,0.0473333072212369,0.106441,0.1738529999999999,-0.2938019539445373,0.6593000003143032,2.2487547616838266,3.3527616874999997,86.24591147991973,86.31105524749027,119.209304,237.226515,-1.5059737794920065,-0.0804868407569469,1.381159153461588,0.4683285458745657,-0.0543381844892487,-0.1211128708247744,-0.9926526108518056,0.0007228469079312,0.0005484037599298,1.3180925455794046,True,A,N_139,train
275,139,5083,2022-07-12 00:17:34.080,False,0,-0.0108981249999999,0.0648311699839234,0.0657407767675436,0.106304,0.2093999999999999,-1.0911947095439996,0.3237053263161986,1.6170177054020234,-0.018552625,0.0403027459406846,0.0443679075994124,0.0903,0.130551,-1.023474934112691,-0.3841651937308135,2.0352548696976607,3.501773250000001,86.72268799414513,86.7933582068597,121.59349,241.994887,-1.4805447964580405,-0.077395839847415,1.4009538576696057,0.2970649728266716,0.0546077595813837,0.0763201300233304,-0.9949451127920346,0.0007574401789,0.0005111901246368,1.4817191146605753,True,A,N_139,train
276,140,5102,2022-07-12 00:17:40.504,False,0,0.063817625,0.066693260033225,0.0923075305405794,0.155109,0.265928,0.6305833291362819,-0.8625570281422894,1.6803504447756012,0.0376580625,0.1812213405591587,0.1850926901455389,0.3148,0.6139840000000001,-1.0736883042679737,-0.0704441540420793,1.700769488802998,-10.728837312499998,183.11534653303272,183.42938174128687,272.989305,544.786517,-1.4147147665209796,0.0591413318712052,1.4882528764395584,0.3251355917232866,-0.2457294011133831,0.160067220859856,-0.9986865112849916,0.0005032319776924,0.0010090678406505,0.4987097570843975,True,A,N_140,train
277,144,5141,2022-07-12 00:18:06.304,False,0,-0.0263588125,0.0621406759952958,0.0675000045152776,0.110783,0.199261,-1.205397315148258,0.3055199689559995,1.6412295198428604,0.0048833125,0.1412189079805351,0.14130331458316,0.238118,0.4189239999999999,-1.3343789778645507,0.2530494294523502,1.6851550913893276,-2.682209437499999,142.33754334409514,142.36281288559445,203.847909,406.503725,-1.479297881752612,0.0369001284766521,1.431890146507685,0.0463395621934564,-0.0782366615823809,0.1652797410970469,-0.9824932361861012,0.0004741407053365,0.0009925577594249,0.4776958326448345,True,A,N_144,train
278,144,5157,2022-07-12 00:18:07.904,False,0,-0.0168370625,0.0617320593466927,0.0639869816823117,0.14591,0.260319,0.1961924619912656,-0.1580531477718472,2.280307590134927,0.004442,0.1376285694659724,0.1377002341946084,0.243364,0.4586949999999999,-1.1788431763226226,0.1672959644557558,1.7673463042630675,-0.745058062500001,147.1721262516249,147.17401216566978,212.19256,423.193027,-1.499828555608759,0.0059095465495854,1.441780086562705,0.6655220920430461,-0.1574355996910771,-0.0072318660800543,-0.9650888602076452,0.0004347709268826,0.0009356287307001,0.4646831725201026,True,A,N_144,train
279,144,5173,2022-07-12 00:18:09.504,False,0,0.039608625,0.0698943688690968,0.0803372016814128,0.154963,0.292699,0.5800194293081002,-0.6084655771543509,1.9289071159650923,0.0130433125,0.148522052561109,0.1490936889943283,0.237857,0.409399,-1.494987501573135,0.346441899516176,1.5953525706178506,1.341104624999998,150.18768228557053,150.19366987968127,216.960933,429.153493,-1.4952790041037018,-0.0293773188244613,1.4445411259596053,0.2048812749099121,-0.2040062264444381,-0.0625049353330473,-0.96707125258242,0.0005348907297209,0.0009926762500294,0.5388370374581646,True,A,N_144,train
280,145,5191,2022-07-12 00:18:13.063,False,0,0.0033204999999999,0.0731957254737255,0.0732710034589059,0.13672,0.251952,-1.0449710901283966,0.0842377910683632,1.8659496055172704,-0.012497375,0.1642705637556813,0.1647452654812878,0.264697,0.49372,-1.2675193841215395,0.3758703914994362,1.606704746426021,4.6193605625,153.49492592011677,153.56441897532292,225.305584,448.226982,-1.4558105760187696,-0.0798165764302289,1.4671730958471934,0.3155676860464012,0.020980355438105,0.0684396257009156,-0.9896392636408669,0.0004771352892018,0.0010728088354097,0.4447533180686652,True,A,N_145,train
281,145,5207,2022-07-12 00:18:14.663,False,0,0.018955375,0.0867801500012207,0.0888262386664267,0.173266,0.289531,-0.9727736599416604,0.290452872341251,1.950617324354731,0.0087231249999999,0.1566527778962421,0.156895461159254,0.283259,0.4950589999999999,-0.905557754048568,0.5487294538516996,1.8053995820343247,2.8312208749999987,152.47137604972943,152.49766006775658,222.921398,438.690238,-1.4994200154063522,-0.0432143853063283,1.4618020886415786,0.5322401905338888,-0.0597339616220726,0.0261107668532682,-0.9743040916077488,0.0005824760762031,0.0010288384824366,0.5661491926542424,True,A,N_145,train
282,145,5223,2022-07-12 00:18:16.263,False,0,-0.0050724374999999,0.0952567734999516,0.0953917319258461,0.20501,0.362646,-0.3060775347580966,0.1767162540582964,2.149138042271492,0.0057721874999999,0.1543293517020574,0.1544372589283832,0.278151,0.464542,-1.357894092372155,0.3375226018141956,1.8010614920910122,0.0745057500000019,151.32508819080374,151.3251065324631,221.729305,436.306051,-1.5167415327943838,0.0010105382797573,1.465251273108692,0.4186559154288606,0.0201460615747455,-0.0273521520395614,-0.9497594297742225,0.0006303761095015,0.0010205660016849,0.617673044625079,True,A,N_145,train
283,146,5241,2022-07-12 00:18:20.724,False,0,0.0019368749999999,0.0469604320889871,0.0470003581555502,0.080074,0.157561,-0.801827633144268,-0.3743578685136681,1.703689144984613,0.0095438124999999,0.0604169693041809,0.0611661224611917,0.158651,0.259785,0.4397046933983537,0.6219622290284417,2.5937723958333287,2.3096802499999995,83.42252741678068,83.45449480681532,110.864652,219.345118,-1.5982160073556515,-0.0527472628229336,1.3284443487032676,0.2149103970148735,0.211641269290125,-0.018156814984714,-0.9749454154387692,0.0005631854613025,0.0007329278381324,0.7684050625470129,True,A,N_146,train
284,146,5257,2022-07-12 00:18:22.324,False,0,-0.0199379375,0.031084681750962,0.0369293757232978,0.086648,0.134309,0.5142494390450674,0.3158946059799377,2.346316402671705,-0.0130796874999999,0.0521157470980685,0.0537320139273366,0.096583,0.185864,-0.2512510251262427,0.6464493836055034,1.797494509150764,3.129244125000001,82.7409127937383,82.80006533049871,110.864652,220.537211,-1.5562865334821772,-0.0776612366242101,1.3389440160159385,-0.4328386637491616,0.0787415462918192,0.0474855580057185,-0.9920208712113194,0.0004460066012737,0.0006489368542508,0.6872881365146393,True,A,N_146,train
285,147,5281,2022-07-12 00:18:28.872,False,0,-0.0457080625,0.0897508540916664,0.1007196246403227,0.207149,0.3447759999999999,-0.5229738921571117,0.105887151564413,2.0566895551859385,-0.0402340625,0.1103791864695676,0.1174833800626178,0.189975,0.362896,-1.1620025894881878,0.3917551660445443,1.617037234532618,7.301569812499999,126.78210344676876,126.99218352368771,188.3507,375.509307,-1.4049794176601014,-0.0545434762327211,1.4831676625582797,0.0446749951395202,0.1012976472508076,0.069360702377188,-0.998549883255164,0.0007931167245544,0.0009251229233388,0.8573095580552744,True,A,N_147,train
286,148,5307,2022-07-12 00:18:36.700,False,0,0.004114875,0.0406260121487376,0.0408338714717941,0.077076,0.144766,-0.8046217019055768,-0.1019802210205675,1.887550634360988,0.0058615625,0.0566539724809398,0.0569563913254035,0.149352,0.229018,0.3719143356792305,0.6795400078741488,2.622216691129912,-0.2235173750000001,83.63811166684691,83.63841033408562,110.864652,220.537211,-1.612442574177221,0.026916182221475,1.3255231843498911,-0.0150889282866238,-0.1875215975024718,-0.121759225318731,-0.95854110412791,0.0004882191245468,0.0006809836664505,0.7169322093898443,True,A,N_148,train
287,152,5354,2022-07-12 00:19:09.428,False,0,0.026329125,0.0624350266906275,0.0677595408863209,0.128996,0.212147,-1.0741209555998654,-0.0230172149231893,1.9037319071629255,0.020228,0.0479384062808725,0.0520313634335099,0.144591,0.197309,0.6940267653522012,0.8826716168075095,2.778920067792773,-0.5215406250000001,82.25870474560982,82.26035807756332,108.480466,216.960932,-1.6039619325555852,0.0410738381768067,1.318745365753377,0.2308366918436067,-0.3081167253672096,0.0160431892279459,-0.9694853506329666,0.0008237204708303,0.0006325205074411,1.3022826313769336,True,A,N_152,train
288,152,5370,2022-07-12 00:19:11.028,False,0,-0.02253025,0.0534408815988518,0.0579960342706723,0.126089,0.190269,-0.9358030562898794,-0.2708002247462034,2.1740969289646963,-0.008355375,0.0513663831506986,0.0520414989155289,0.088003,0.175964,-0.8679168424115762,0.1569502098219528,1.6910158591481366,-1.9371511875,81.66041223884524,81.68338559181652,109.672559,216.960932,-1.5631788332295131,0.0797968401494691,1.3426544236064035,-0.0989228029633773,0.1189113045544091,0.165764356958052,-0.9889207060801636,0.0007100101673121,0.000637112413234,1.1144189825279338,True,A,N_152,train
289,152,5386,2022-07-12 00:19:12.628,False,0,-0.00197025,0.0595844801474133,0.059617045880352,0.116632,0.215031,-0.7628904521683553,-0.2897420394635975,1.956353225452896,-0.0131449374999999,0.0427379868259326,0.0447138110633895,0.096927,0.192744,0.915424781654306,0.4707779827088452,2.1677194963898105,-2.756715249999999,80.7678427760257,80.81487428476511,108.480466,215.768839,-1.5316825319287397,0.0853931646211235,1.3423329177961774,0.1236624108754457,0.2309893272959181,-0.2174911711264211,-0.993787703096015,0.0007376989249563,0.0005532868974816,1.3333027192836358,True,A,N_152,train
290,153,5404,2022-07-12 00:19:17.374,False,0,0.0012995,0.0784069511722334,0.0784177192500202,0.153191,0.277928,-0.9166086080002204,-0.2523830033689492,1.9535253188323296,0.0019999375,0.0767739249822724,0.0767999694478292,0.126713,0.2090369999999999,-1.3430424219813917,0.5391843816641515,1.6499095105249628,-3.129244250000001,100.346582082996,100.39536197113696,145.43535,287.294421,-1.446430075129707,0.0788997708180386,1.4486261829686091,0.1374033278350237,0.0432538718806298,0.0558586323665729,-0.990351893784491,0.0007810890633828,0.0007649752731596,1.021064458929115,True,A,N_153,train
291,153,5420,2022-07-12 00:19:18.974,False,0,-0.0053150624999999,0.0902205996013859,0.090377024081414,0.169469,0.332128,-0.9260821373910236,0.0885367689411167,1.8751336606009257,-0.000796625,0.0660235797555265,0.0660283855256586,0.120684,0.196831,-1.1219487514475932,0.6425279195286683,1.8277593649946544,-4.246831375000001,97.7933875004517,97.8855567259092,143.051164,284.910235,-1.4220103185925426,0.0846765719854653,1.461412375684389,0.2159377729439794,0.0113906727039194,0.0938405940669628,-0.9945627696099932,0.0009232927420996,0.0006745467639372,1.368760168250572,True,A,N_153,train
292,153,5436,2022-07-12 00:19:20.574,False,0,0.0013569374999999,0.0863795419532807,0.086390199371442,0.152485,0.274148,-1.2396413016405878,0.2663769024927633,1.7650729030544052,0.0027364375,0.061300420661249,0.0613614672529715,0.124283,0.191109,-0.7631863835563828,0.7668104529059062,2.025424188238937,-5.3644185625,94.7132733887431,94.86506808369712,138.282792,274.181398,-1.4204082467460892,0.0791054920197562,1.4576787303625451,0.4502305219757526,-0.1602492626885727,0.0701729130107394,-0.9964251814409832,0.0009106639684822,0.0006468288959518,1.4078900528125555,True,A,N_153,train
293,154,5454,2022-07-12 00:19:24.471,False,0,0.0216471875,0.0280432535229481,0.035426329118503,0.099691,0.115224,1.331386850923563,1.0939114959893272,2.8140369742099987,0.0158645,0.0409189174251958,0.0438866740993208,0.10323,0.152032,-0.5502049628619639,0.4176455554163951,2.352194649482392,-3.4272675624999995,83.30149911177219,83.37197321170675,115.633024,230.073955,-1.5018028286036855,0.0560929580704965,1.386953187570272,-0.1034802619700161,0.108515581482787,-0.2169817178140514,-0.9980495621091936,0.0004249189236357,0.0005263960106579,0.8072229177888718,True,A,N_154,train
294,154,5470,2022-07-12 00:19:26.071,False,0,-0.0032760624999999,0.0550048922159074,0.055102366130571,0.10234,0.185103,-1.1183464229159632,-0.1460568743454292,1.857270516432893,-0.0026419375,0.0514845470280509,0.0515522881784843,0.107997,0.190416,-0.3356222649317417,-0.278246435954901,2.094902162753527,-3.2782557500000005,84.07795497642753,84.14184139761016,119.209304,234.842328,-1.495932618319495,0.0512872612259499,1.4167660467124723,0.1482464934077739,0.2656453515570873,0.0314561323027779,-0.9981427574489296,0.0006548747355098,0.0006126831469598,1.0688636349136542,True,A,N_154,train
295,155,5501,2022-07-12 00:19:32.476,False,0,0.009911625,0.0706811669009813,0.0713727375447026,0.144539,0.247989,-0.986641430133929,0.2691842214149377,2.0251289914369823,0.0034375624999999,0.1968750608136315,0.196905069529234,0.293154,0.5613170000000001,-1.4541672067565454,-0.0577318157621191,1.4888087985793383,0.9685754999999984,180.18813485527215,180.190738055875,256.300003,509.023727,-1.5121681110576477,-0.003385756691323,1.4223816704747858,0.6457787222496466,0.2025370843383125,0.0011743015895622,-0.9540470398280548,0.0003960954836789,0.0010927591043451,0.3624728287359104,True,A,N_155,train
296,155,5517,2022-07-12 00:19:34.076,False,0,0.02392225,0.0945902015171894,0.0975683364013397,0.252725,0.38952,0.2518031721302738,0.7473329959153936,2.5902358215931387,-0.0047119374999999,0.1869840743540973,0.1870434345735302,0.314734,0.623714,-0.9849622056323466,0.205151682994944,1.682678682187437,-1.639127875000001,180.07899763307157,180.0864573717924,257.492096,512.600006,-1.500364833100141,0.0343425695000069,1.429824872774314,0.5121950216925151,-0.1105775068640332,-0.06197224675297,-0.9666510846897148,0.0005417860833361,0.0010386313179973,0.5216346493198285,True,A,N_155,train
297,156,5535,2022-07-12 00:19:40.568,False,0,0.0079985,0.07588221496586,0.0763025985820601,0.169182,0.281788,-0.6006610226379943,0.1116234100131347,2.21725082951208,0.004529625,0.1122091927962427,0.1123005808116102,0.178873,0.31503,-1.4649445241970125,0.3908155558587315,1.5928056534281714,2.980232562500001,117.13641078538866,117.17431680112286,172.85349,343.322794,-1.4678046227772277,-0.0489801807254229,1.4751824010493704,0.3186185303202262,-0.0940982170401781,-0.0726010087488421,-0.9744580782829456,0.000651188764442,0.00095840610705,0.6794497235064302,True,A,N_156,train
298,158,5560,2022-07-12 00:19:57.844,False,0,0.003266,0.0829905949407823,0.0830548349262401,0.175953,0.328064,-0.40280395236225,-0.2326031675057415,2.1185160401108667,0.0021600625,0.1101088217449382,0.1101300072462655,0.203573,0.335988,-1.1878124187133865,0.4973848823571847,1.8484789485647024,7.599593187499999,112.84018177343287,113.09580204091073,171.661397,343.322794,-1.3962921676788544,-0.0726631016269158,1.5178405732328069,0.1323454925448219,-0.1047115162607391,-0.0012802075078158,-0.998994789311881,0.0007343759310906,0.0009737762610006,0.7541526329015701,True,A,N_158,train
299,158,5576,2022-07-12 00:19:59.444,False,0,-0.010022375,0.1009063601692647,0.1014028674311037,0.189089,0.323091,-1.459743489569468,-0.0975450835429695,1.8647303058611528,-0.004287875,0.1141084420386343,0.1141889767731544,0.214507,0.355528,-0.8602781423080006,0.7875971900532008,1.8785263346928436,5.5134303125,112.26095481799716,112.3962627957851,168.085118,330.209771,-1.3966127165984836,-0.099772331401134,1.4954689223555149,0.4258962772666334,0.029574503794424,0.033885732702939,-0.9953691052459028,0.0009021907393428,0.001015949942932,0.8880267631485015,True,A,N_158,train
300,158,5592,2022-07-12 00:20:01.044,False,0,-0.001679125,0.0742138814170528,0.0742328744947277,0.132095,0.240224,-1.0751240373837172,0.3450546619409937,1.7794676671099652,-0.0112474999999999,0.0971336127391028,0.0977826415065578,0.178653,0.326634,-0.7372514860908312,0.641718736856918,1.8270420725750045,4.0233139375,111.1246172660304,111.19742630817235,164.508839,323.057213,-1.4396376528828072,-0.0855576076926183,1.479430275158352,0.1102142059172446,0.0446075733406766,0.1061533212870431,-0.9901310102645996,0.0006675772718785,0.0008793606538658,0.7591620900295407,True,A,N_158,train
301,159,5610,2022-07-12 00:20:04.636,False,0,0.035783375,0.0580526815507636,0.0681950420604386,0.148831,0.215644,-0.714731148415233,-0.1720438148170483,2.182431383620187,0.02273175,0.0300874681335518,0.0377092587669129,0.100987,0.127463,0.8226080717209725,0.7059315906670734,2.6780425630802527,-1.0430814999999989,84.67414563987874,84.68057013777741,110.864652,221.729304,-1.5867662752577112,0.0553404303924474,1.3092100327102243,0.3160611235721476,-0.1023982053891787,0.1281902659585632,-0.979399954441006,0.0008053210075166,0.0004453118195302,1.808442920662093,True,A,N_159,train
302,159,5626,2022-07-12 00:20:06.236,False,0,-0.02330675,0.0561521897652932,0.0607969819234474,0.09858,0.165463,-1.4249383561058726,0.2109107681520256,1.621462067379052,-0.0083499375,0.0397473742442012,0.0406149629516327,0.071321,0.125896,-0.843883195886153,0.6986030576019908,1.756027700552977,-2.2351743749999997,84.54712892693438,84.57666944420501,113.248838,225.305583,-1.5403854608665066,0.0800569435000878,1.3390080118336882,0.4179416788853572,-0.0025116547995163,-0.3739189702462426,-0.9911359971507891,0.000718838685928,0.0004802147355592,1.4969109290053757,True,A,N_159,train
303,159,5642,2022-07-12 00:20:07.836,False,0,-0.0157471249999999,0.0465710209570756,0.049161284958288,0.086138,0.168403,-0.3807718198026419,0.6824487243955617,1.75215110982322,-0.022264625,0.0434217185099735,0.0487971225048157,0.080404,0.136546,-1.1904087731698825,0.3672382293712315,1.6477201087433984,-2.682209375,84.1687541059706,84.21148030335699,113.248838,224.11349,-1.5216747455694095,0.0853386195753468,1.3448147163788249,0.640841132196279,-0.1437971661701709,-0.2396828105721143,-0.9941714292687728,0.0005837836454268,0.000579459265281,1.007462785401667,True,A,N_159,train
304,160,5660,2022-07-12 00:20:12.569,False,0,0.0005464999999999,0.0982291490349224,0.098230669255457,0.166638,0.312851,-1.2315109523230183,0.1532027119272044,1.6963948353710585,0.013649375,0.1927918406951118,0.1932744144383834,0.32151,0.578938,-1.2685059666874818,0.168576637452317,1.6634897119426977,3.948808125,173.39715386029735,173.4421115313686,247.955351,489.950237,-1.489016144327036,-0.0545370761648493,1.4296144622014415,0.6087311845078177,0.0313409941542136,-0.0458873040563931,-0.9814166700992912,0.0005663599709906,0.0011143453728273,0.5082445575680342,True,A,N_160,train
305,160,5676,2022-07-12 00:20:14.169,False,0,0.0057803125,0.0730096669958153,0.0732381286451087,0.13738,0.2558,-0.5585948051771874,-0.16017409818512,1.875798884290239,0.0049421875,0.2043675472969041,0.2044272966250777,0.305838,0.606526,-1.4901359272384955,0.0100474199668424,1.496072222492434,6.407500125,172.56080708749028,172.67972724248182,249.147445,495.910703,-1.4500594719583757,-0.0755906833378086,1.4428297344374423,0.6744657172158464,-0.0707537060458047,0.0160137782269742,-0.992465322350686,0.0004241269650737,0.001183852325282,0.3582600262010432,True,A,N_160,train
306,161,5698,2022-07-12 00:20:20.537,False,0,-0.0009251875,0.0909140338205677,0.0909187412882377,0.161463,0.315836,-1.0378999430374631,-0.0430570136932401,1.775904480332799,-0.0022434375,0.1186588778989844,0.1186800839065363,0.230545,0.368766,-1.1956297409794785,0.5649233188800787,1.942575303380812,-6.92904075,108.98708440435404,109.20712510032006,163.316746,323.057213,-1.4126166465568346,0.0493170424113231,1.4954770199286325,0.3887208401317416,0.1326748204147295,-0.00789476029037,-0.9991710887033542,0.0008325348845573,0.0010867430471914,0.7660825497885442,True,A,N_161,train
307,164,5739,2022-07-12 00:20:45.131,False,0,0.0280391875,0.062512830007346,0.0685131370701086,0.168931,0.2498969999999999,-0.0903183288049955,0.5293483106580217,2.465673113568496,0.0030801875,0.0451018168719658,0.0452068738156875,0.108241,0.170265,-0.4029330721211104,0.6673606219413187,2.39434826750702,-0.4470349374999993,83.27697249127814,83.27817233554326,110.864652,220.537211,-1.6043377730638675,0.0386947038894845,1.3312570255901592,-0.1592782410376605,-0.2665875870175283,-0.2626835518354048,-0.966144627920458,0.0008227022177438,0.0005428418101389,1.5155468911529428,True,A,N_164,train
308,164,5755,2022-07-12 00:20:46.731,False,0,0.0276135,0.0619449165055131,0.0678209264395953,0.123223,0.237283,-0.3773789912936878,-0.4941850984851499,1.8168875960393804,0.0283845625,0.064079935539497,0.0700851020336169,0.116995,0.225817,-0.3619005525699736,-0.6885786990053447,1.6693276688658067,0.5215407499999998,83.47946811164553,83.48109726732844,109.672559,219.345118,-1.619936553430786,-0.0029763616392372,1.3137412251398617,-0.1424100511581428,0.1068055914002296,0.4505877981355085,-0.9456088391133494,0.0008124105774797,0.0008395325927399,0.9676939102844482,True,A,N_164,train
309,164,5771,2022-07-12 00:20:48.331,False,0,-0.0463650625,0.0731689202543238,0.0866222252762678,0.158826,0.2414379999999999,-1.0480301477601466,0.288528179815679,1.8335479086741264,-0.020123,0.0393500770218433,0.0441968742178109,0.134174,0.175363,2.1033964180120286,-1.1483459826171014,3.035825550439699,2.086162812500001,82.98596651414306,83.01218412719142,110.864652,219.345118,-1.603075185534529,-0.0455916358374716,1.33552264846005,0.3207461824815287,0.4253585234092155,0.1177501336364489,-0.9703643425488668,0.0010434880877672,0.0005324143037857,1.959917455912752,True,A,N_164,train
310,165,5789,2022-07-12 00:20:52.436,False,0,-0.036497625,0.0934545461386677,0.1003286042194597,0.202176,0.325998,-0.9443591180592574,0.1079601520091,2.0151381709423397,-0.001733125,0.1639287837606147,0.163937945172861,0.283203,0.495604,-1.266550049790437,0.1453934512767653,1.7275012182285332,1.3411046875000032,154.12377378059898,154.12960846688765,221.729305,438.690238,-1.4975457819400622,-0.0218829724523174,1.4385899452124742,0.2937281396698313,0.2474044103733418,-0.1147307767658973,-0.9624581541015348,0.0006509366059994,0.0010636369403876,0.611991349005078,True,A,N_165,train
311,165,5805,2022-07-12 00:20:54.036,False,0,0.0198373125,0.0651158849175056,0.0680705328010035,0.172221,0.23608,-0.4343775278072765,0.4840324262513759,2.5300374907225787,0.0021014374999999,0.1650499575635998,0.1650633349090963,0.289799,0.5248729999999999,-1.291591584367806,0.2836623012428645,1.7556836602119912,3.4272674374999976,154.024622306567,154.06274838119944,222.921398,439.882331,-1.4745245653593404,-0.0543193060912901,1.4469519747137234,0.6464952348809901,-0.3085512116009308,-0.0556487084065447,-0.980796613692957,0.0004418364174094,0.0010714032862809,0.4123903884438743,True,A,N_165,train
312,166,5832,2022-07-12 00:21:00.416,False,0,-0.007374375,0.1055446084405043,0.1058019176456646,0.208258,0.359388,-1.0500553431033774,-0.0824058737109235,1.9683764210915853,-0.00804775,0.118416392200626,0.1186895455458272,0.224153,0.350328,-0.8948277095455781,0.8249261337739302,1.888565660683672,3.2782559375,134.2802324367947,134.32024339343403,197.887444,393.390702,-1.4601743064774195,-0.0493509825637436,1.473251082641154,0.5340736605664168,0.0192503490832808,0.0706576412095852,-0.977683064820012,0.0007876840822552,0.0008836311083667,0.8914173287891934,True,A,N_166,train
313,166,5848,2022-07-12 00:21:02.016,False,0,0.0019559375,0.0599060108758594,0.0599379331522409,0.100708,0.192438,-1.241865705241587,-0.1829593742478595,1.6802047502072537,-9.624999999999911e-05,0.1115854358790272,0.1115854773900932,0.199062,0.327088,-1.224737459861752,0.5411467206161485,1.783941823397828,1.0430814999999996,135.8102651364523,135.814270735623,199.079537,398.159074,-1.4930727799229655,-0.0072644184177131,1.465821934040566,0.1408146995037348,0.0803037087082169,0.0390033134089154,-0.9528709057536646,0.0004413227919834,0.0008216034794112,0.5371481536320634,True,A,N_166,train
314,167,5864,2022-07-12 00:21:08.408,False,0,0.0699491875,0.0580031565091706,0.0908694392903219,0.13731,0.171786,-1.194911532520611,-0.5331940257046698,1.5110690796858943,0.0190227499999999,0.0864379614083852,0.0885064189197597,0.243994,0.340098,0.5399923763209333,0.829416687927329,2.75679439952492,0.8195639999999997,83.9418033427491,83.94580414519156,110.864652,220.537211,-1.6120009965387667,-0.0149872708400415,1.3206693667291574,-0.332407098372087,-0.3598331302144515,0.4404089750631652,-0.9549300387882066,0.0010824774414353,0.0010543280848996,1.026698858674923,True,A,N_167,train
315,169,5890,2022-07-12 00:21:25.804,False,0,-0.0521575625,0.0702988524434865,0.087534792972923,0.185227,0.28533,-0.3249322511290287,0.1991949781780839,2.116038591161069,-0.0272499374999999,0.0704062252125733,0.0754956663818361,0.134926,0.258185,-0.3837609198197182,0.6348219050842836,1.7872019212014334,-3.9488081249999993,80.66991288310308,80.76650252533848,110.864652,220.537211,-1.5310780607278456,0.0746019460107905,1.372656343082567,0.3743898459883351,0.073600654651656,-0.1297151427945442,-0.9972353648945756,0.001083800712374,0.0009347398243244,1.1594677836234517,True,A,N_169,train
316,169,5906,2022-07-12 00:21:27.404,False,0,0.005244375,0.0630555088621079,0.0632732223535359,0.142814,0.242381,-0.4733246453229962,0.2334763038719294,2.2571001552921386,0.007204625,0.0452228280709463,0.045793130490555,0.086134,0.162306,-0.8497742690577308,0.0559807284795798,1.8809371422590428,-3.799796562499999,80.9189059766308,81.00807242720445,110.864652,219.345118,-1.5320353787060137,0.0764061546452141,1.3685630169712444,0.4301207549016115,-0.1609981524054503,-0.0568488695962085,-0.9988112842786184,0.0007810730518294,0.0005652909533393,1.381718648096929,True,A,N_169,train
317,169,5922,2022-07-12 00:21:29.004,False,0,0.0484301875,0.067006915298179,0.0826765369319645,0.167451,0.228825,-1.0964616590488392,0.1883691972390395,2.0253751089961263,0.01928725,0.0476011921692881,0.0513602132832409,0.100008,0.153724,-1.1927235780516383,-0.0033049173614852,1.947188175572336,-2.682209375,82.2333606699285,82.27709191629151,110.864652,220.537211,-1.5350138035621428,0.0842787319180299,1.3474546732010582,0.3499992103123685,0.1030447720863073,-0.054409699109384,-0.997435797766198,0.0010048548752316,0.0006242346695419,1.6097389719941495,True,A,N_169,train
318,170,5940,2022-07-12 00:21:33.358,False,0,-0.0135780625,0.0631986558069757,0.0646408065935326,0.15099,0.258582,0.1015962864129558,-0.1561130823168425,2.335831001451436,0.0172819374999999,0.1905550558888653,0.1913371231323459,0.303659,0.591164,-1.3704782728934877,-0.0322464733926994,1.5870365093237149,-4.395843000000001,164.45036774969165,164.5091088319716,236.034421,472.068842,-1.4616926427677768,0.0731332560297764,1.4347802542720225,0.3689526402064237,-0.0730319883365366,0.0809393691586059,-0.9900465951796272,0.0003929314738404,0.0011630792026706,0.3378372452523043,True,A,N_170,train
319,170,5956,2022-07-12 00:21:34.958,False,0,-0.00096575,0.1091113360675117,0.1091156099350592,0.230349,0.412362,-0.5902189745741335,-0.1800931676897868,2.111054505740228,0.0065757499999999,0.1953165316263897,0.1954271936415835,0.366785,0.6464890000000001,-1.0873084711155738,0.4255437734491362,1.8768370622600723,-2.3096802499999987,167.22449620543787,167.24044592747217,237.226514,472.068842,-1.5012960001790048,0.0430723221905349,1.4184757322572494,0.4961557176058729,-0.0825929065546687,0.0271284776476194,-0.976370964878252,0.0006524474945634,0.0011685402568606,0.558344045686799,True,A,N_170,train
320,171,5982,2022-07-12 00:21:41.500,False,0,0.0020190625,0.0863569941431126,0.0863805941795522,0.160971,0.312147,-0.7081527291485101,-0.0717302158240656,1.8635088300666556,0.00602775,0.1193383653888702,0.1194904984664052,0.226632,0.377882,-1.086988556422779,0.6112297938432942,1.8966528963281335,6.332994124999999,131.4702973141588,131.62274078008176,201.463723,401.735353,-1.3813774691153216,-0.077150378660425,1.5306148603652778,0.3502982834134328,0.0288235116487528,-0.068335278989347,-0.9967870012561306,0.0006562740881066,0.0009078256368027,0.7229076394207039,True,A,N_171,train
321,172,6009,2022-07-12 00:21:49.428,False,0,-0.02911975,0.0502823779239556,0.0581057430014452,0.137788,0.213555,-0.0181577872162908,-0.0824496755909968,2.3713318663969742,0.005232375,0.191903605621701,0.1919749244009488,0.28843,0.56537,-1.49928730775751,-0.0912703635652074,1.5024358045720607,10.2818024375,162.55679949922737,162.8816396184536,243.186979,485.181865,-1.4114986645069152,-0.053072818255931,1.493028800358713,0.5247542072446171,0.0250629955896562,-0.0572196451162784,-0.9988990744051977,0.0003567359902414,0.0011786161095298,0.3026736079347977,True,A,N_172,train
322,175,6052,2022-07-12 00:22:07.078,False,0,0.0306750625,0.067509370564823,0.0741516997339744,0.162924,0.251656,-0.6039351827458677,-0.1085894977945373,2.197171482036202,0.0187779375,0.1384123129351525,0.1396802753033244,0.242833,0.398715,-1.3203144795599266,0.417772349724633,1.7384917052366415,3.0547385,135.38850529990228,135.4229625825881,196.695351,389.814423,-1.4663980121016682,-0.0573367248277209,1.452451986346442,0.452023372147309,-0.2349364977195553,0.0313655295283572,-0.980218709211078,0.0005475563251597,0.0010314371554095,0.5308673652951311,True,A,N_175,train
323,175,6068,2022-07-12 00:22:08.678,False,0,-0.0116309374999999,0.0605295217305869,0.0616368534893086,0.103446,0.1989659999999999,-1.1807486224846082,0.0135948745244562,1.6783140952830022,-0.0170010624999999,0.1514878436704859,0.1524388497269068,0.238281,0.421104,-1.2192100493763698,0.534390818669924,1.563125151015497,1.7881396249999997,136.36314675415042,136.37487025112966,197.887444,392.198609,-1.4975616669279,-0.0173188253146025,1.4510550487461291,0.3562280660667224,-0.0292807035690279,-0.1319626076858547,-0.9623376071075044,0.0004519663584339,0.0011177928121669,0.4043382221771591,True,A,N_175,train
324,175,6084,2022-07-12 00:22:10.278,False,0,-0.030075,0.0760388223664399,0.0817704600199546,0.138982,0.261704,-0.9207978262000598,0.4458216328222943,1.699660243639132,-0.0245191875,0.1382119404674478,0.1403699791388369,0.256574,0.414542,-1.218928370716459,-0.3368868703682282,1.8278409783492824,0.6705523124999999,139.506701794818,139.50831332243996,200.27163,395.774888,-1.5034939226991155,0.0229527146639073,1.4355533747807574,0.3413523731316309,0.0989613605650347,0.0590898871165798,-0.961400805763408,0.000586133242332,0.0010061764478107,0.5825352438007935,True,A,N_175,train
325,176,6102,2022-07-12 00:22:13.849,False,0,-0.0068401874999999,0.0919658951909747,0.0922199221606291,0.200021,0.373954,0.0097682028459331,-0.3194013556557011,2.168956504339728,0.0033151874999999,0.1446694847571606,0.1447074645208826,0.259007,0.45589,-1.241965846749225,0.3444646482358113,1.7898662025318186,-3.352761750000002,158.60730570695807,158.64273836193297,233.650235,458.955819,-1.4717733980010277,0.0711085494007842,1.4728076268258958,0.4466100631070871,-0.0698174892406841,0.0646904590384976,-0.988545253261082,0.000581305662729,0.0009121593967367,0.6372851771397113,True,A,N_176,train
326,176,6118,2022-07-12 00:22:15.449,False,0,0.0082675,0.0841398006876056,0.08454500349518,0.131595,0.252917,-1.0452313475702488,-0.4152654217129659,1.556508303976856,0.0037409999999999,0.1370546557148826,0.1371057027775467,0.248823,0.4351589999999999,-1.2065728011696089,0.2188247363743589,1.8148260426753648,-0.596046499999999,159.13046722442314,159.13158351029304,232.458142,463.724191,-1.513645121725133,0.0314387285788738,1.460791986557238,0.5186559864413037,0.0159961126225185,0.0106262040474504,-0.965757283608636,0.000531289902546,0.0008615869945684,0.6166410425126794,True,A,N_176,train
327,176,6134,2022-07-12 00:22:17.049,False,0,-0.0015736875,0.0681339741334295,0.0681521454068945,0.12694,0.2450149999999999,-0.7536367260288168,-0.2420052286567947,1.8625972703004328,0.0033044999999999,0.1494451303572652,0.1494816601050108,0.255011,0.4837059999999999,-1.324041933250586,0.1280012277130548,1.7059684768074876,1.4901163750000022,158.2655035087678,158.27251829580155,228.881863,452.995354,-1.5185927698781074,-0.0134978899280482,1.44612511043916,0.4441012630468769,0.0607087092713765,0.0412059689318251,-0.9576719394189572,0.0004305999938632,0.0009444574567622,0.4559231236729488,True,A,N_176,train
328,177,6152,2022-07-12 00:22:21.169,False,0,-0.038792625,0.0523573161564778,0.0651625376232387,0.122189,0.210921,0.1697626803884704,0.5264960407627806,1.87514182928972,-0.0151307499999999,0.0677187232376504,0.0693885082164186,0.130211,0.2283939999999999,-1.0053138472375898,-0.0075067654677289,1.8765499265941783,-3.7252908125,80.47607534793481,80.56225229624715,109.672559,219.345118,-1.541220778207171,0.0605759913988097,1.3613392857576414,0.2267524780651026,0.5547758916803308,0.0951293959769772,-0.9976571993810328,0.0008088470191178,0.000861302982956,0.9390969671807988,True,A,N_177,train
329,177,6168,2022-07-12 00:22:22.769,False,0,0.0340714374999999,0.0561612872670854,0.0656883021611344,0.171271,0.24598,0.5932488314501154,0.4033612615154358,2.6073287688250724,0.022236375,0.0665985753140363,0.0702127239679532,0.13633,0.220356,-1.06974184453454,0.1375019301815258,1.9416708581513544,-3.650784875,81.0858456558924,81.16798997101463,110.864652,220.537211,-1.5336055968291116,0.0614599979241707,1.3658666678772031,-0.2834090786328758,-0.1272724098006616,-0.3161324123834844,-0.9976056869088966,0.0008092882697303,0.0008650297240701,0.9355612266391504,True,A,N_177,train
330,178,6198,2022-07-12 00:22:29.076,False,0,0.0312488124999999,0.1543774094335124,0.1575083262118625,0.351699,0.588644,-0.4805712660892851,0.2457317351699623,2.232891482364773,0.0453555,0.1727624302969977,0.1786168488759529,0.339932,0.5833200000000001,-1.1500144913359818,-0.0755864818687555,1.9031351305277944,7.599593125,121.50498187232634,121.74241017599374,185.966514,370.740935,-1.381742448406592,-0.0596925832574496,1.5275409262159534,0.1161412697686179,0.2316973206087426,-0.0614799604638414,-0.998690551969798,0.0012937835384083,0.0014671703034114,0.8818223320088354,True,A,N_178,train
331,178,6214,2022-07-12 00:22:30.676,False,0,0.0056096875,0.1372727793158201,0.137387352165101,0.315948,0.559785,-0.0980313055814758,0.251152223936132,2.2996876715428587,-0.0098213749999999,0.1861759602492609,0.186434834678568,0.282961,0.533445,-1.4012402443645835,0.2763131656175168,1.5177474772236237,8.1956396875,122.82020854506652,123.0933472489109,182.390235,356.435818,-1.4101597626725773,-0.0428209943247193,1.4817229287882066,0.5184854260956464,-0.0952605109197644,0.1001248612219447,-0.9992795961374372,0.0011161232937088,0.0015145809163964,0.736918893950105,True,A,N_178,train
332,179,6230,2022-07-12 00:22:37.072,False,0,-0.00799925,0.0854870673431806,0.0858605071234732,0.187729,0.341927,-0.4148145173094213,-0.1895695828280299,2.1864417796884537,-0.000966125,0.152000063106021,0.1520031334603007,0.277211,0.4693779999999999,-1.1909973705442525,0.3826564967490461,1.823718983216884,-7.674098937499998,161.5329879585884,161.71517551959062,241.994886,482.797679,-1.3963473228450225,0.0784859321137223,1.4964265735882287,0.4501017846621113,0.2244647573924051,0.0315507981790153,-0.9967287575078876,0.000530936610294,0.000939943533264,0.5648601128732506,True,A,N_179,train
333,181,6257,2022-07-12 00:22:53.936,False,0,0.0196085625,0.1050596868641635,0.1068739141573494,0.197317,0.371036,-0.9190687439459636,0.1101323214639054,1.84625969354404,0.0029593749999999,0.2023586662262315,0.2023803046179395,0.34979,0.610749,-1.1973766974510358,0.3888132819876013,1.7283796496914337,10.505319875,172.41114010470804,172.7308975773626,255.10791,507.831634,-1.419822009215605,-0.0616821321882425,1.4769095371934973,0.6702891620113239,0.1060968646493855,0.0629384767564077,-0.9985132044797153,0.0006187307288754,0.0011716508595533,0.5280845602002116,True,A,N_181,train
334,181,6273,2022-07-12 00:22:55.536,False,0,-0.0135585,0.0708568622567708,0.0721424136768724,0.14898,0.261295,-0.5286565498168692,-0.2823123760564431,2.0650820010997246,-0.00601475,0.2083656571875209,0.208452450963643,0.336254,0.658467,-1.370109918629424,0.0655040658816668,1.6130968882618093,11.175872124999998,172.7799320938714,173.14099760633576,253.915817,498.294889,-1.4383486558534746,-0.0465966064341881,1.4665262445658245,0.6717148456704368,0.0633945164660301,0.023740077751656,-0.9990734107188888,0.0004166685803722,0.0012039462279037,0.3460857060848621,True,A,N_181,train
335,181,6289,2022-07-12 00:22:57.136,False,0,-0.0073014375,0.0925707065727117,0.0928582075259774,0.185583,0.330596,-0.7605067251054143,0.1419503005131489,1.998563238990828,0.0032113124999999,0.1985733816995365,0.1985993465436442,0.330239,0.610987,-1.2777835614788755,0.2356010064223423,1.6628403151740814,11.1013664375,173.6049916152511,173.9595741846681,257.492096,511.407913,-1.432301388600281,-0.0548074169474143,1.4801835265856498,0.4674351358528911,-0.019143740968095,-0.0406348152961117,-0.9989997174184015,0.0005337918764241,0.0011416407948482,0.467565523965966,True,A,N_181,train
336,182,6307,2022-07-12 00:23:01.103,False,0,0.0077838125,0.0721081776484286,0.0725270778455364,0.113765,0.214452,-1.4614334789118977,0.0475034229580268,1.5685865662792795,-0.0012185625,0.0704866277291025,0.0704971601072518,0.136634,0.221957,-0.7304711418127843,0.8151469596457546,1.9381489948266,5.513430375000001,96.45450378022704,96.61195171400796,141.859071,277.757677,-1.4159404258588637,-0.0894460961925711,1.4683387353557786,0.469652406140579,0.0162591528623538,0.0455948505815048,-0.9947572576706016,0.0007507050272644,0.0007296939856461,1.0287943193058606,True,A,N_182,train
337,182,6323,2022-07-12 00:23:02.703,False,0,-0.0005175624999999,0.0626485755414366,0.0626507133902918,0.132953,0.2537,-0.3387218793307052,0.0014914454501414,2.1221306638880484,-0.0019039999999999,0.0607091563131131,0.0607390062171748,0.147181,0.227168,0.0628166673487058,0.8343944630499112,2.423171025777872,6.4075000000000015,94.37590112315593,94.59316449436346,138.282792,275.373491,-1.4199560315459192,-0.0763171618534708,1.4618687591135602,0.4427579237338818,0.0146125434727989,0.0551615826868138,-0.9965387261254348,0.0006623175546053,0.0006421077732397,1.0314741266309444,True,A,N_182,train
338,183,6354,2022-07-12 00:23:09.220,False,0,-0.0153495625,0.0350922955450494,0.0383024578266525,0.080253,0.132118,-0.6910499828928627,0.1331739522338325,2.0952441319354795,-0.0116933125,0.0496121811639021,0.0509715810728144,0.092762,0.175113,-0.5629952774552187,0.5885802574957057,1.8198768421071068,4.842877937500002,82.31860832978607,82.46094071783469,112.056745,222.921397,-1.5281003295787912,-0.0548426640837318,1.3589069446034627,-0.010192790298091,0.0803725961141642,-0.2455970686447966,-0.9980445470599856,0.0004644921279483,0.0006181299974157,0.7514473167300095,True,A,N_183,train
339,183,6370,2022-07-12 00:23:10.820,False,0,-0.0032242499999999,0.0541140284197406,0.0542099977852333,0.108999,0.175692,-1.0977664069127413,-0.33322419420013,2.010680768367253,-0.0079951875,0.0387064659702012,0.0395235819614379,0.067455,0.133219,-0.690289289060801,0.4700214266550738,1.7067025975989225,4.917383812499999,82.4301032021771,82.5766466834359,113.248838,224.11349,-1.523337401242379,-0.0561085193624248,1.3714390514566228,0.3451997532848839,-0.0552165983355262,0.1957582289094982,-0.9979496192312376,0.0006564809781275,0.0004786290500866,1.371586154264169,True,A,N_183,train
340,184,6386,2022-07-12 00:23:17.204,False,0,-0.0079035625,0.0364212070794076,0.0372688962180596,0.064929,0.124625,-0.7607823111014804,0.3058574973470344,1.7421766295438856,-0.0034179374999999,0.046565196655427,0.0466904683668144,0.09523,0.167813,-0.4755769273471504,0.5401283619539631,2.039602585517976,5.215406937499999,81.11257477947446,81.28007293844881,112.056745,220.537211,-1.5229071001054972,-0.0620256153677584,1.3786496609674248,0.309355389052275,-0.0568863312899869,-0.0646037891995048,-0.9974142219390216,0.0004585243943651,0.0005744393020189,0.7982120874278646,True,A,N_184,train
341,184,6402,2022-07-12 00:23:18.804,False,0,-0.0041895624999999,0.0397751090648547,0.0399951463938125,0.080336,0.14388,-0.7082852180102073,-0.0141522462976312,2.0086437291408017,-0.0094096875,0.0560611567996491,0.0568453649875035,0.119551,0.20076,-0.8418391568839212,-0.2004977390901675,2.1030914310477398,5.736947687500002,80.9112222265431,81.11435416103707,110.864652,221.729304,-1.519719420057151,-0.0768360799190824,1.3667698294176072,-0.1134415576362047,0.0449298998132354,0.0163856447825961,-0.9968486459844496,0.000493071131583,0.000700805246808,0.7035779681000339,True,A,N_184,train
342,185,6419,2022-07-12 00:23:25.144,False,0,0.0020691249999999,0.0650854909742515,0.0651183723201448,0.104126,0.203848,-1.216595758520668,-0.0218822874995636,1.5990264542866643,-0.014930375,0.104932395740588,0.1059892625387119,0.182115,0.320741,-1.0188640471193355,0.5989400574520987,1.718240089966506,4.023314062500001,115.13257986992116,115.20285588278308,169.277211,337.362329,-1.406618296433494,-0.0791690573121171,1.4693838073965515,0.7034080735470162,-0.1936008715031899,-0.1043529904287176,-0.9927814012617192,0.0005652496357069,0.0009200228737953,0.6143865025606788,True,A,N_185,train
343,187,6450,2022-07-12 00:23:42.270,False,0,-0.011295875,0.0677594840703821,0.0686945738286511,0.151637,0.273739,-0.1568619137755167,-0.1541125034332371,2.2074087012787498,-0.0250621875,0.0417921734841267,0.048730883501251,0.091834,0.173557,0.5268019155533592,0.6369473090307247,1.8845133394234972,-3.8743023125000007,81.55661174459154,81.6485831944847,112.056745,221.729304,-1.512456871119925,0.0694077762497502,1.37242730511421,-0.0589424328023779,-0.1881214488164684,-0.0554513289379456,-0.997280111256698,0.0008413443459884,0.0005968368536803,1.4096722425910373,True,A,N_187,train
344,187,6466,2022-07-12 00:23:43.870,False,0,0.007612875,0.0479373778758222,0.04853810939226,0.096244,0.179756,-0.6682628018695511,-0.3641370106663551,1.9828543222029007,0.0034784375,0.0414883486324304,0.0416339116548937,0.082075,0.1493749999999999,-0.9471839203314958,0.086964929769237,1.9713497179973156,-3.8743023125,81.92496213250305,82.01652052373778,112.056745,222.921397,-1.5153363659405945,0.0616693202268262,1.3662704085034645,0.4649169951254257,-0.0741131756953807,-0.1136227015028206,-0.9987394833292192,0.0005918089316921,0.000507628358153,1.1658311088949695,True,A,N_187,train
345,187,6482,2022-07-12 00:23:45.470,False,0,0.0032228125,0.0554699959439997,0.055563539937962,0.115778,0.201566,-0.5957070712412347,0.2668109006378609,2.083704532311456,0.01469975,0.0356633213110823,0.0385740215300401,0.095971,0.142665,-0.3396173708923862,0.4889504625768121,2.4879697836343317,-3.2782558124999994,83.2403022266434,83.30483104811583,113.248838,225.305583,-1.502670571222308,0.0744066652416792,1.3594510255304268,0.0409032634326423,0.2531872184677604,-0.0075486763604062,-0.9986622072441016,0.0006669906083342,0.0004630466330069,1.440439387287919,True,A,N_187,train
346,188,6500,2022-07-12 00:23:48.975,False,0,0.018837125,0.0843479662572511,0.0864257871818359,0.195573,0.360796,0.2846920025540651,-0.0431299299023041,2.2629009972280985,0.0163079375,0.1984715387418523,0.1991404040270645,0.380496,0.663848,-1.1292668021779495,0.1196996706477641,1.910692116243211,-3.576279187499999,170.37445216275842,170.41198233277788,245.571165,483.989772,-1.4691891359403917,0.0749853961488913,1.441044001943786,0.7130550899924809,0.0244717870155409,0.0258641566178696,-0.990697500437255,0.0005071579239836,0.0011685821695224,0.4339942343899739,True,A,N_188,train
347,188,6516,2022-07-12 00:23:50.575,False,0,-0.0079340625,0.0675732950556918,0.0680374863765373,0.185046,0.302394,0.9571037591659332,-0.7338995463606137,2.7197653801597967,-0.00788025,0.1947811283195512,0.1949404685782303,0.270642,0.525611,-1.5214212359382553,0.2051637597048632,1.388331535129097,-5.587936062500001,170.27366284018078,170.3653288860446,244.379072,487.566051,-1.4304551870030768,0.0878543990450763,1.4344413478840072,0.3498052793591577,-0.0475860921560181,-0.0025666193174637,-0.9956469653201137,0.0003993622811719,0.0011442496536875,0.3490167376366678,True,A,N_188,train
348,188,6532,2022-07-12 00:23:52.175,False,0,-0.0140250625,0.0937116819101737,0.0947553782355518,0.191381,0.362737,-0.3842950415769186,0.2797778242443838,2.019737597630047,-0.0236150625,0.1911541085895974,0.192607280255868,0.351193,0.655878,-0.9075304463404832,0.3931212293721889,1.8233630604900275,-7.6740989375,169.454446675551,169.6281264785404,247.955351,494.718609,-1.415224751971019,0.0812475415477241,1.461758472179841,0.5255994237098316,-0.1085484492074116,-0.10601762603528,-0.9975444929199492,0.0005586065247707,0.0011354678275022,0.4919615609008893,True,A,N_188,train
349,189,6550,2022-07-12 00:23:56.987,False,0,-0.0037216249999999,0.0723540515424628,0.0724497016367217,0.121368,0.241495,-1.067266585383161,-0.1026883615665783,1.675203586186801,0.0087015625,0.1356881555516033,0.1359668810664475,0.2401,0.398966,-1.1505245864056106,0.465786689804465,1.7658712041990736,-4.3213373125,137.29713533509386,137.3651241305139,205.040002,402.927446,-1.4464159804722256,0.0704978315468272,1.492664191859839,0.1877384957928252,-0.0183201520512437,0.0417971455561247,-0.9862494748530608,0.0005274242796001,0.0009898209747713,0.5328481544069196,True,A,N_189,train
350,189,6566,2022-07-12 00:23:58.587,False,0,0.0003372499999999,0.0868636137772168,0.0868642684652325,0.182423,0.286023,-0.1746016777315775,-0.8695769526066366,2.1000925147146643,-0.006592125,0.1439251861875098,0.1440760748046843,0.266575,0.412759,-1.0457490443617563,0.7782146621646826,1.8502378022262227,-5.811453500000001,132.59648955094244,132.72378096262872,201.463723,394.582795,-1.4039368551449016,0.0816422592837193,1.5179172981571891,0.5211387090003949,0.0712644171146657,-0.0376908868897823,-0.9934348211522857,0.0006544740349861,0.0010855332311942,0.6029055732049161,True,A,N_189,train
351,190,6586,2022-07-12 00:24:04.940,False,0,-0.028303875,0.0467247468718063,0.0546288505301914,0.142988,0.166881,-0.0941691135507172,-0.8127998847988906,2.6174447862668377,-0.01415475,0.0559531206619657,0.0577157574616759,0.124135,0.225918,-0.3323334199313303,0.064323021031055,2.150799113784956,3.2782558749999997,82.97312212301999,83.0378585732048,110.864652,220.537211,-1.5249420832726,-0.0721189439798227,1.33510971868649,0.1609538409789646,0.0138144459051306,0.0233345004488403,-0.994403531928084,0.000657878845491,0.0006950535388722,0.9465153527000972,True,A,N_190,train
352,192,6624,2022-07-12 00:24:22.654,False,0,0.045334625,0.051856769994229,0.0688792626131044,0.1658,0.232197,0.830381626042537,0.3569751109183239,2.407110554177975,0.025142375,0.0575614575463423,0.0628129000723577,0.136797,0.199352,-1.0448921893896663,0.3918577249447998,2.177848815170383,-2.384186,83.172519846202,83.20668483030352,112.056745,221.729304,-1.5640100426514818,0.0842874501595794,1.346727672524569,-0.5808809708337448,-0.0600396474012231,-0.0138100422618341,-0.987351898523432,0.0008278092409712,0.0007549020875,1.0965782909841524,True,A,N_192,train
353,192,6640,2022-07-12 00:24:24.254,False,0,-0.0367083125,0.0430240295528538,0.0565558779046219,0.114262,0.149068,-1.0979259329806874,-0.2301928622003006,2.020338190005573,-0.0250084375,0.0499333053169034,0.0558458317698151,0.116699,0.175408,-0.6577650463294056,-0.5139498338878005,2.0896635666742114,-3.12924425,82.03695832691544,82.0966180856935,110.864652,220.537211,-1.5341623607757808,0.0885097001062433,1.3504167965150289,0.0500309871190125,-0.2250586507314888,0.0424671513807267,-0.9944822244854092,0.0006888941252803,0.000680245216819,1.0127143980545117,True,A,N_192,train
354,192,6656,2022-07-12 00:24:25.854,False,0,-0.0149313125,0.0617924416147706,0.0635708261208512,0.121165,0.219277,-1.001008427026448,0.204365951701046,1.9059843546733128,-0.01005625,0.0541432798063388,0.0550692555991998,0.099036,0.197524,-0.6492851229895074,0.2493535732868225,1.7983900258393732,-3.4272674999999992,81.40332237733327,81.47543836386893,110.864652,221.729304,-1.526049316604038,0.0837797537753999,1.360712556155623,-0.1910722734774492,0.2883657598833446,-0.0628492801768684,-0.9960129237323444,0.0007802452787911,0.0006759000835719,1.154379615797366,True,A,N_192,train
355,193,6674,2022-07-12 00:24:29.596,False,0,0.011528125,0.0839459546850494,0.0847338242616253,0.188981,0.368289,0.2191225521125632,0.0229278786351458,2.2302899892314514,0.0039334375,0.1996682255580394,0.1997069658976934,0.287289,0.5630539999999999,-1.523186087835778,-0.1092126773788574,1.438552725032002,-0.6705522499999992,175.56932831683525,175.57060883287005,251.531631,500.679076,-1.509975490464741,0.0111693689997414,1.4326522683499896,0.6839423439312058,0.0654911553642516,-0.0428591810288926,-0.9618600234312796,0.0004826196413221,0.0011374737903187,0.4242907796467802,True,A,N_193,train
356,193,6690,2022-07-12 00:24:31.196,False,0,0.0039851874999999,0.0951981904155869,0.0952815678807422,0.22379,0.427882,0.547161033352173,0.1995086175667453,2.3487228954933164,0.0009694374999999,0.1987206881328567,0.198723052767067,0.299687,0.582627,-1.488835369772171,0.1108984132580109,1.5080635881297464,1.7136338125000012,176.56109683351303,176.56941257164706,252.723724,503.063262,-1.5046291390327935,-0.0236013307423185,1.4312995683635272,0.6642769136403504,-0.0064927444775272,0.0007898074298038,-0.9629909993194222,0.0005396266912429,0.0011254670323288,0.4794691232547965,True,A,N_193,train
357,193,6706,2022-07-12 00:24:32.796,False,0,0.0010241249999999,0.0833832420505426,0.083389531038824,0.235563,0.385625,1.7904941947245965,1.0031537482501454,2.8248509982665317,0.0007644374999999,0.1930444097082873,0.1930459232522471,0.304398,0.5916870000000001,-1.3451496227157926,-0.0056960693751183,1.5768165153234162,4.246831312499999,176.85714107726955,176.9081228384442,252.723724,503.063262,-1.477375229000596,-0.0586269620624185,1.4285591862324605,0.5220998352359053,-0.1214448446691506,-0.0480337287083135,-0.9830549596658475,0.0004713719737729,0.0010912213648241,0.4319673248414654,True,A,N_193,train
358,194,6724,2022-07-12 00:24:37.006,False,0,-0.0081681249999999,0.0619036160180435,0.062440178908496,0.126125,0.205971,-1.0147192614800056,-0.3618995817817646,2.0199333538879154,0.0071338124999999,0.1201179438553097,0.1203295961798779,0.213946,0.352689,-1.194110872052862,0.2305546947012226,1.7779998171038238,-6.854535000000001,139.85295147740186,140.0208294754989,213.384653,419.616748,-1.386074137757737,0.0744963753256584,1.523949356672954,0.0995360279354992,-0.1296011629141608,0.0442123444097614,-0.9977156744749242,0.0004459349308412,0.0008593692569214,0.5189095691400452,True,A,N_194,train
359,194,6740,2022-07-12 00:24:38.606,False,0,0.0008755,0.0662033860302855,0.0662091747579215,0.123309,0.227247,-0.7283237752396028,-0.5631947492247674,1.8624156010228283,-0.0045918749999999,0.1191894490385343,0.1192778691883997,0.197393,0.318924,-1.328841820264904,0.6150705061263133,1.6549004550728283,-5.513430249999997,141.2880936710092,141.39562697024786,215.76884,427.9614,-1.3882222302064289,0.092960758992445,1.525993728542974,0.2672674832678179,0.0575014173333232,-0.0555386103235576,-0.9954023005676162,0.0004682547556569,0.0008435753760156,0.5550834803507766,True,A,N_194,train
360,195,6766,2022-07-12 00:24:45.075,False,0,0.0324330625,0.0574483156916596,0.0659713007218858,0.131859,0.197002,-0.9951119373492232,-0.0140856025580878,1.9987327604146508,0.0068353125,0.0792743967492963,0.0795685332084078,0.217178,0.348727,1.116457974412194,0.9016142499583636,2.729445815359724,-4.023313937499999,80.1830732739463,80.28394792668534,109.672559,218.153025,-1.5359033065176282,0.0603611654345306,1.3660583694781938,-0.2301416288274126,-0.0789995866798092,-0.4456744650672687,-0.9976013496712196,0.0008217246713144,0.0009910889444683,0.8291129427897362,True,A,N_195,train
361,196,6795,2022-07-12 00:24:53.136,False,0,0.0117815624999999,0.0931867605054285,0.0939285768466524,0.182965,0.31335,-1.0190247106276416,0.0030977749075076,1.9479162374482488,0.0142783124999999,0.1987269624502796,0.1992392426520501,0.328144,0.600735,-1.2740423512593653,0.1584779823613612,1.646984778862406,-0.4470348749999999,177.39764076701152,177.3982040210135,253.915817,500.679075,-1.5039540161240343,0.0211532362540261,1.43133251208069,0.6787769671146342,0.0599341552234484,0.0227752722772476,-0.9569209447507168,0.0005294787360729,0.0011231187133577,0.4714361267207215,True,A,N_196,train
362,198,6819,2022-07-12 00:25:10.148,False,0,-0.0044673749999999,0.0861360842844587,0.0862518547930999,0.172569,0.338895,-0.5607744313104148,0.1119662645590197,2.0007569740263174,-0.002797875,0.2014519982296883,0.2014714264982754,0.29415,0.5765640000000001,-1.5384109736502145,0.0163558000857888,1.4600085238514848,-4.470348749999998,159.39397258941088,159.45664776289664,233.650235,463.724191,-1.4367702355573344,0.0877545153503629,1.465290022573566,0.7029386904314389,-0.0311687850174137,-0.0541570805486111,-0.9947669677599658,0.0005409109999687,0.0012634871566963,0.4281096148085211,True,A,N_198,train
363,198,6835,2022-07-12 00:25:11.748,False,0,0.0092595,0.0742884000290422,0.0748632401057087,0.191587,0.31134,0.4153827947700019,0.3857867436315719,2.5591598724484057,0.002107375,0.204125606737578,0.204136484625789,0.346287,0.670455,-1.1975714130853974,0.0535843399120427,1.6963503639968769,-6.1839825625,161.1191129806035,161.23774436523783,240.802793,476.837214,-1.4144967788626823,0.0897052715651401,1.4934641634190218,0.5354106757127931,0.0685278450880509,0.0020565157453111,-0.9969895582890766,0.0004643034445838,0.0012660589208155,0.3667313084329028,True,A,N_198,train
364,198,6851,2022-07-12 00:25:13.348,False,0,0.000265625,0.0918735644356382,0.0918739484225533,0.186251,0.3570149999999999,-0.3553490894736035,0.3320319724648679,2.027244972028205,0.0090279999999999,0.199641041043043,0.1998450651198322,0.337829,0.643764,-1.2479837203551902,0.1856863215500687,1.6904545518671126,-8.270145562499998,162.14024832249092,162.35102535464307,240.802793,476.837214,-1.4120124386929098,0.0746828514704335,1.4832231116125396,0.6757259140519631,0.0712287416590271,0.045156386296847,-0.9981460544012772,0.0005658969398059,0.001230944274502,0.4597258799833931,True,A,N_198,train
365,199,6869,2022-07-12 00:25:17.084,False,0,-0.0010323124999999,0.0572974274659416,0.0573067261611802,0.132571,0.217484,-0.1031799313117289,-0.6961062012634663,2.313358463841266,0.0044379375,0.1166036325020948,0.1166880559523445,0.21193,0.339144,-1.2954011225478268,0.5419712435345104,1.8162098791546604,5.885959312499999,125.79580392356156,125.93343004065105,188.3507,374.317214,-1.4017725837309205,-0.0845961658311008,1.495637019806423,0.2695252358750115,0.1201982848617224,-0.0110369298210101,-0.9956767253947466,0.0004550557079457,0.0009265852277245,0.4911104713629329,True,A,N_199,train
366,199,6885,2022-07-12 00:25:18.684,False,0,-0.001996625,0.0872150753338227,0.0872379268258651,0.177019,0.293233,-0.836169247866529,-0.443012297850121,2.029151843020595,0.003058625,0.1268619999693934,0.1268988661222983,0.224226,0.359206,-1.2675410546988477,0.508462662031795,1.766966142817249,4.17232575,125.55377166326151,125.6230786162898,184.774421,365.972562,-1.4295346186305578,-0.0785752208538475,1.4708636584555088,0.4878727020484417,-0.0377645816392813,0.0038918806412825,-0.9904800343660298,0.0006944418795238,0.0010101556777628,0.687460254702275,True,A,N_199,train
367,199,6901,2022-07-12 00:25:20.284,False,0,0.0006209375,0.0613298112406078,0.0613329545202862,0.128089,0.234082,-0.3949530210329643,0.0895205513698867,2.088420507406566,-0.0031196874999999,0.1220656806762852,0.1221055397967778,0.242107,0.378972,-0.9622279971178652,0.672271484732986,1.982768352713091,2.3096802500000013,124.48989735890076,124.5113214422162,182.390235,358.820004,-1.4737572368007383,-0.0560312925339331,1.464848600812935,0.275803757548462,0.0585014734040464,0.0233267568166138,-0.9765351383923008,0.0004925893791011,0.0009806782096794,0.5022946102393359,True,A,N_199,train
368,200,6918,2022-07-12 00:25:25.093,False,0,0.0109626875,0.0318796472155801,0.0337119032956091,0.063516,0.097558,-1.309217573699924,0.0578346536904281,1.8840822911435204,0.002813375,0.0390256474335708,0.0391269247002623,0.066099,0.131494,-1.1541533864746971,0.0535495015354122,1.689348204755709,-2.756715124999999,81.68090500339204,81.72741107152213,109.672559,219.345118,-1.534725956430823,0.0822873557607955,1.3419311533559068,0.1812708644569488,0.1678633469263452,0.0549594169811968,-0.9976741392354058,0.000412492000586,0.0004787491025014,0.8616037052199778,True,A,N_200,train
369,200,6934,2022-07-12 00:25:26.693,False,0,-0.0185948125,0.0294584183897802,0.0348362665327026,0.076049,0.095481,-1.1948617343777137,-0.2671821673240965,2.183041053742333,-0.0007490624999999,0.0494740221410044,0.0494796924145401,0.078281,0.148899,-1.203740262098436,0.3077873995530248,1.5820833998757096,-1.0430813750000003,83.04093363938334,83.04748447999698,110.864652,219.345118,-1.5818817360602695,0.0637499315809521,1.3349549681628603,-0.0271082573568527,0.2546103625948518,0.0596724577220359,-0.9851482750565188,0.0004194740725842,0.0005958000139842,0.7040518005012025,True,A,N_200,train
370,201,6951,2022-07-12 00:25:33.044,False,0,-0.0028315624999999,0.0975089652160051,0.0975500694191834,0.27965,0.392584,1.8745688475874236,1.4290355644443569,2.8667329676446784,0.004521125,0.1790536467440956,0.1791107171099066,0.284941,0.567141,-1.227520251573022,0.0938446637715311,1.5908651620503165,-2.9802325624999986,152.9547580306993,152.98378930578352,219.345119,436.306052,-1.4764936940128597,0.0434859829310752,1.433780140989799,0.5462263016642563,0.2455326183633808,-0.0657303442727147,-0.981199143617216,0.0006376497134882,0.0011707823287858,0.5446355806801015,True,A,N_201,train
371,203,6981,2022-07-12 00:25:50.128,False,0,0.0084289375,0.0676701358516708,0.0681930661692411,0.150015,0.244719,-0.5682171010933605,0.3769801763584807,2.199857088515329,0.0089704375,0.0657367638131136,0.0663459935908906,0.169869,0.23776,-0.0983032109441843,0.8516235580603875,2.560350532203397,5.736947749999999,88.86613724420292,89.05112530558914,128.746048,252.723724,-1.455575228382957,-0.0427196938326177,1.44575430751934,0.2883794191824193,-0.0011996971385906,-0.144579957005573,-0.9993134017226792,0.0007657743339596,0.0007450326243853,1.0278400017601683,True,A,N_203,train
372,203,6997,2022-07-12 00:25:51.728,False,0,-0.00500275,0.0802100399540949,0.080365900834869,0.172065,0.327893,0.1919699333447333,0.0954109316798264,2.1410199874888325,0.0033150625,0.059037434768616,0.0591304350012538,0.117723,0.183412,-1.1666806445536435,0.5126883974785565,1.9909036691088744,5.140901250000001,90.44475027807954,90.590737487485,134.706513,265.836747,-1.4450994754358322,-0.0358097096694937,1.4869788759431342,0.0869768189817594,-0.0400913374539245,0.047909542638243,-0.9994410109760182,0.000887131544171,0.0006527205390001,1.3591292002699615,True,A,N_203,train
373,203,7013,2022-07-12 00:25:53.328,False,0,-0.000604,0.0650666142224643,0.0650694175659733,0.134997,0.257095,0.1316771193554542,-0.1968432793480424,2.074661262537469,-0.02037425,0.0642396366870758,0.0673931820346094,0.105811,0.200044,-1.0004962628253984,0.5418766437509468,1.5700549641009878,4.917383624999999,94.45774207634824,94.58565271687534,139.474885,271.797212,-1.4253976217220816,-0.0651138041252084,1.474588174778391,0.026534973844688,-0.0825544742178975,0.0924877357135525,-0.997636765428085,0.000687941730029,0.0007125095624844,0.9655192944081092,True,A,N_203,train
374,204,7031,2022-07-12 00:25:57.187,False,0,-0.0062415625,0.0926019211868527,0.0928120299850051,0.191425,0.309546,-0.6177455314028082,-0.5260940872829851,2.062502027279512,-0.0092244374999999,0.192559435322243,0.1927802541206243,0.292258,0.572693,-1.2611761320787709,0.4074617784715352,1.5160162607583845,-1.1920929374999982,172.76971505646853,172.77382766572305,247.955351,491.14233,-1.5081841521493762,0.0343775674632561,1.4351441670884066,0.6115566634460535,-0.313671460433988,0.0070813340063658,-0.9716956872850178,0.0005371880176468,0.001115795469286,0.4814395043121577,True,A,N_204,train
375,204,7047,2022-07-12 00:25:58.787,False,0,-0.0281313125,0.0751455009246384,0.0802385010589523,0.184137,0.286807,-0.2632706976497232,-0.4331848962065151,2.294870885794737,-0.0125424375,0.1921331910326039,0.192542140412982,0.313523,0.610409,-1.2293324935150318,0.2691143901377383,1.6283344483837516,-1.639127812499999,176.39043541417666,176.39805113886192,252.723724,500.679075,-1.4789542377451987,0.0674671819224906,1.4326900006454943,0.4429637213483234,0.1081986768351235,0.0274539322872134,-0.988961732744572,0.0004548718114566,0.001091520791584,0.4167321547732328,True,A,N_204,train
376,204,7063,2022-07-12 00:26:00.387,False,0,0.0388961875,0.0951866316974308,0.1028270793902924,0.177533,0.3214,-0.8799164678521794,-0.3679370821477329,1.726519911415089,0.01356875,0.187225381382473,0.1877164201937992,0.3114,0.507094,-1.409076664717154,0.3902524926166397,1.6588852465783723,-4.544854687500001,180.47232405967256,180.52954178092284,262.260468,522.13675,-1.441546709263726,0.0862756359652667,1.452728818855917,0.5747660970288573,0.351465447696057,0.0774396776148865,-0.994308633463985,0.0005695858881372,0.0010398099853463,0.5477788212886933,True,A,N_204,train
377,205,7079,2022-07-12 00:26:05.260,False,0,-0.0021071249999999,0.0717676390616576,0.0717985653913084,0.119742,0.236239,-1.2249466568823544,-0.0119758532023491,1.6677492001044254,-0.0012516874999999,0.0590222497693864,0.0590355205739519,0.131147,0.203599,-0.326275614003392,0.978912951326681,2.2214930727292623,6.258488437500001,92.5941527106495,92.8054189890084,137.090699,271.797212,-1.4293318263485617,-0.0582752409326914,1.4771842042568293,0.4023598817600599,0.0871673185090137,0.0509167692070035,-0.9978622131138049,0.0007736462608914,0.0006361214810198,1.2161926361158908,True,A,N_205,train
378,205,7095,2022-07-12 00:26:06.860,False,0,-0.012447125,0.0720926827449178,0.0731593181086661,0.133095,0.2252819999999999,-1.3315781622320229,-0.1303317086608767,1.8192487770636316,-0.0078911249999999,0.0548640221181821,0.0554286097313472,0.099291,0.179734,-1.1069103264251736,0.1695274943939014,1.791331236364147,6.258488375,91.1624847237782,91.37706111356998,131.130234,259.876282,-1.4423836204337424,-0.0565577318770723,1.4350454304611735,0.1973248144248019,0.1313922434045033,0.072165771357381,-0.9989112335984166,0.0008006311126349,0.0006065921693679,1.3198836929747386,True,A,N_205,train
379,206,7112,2022-07-12 00:26:13.208,False,0,-0.0063854375,0.0682056075095449,0.0685038590724092,0.112766,0.22383,-0.965715113442574,0.1349191085217491,1.6461262405787287,-0.0081796249999999,0.0535248508812437,0.0541462457331992,0.103402,0.196491,-0.9004267066637355,0.0675019854181788,1.9096799528725223,2.3096803125000003,93.11542857912067,93.14406939048388,133.51442,264.644654,-1.5073191051791317,-0.0405346451207451,1.4334183687022868,0.2445706601460847,-0.02058754789002,0.2265907276778229,-0.9790781964133668,0.0007354613076354,0.0005813171583281,1.2651635980443736,True,A,N_206,train
380,209,7157,2022-07-12 00:26:31.913,False,0,0.0077065625,0.0628340142339011,0.0633048532919277,0.141816,0.248058,0.0520266971465357,-0.5390308073414346,2.2402073873549826,-0.008318125,0.1486565592472608,0.1488890990326357,0.233279,0.456435,-1.300473229811405,0.2465457406761197,1.566797042333277,1.0430813750000023,167.80211424866323,167.80535618709047,246.763258,489.950237,-1.5040999411686622,-0.0122467837756237,1.470532667174684,0.3423703344890587,0.1298029567812177,0.0711448199792696,-0.9543122468511224,0.0003772516845132,0.0008872726259502,0.4251812503617319,True,A,N_209,train
381,209,7173,2022-07-12 00:26:33.513,False,0,0.0200674375,0.0751326529304742,0.0777664296736548,0.135056,0.241155,-1.441342816353342,0.0446672855872847,1.7366876757330854,0.012686125,0.1567789392276889,0.1572913651567529,0.302364,0.475021,-1.2317656216370558,0.4265749556836524,1.922317857046196,-1.1175872500000033,166.61257756391868,166.61632574196975,246.763258,487.566051,-1.4981430074648614,0.0281884302638547,1.4810268855775257,0.6710483780169679,-0.0544206745847743,0.0107363512552471,-0.9612829880017044,0.0004667395546465,0.0009440333320057,0.4944100370427491,True,A,N_209,train
382,209,7189,2022-07-12 00:26:35.113,False,0,-0.008910375,0.0817863365864639,0.0822702840330273,0.169461,0.316336,-0.4992330722296128,-0.1265417671591808,2.0598081311104983,-0.0018509375,0.1567377287379576,0.1567486573453262,0.23099,0.461681,-1.5311555330290874,0.2251176473457518,1.4736330371947992,-3.2782558125000003,165.38465038526192,165.41713800035205,240.802793,481.605586,-1.472143211626093,0.0584080014556423,1.4557306208470824,0.4421179498553714,0.1214628636824094,0.0124498617595382,-0.9807421215096483,0.0004973504258842,0.000947596236038,0.5248547925471619,True,A,N_209,train
383,210,7207,2022-07-12 00:26:38.648,False,0,-0.0070629375,0.0386420869526814,0.0392822602479478,0.077306,0.1434369999999999,-0.5988213827193114,0.2358689348091304,1.9679621160301908,-0.0115794375,0.0547653142805379,0.0559760932993943,0.132939,0.192755,-0.3738215336286279,-0.7283903428894927,2.3749245823384104,-1.6391278749999985,82.23376572132965,82.25010009052349,110.864652,221.729304,-1.5445732580169256,0.0723332794370837,1.3478968642954072,0.0845846058937935,-0.1146353143262517,0.2237996700548623,-0.9951102148512004,0.0004775952880873,0.0006805595766787,0.7017685217480663,True,A,N_210,train
384,210,7223,2022-07-12 00:26:40.248,False,0,-3.1062499999998106e-05,0.0486841542039973,0.0486841641135749,0.111547,0.189985,-0.0305206590267608,0.2772327815139995,2.291237860010757,-0.0023377499999999,0.0637883894015008,0.0638312125648573,0.137825,0.254949,-0.3000977365719151,0.3953133883887391,2.159210117776776,-2.9802325625,82.05116690831719,82.10527252949782,112.056745,222.921397,-1.5249705752365093,0.0816426030453243,1.3647935333232293,0.0932795994434515,0.1844649917332666,-0.0495171649479774,-0.9963147243290462,0.0005929480849854,0.0007774313463477,0.7627015398478946,True,A,N_210,train
385,210,7239,2022-07-12 00:26:41.848,False,0,0.006506125,0.0454910973266679,0.045953994369369,0.084436,0.148058,-1.0998956740901629,0.2403174548215862,1.8374028451437825,0.0121829375,0.068684982487503,0.0697570841236752,0.116571,0.20873,-1.2705203065152122,-0.2360813110887767,1.6710990928652705,-3.7252908125,81.25698559878455,81.34233522735119,110.864652,220.537211,-1.5191806849305316,0.0745623414713513,1.3629391348322393,0.0478185780323195,0.1239476454013969,0.0878066087191344,-0.9966409026231192,0.0005649455998641,0.0008575741516235,0.6587717211329432,True,A,N_210,train
386,211,7257,2022-07-12 00:26:45.464,False,0,-0.011574625,0.057421796656273,0.0585767417592084,0.127616,0.222387,-0.5242253841040618,-0.0123998064824061,2.178612127738195,0.010162375,0.1407440919478838,0.1411105002608771,0.242516,0.457106,-1.181977434519472,0.3251466499620875,1.7186247625205082,1.0430813124999987,127.97305790545724,127.97730880237324,183.582328,367.164656,-1.4855509142923968,-0.0016219527357453,1.434491236907426,0.4420776715988556,-0.2427131091009406,-0.1712448813542891,-0.959279970480705,0.0004577119358687,0.0011026212504498,0.4151125653364925,True,A,N_211,train
387,211,7273,2022-07-12 00:26:47.064,False,0,-0.0190351875,0.0522376090058909,0.0555977171996521,0.119408,0.192404,-0.871314406144784,-0.1298395113134319,2.147714079180701,0.00056675,0.1294264342138517,0.1294276750887344,0.197954,0.375646,-1.4348478855954576,0.2683552627256856,1.52945650815627,-0.5215406874999999,128.6010723459954,128.60212989382663,188.3507,371.933028,-1.47353744231254,0.0371765240895752,1.4646001598535072,0.1551423582407309,0.306031975882678,-0.0165665883287118,-0.972784907189344,0.00043232345565,0.0010064193742015,0.4295659113210131,True,A,N_211,train
388,211,7289,2022-07-12 00:26:48.664,False,0,0.0338404999999999,0.077135272457709,0.0842319992483557,0.168931,0.259048,-1.0707080545570304,-0.0381020574801011,2.0055442291226115,0.0042353124999999,0.1375795622788495,0.1376447377447191,0.224543,0.447943,-1.1145974830960772,0.1824069757018795,1.6313228073887251,-0.6705521874999993,131.69321653816846,131.6949236774337,193.119072,380.277679,-1.4461355676374388,0.072095646684953,1.4664124220384926,0.2008994690517737,0.1054014254905961,0.0777738677452876,-0.9888500668330388,0.0006395994385832,0.0010451787654462,0.6119521939485651,True,A,N_211,train
389,212,7307,2022-07-12 00:26:53.334,False,0,0.0086736874999999,0.0935357512095767,0.093937051311969,0.171601,0.325237,-0.6220541851614847,-0.2941231500058253,1.8267658778228588,0.0098549374999999,0.1831383258460216,0.1834032883751338,0.3051,0.566721,-1.2598314126967296,0.0802129343534422,1.6635470536163302,1.043081437499998,179.9901966975833,179.9932191114987,261.068375,518.560471,-1.503055948356976,-0.0119326733937165,1.45043450130351,0.4368704596367057,0.2199553866355328,0.007616715533517,-0.95428327829548,0.0005218921678031,0.0010189455429513,0.512188478975523,True,A,N_212,train
390,212,7323,2022-07-12 00:26:54.934,False,0,0.0170019999999999,0.0970623410030893,0.0985401747765854,0.205399,0.377064,-0.3899923918501691,-0.1120037641319051,2.084418872461812,0.0073800625,0.1735167931327069,0.1736736676113063,0.287389,0.519741,-1.384747916718355,0.2835657235751863,1.6547643862925523,-1.5646221250000003,178.8063649193463,178.8132103007618,261.068375,517.368378,-1.4974385506511427,0.0281581942566426,1.460006084342907,0.4612145657128538,-0.1429832427195875,-0.0380462846077347,-0.960356606789828,0.0005510788303103,0.0009712574776728,0.5673869627554889,True,A,N_212,train
391,213,7345,2022-07-12 00:27:01.423,False,0,-0.014058625,0.0607735286749862,0.0623784155337405,0.103048,0.205108,-1.094305719780056,0.2347667084519467,1.6519816849830256,-0.009048125,0.0640717635047559,0.0647074914103846,0.100748,0.199885,-1.3673627570074192,0.3748799762025604,1.5569758277452153,-2.6077035000000004,90.89193355256916,90.92933356441452,126.361862,251.531631,-1.482446936150058,0.075230349397751,1.3896710450482408,0.1893450875486837,0.037262097135597,-0.0318934517944522,-0.9917226939335422,0.0006860098176079,0.0007116239487727,0.964006086067025,True,A,N_213,train
392,216,7390,2022-07-12 00:27:27.011,False,0,0.0013378125,0.0788464052757152,0.0788577540080079,0.16628,0.278371,-0.6865999370999054,0.3955558127899823,2.1086068464886067,0.017972875,0.163714540490023,0.1646981329694571,0.292708,0.532173,-1.3297891227116387,0.103419383801537,1.7772393330911769,-9.536744375,171.79535196628694,172.0598513613635,257.492096,514.984192,-1.416012090688389,0.0575767353050769,1.4965263189679852,0.5778449750878356,0.1018053486198281,0.0680130493969035,-0.9989550468274482,0.0004583158324505,0.0009572141999794,0.4788017483029509,True,A,N_216,train
393,216,7406,2022-07-12 00:27:28.611,False,0,-0.0211345625,0.0989424180735749,0.1011744623228238,0.198262,0.351292,0.0310286467421176,0.8780284806702137,1.9596051755372097,-0.0091345625,0.1799472186149208,0.1801789158567464,0.255878,0.5045850000000001,-1.4611549530977683,0.1460774966395221,1.420132865065295,-8.344651250000002,174.1522062919359,174.35201220758287,257.492096,509.023727,-1.4086274080138177,0.075796241251518,1.4768518742039574,0.590515558307565,-0.020178514770006,0.0632715720850351,-0.9977846200976946,0.0005802884695266,0.0010334203406968,0.561522206090217,True,A,N_216,train
394,216,7422,2022-07-12 00:27:30.211,False,0,0.0144160624999999,0.0818552824169497,0.0831150414640003,0.220958,0.325851,0.3248404356086349,0.786370612923505,2.658459842021538,-0.0015334374999999,0.1689857589572893,0.1689927162955182,0.294536,0.55983,-1.2120312594760363,0.2380995980053371,1.7428916846625733,-6.482005812499997,176.43931830938212,176.55834572410546,259.876282,512.600006,-1.4181845396662256,0.0820428382816853,1.4719002997801602,0.5246540941764792,-0.1438502896209595,-0.1207771485402571,-0.9958814406860788,0.0004707511339842,0.0009571494091793,0.4918261762161203,True,A,N_216,train
395,217,7440,2022-07-12 00:27:33.464,False,0,-0.0131024375,0.0720787480129968,0.0732599466527413,0.13624,0.265235,-0.7631997552653482,0.1991842627176195,1.859679213879172,-0.0027259374999999,0.0970806247723179,0.0971188881806083,0.181833,0.29774,-0.759361252884386,0.8194570179986328,1.872272257296151,-3.129244250000001,100.38905850117656,100.43781775969056,144.243257,287.294421,-1.4695795669327278,0.0755558385144802,1.4361448726924673,0.4825618791886255,-0.0427064266638843,-0.0133412678668621,-0.985108042936062,0.0007294059975299,0.0009669553794266,0.7543326331794754,True,A,N_217,train
396,217,7456,2022-07-12 00:27:35.064,False,0,-0.001624875,0.0967918414381314,0.0968054791205022,0.150714,0.278325,-1.4522643253381746,0.188873730557024,1.5568746869419765,0.0029670624999999,0.081770315460799,0.0818241281679035,0.178926,0.288986,-0.5147660922963597,0.744742335808469,2.186714408161404,-4.246831374999999,97.16103873966624,97.25380725554454,139.474885,277.757677,-1.440276195841527,0.0892174640078338,1.434132903748592,0.3504269444176758,-0.0283057238729524,0.0568590822929035,-0.9930034444925532,0.0009953901225289,0.0008413462719552,1.183092093836392,True,A,N_217,train
397,217,7472,2022-07-12 00:27:36.664,False,0,0.010793375,0.0891822256673625,0.0898329912608669,0.175078,0.310398,-1.0137792963553982,-0.0056784438174244,1.9489276438718284,0.0074891875,0.0792257979978892,0.0795789859059067,0.177768,0.262237,-0.8211719436769025,0.5788832698282391,2.233856061073596,-5.140901187499999,94.08639017393408,94.22673548935778,134.706513,269.413026,-1.4277439382682733,0.085584400984894,1.4295997022545064,0.4520032392088703,0.0604801279115276,0.1041620376580459,-0.9958288691369324,0.0009533705141574,0.0008445478397677,1.1288531794949546,True,A,N_217,train
398,218,7490,2022-07-12 00:27:41.443,False,0,0.0153055,0.0379342082015033,0.0409055311923094,0.113876,0.16007,0.7518289935190889,0.8248644531329349,2.7838777955145977,0.01069625,0.0258705385658571,0.027994544642662,0.065854,0.101828,-0.2394838602501265,0.5449469882394984,2.3523868968256867,-0.2980233125000002,86.2935595487766,86.29407417368269,115.633024,231.266048,-1.5818469061908562,0.0196452347052434,1.3399880015778058,0.0518201113298676,0.4790137424345686,-0.1105351588333624,-0.9651712523898126,0.0004740247993156,0.0003244086562226,1.4611965193379768,True,A,N_218,train
399,218,7506,2022-07-12 00:27:43.043,False,0,-0.004428,0.0568637555653862,0.0570358999315343,0.118764,0.228723,-0.3828183874779194,-0.1391493298344119,2.082267486663028,-0.0041275625,0.0526515769397849,0.0528131169922539,0.112006,0.193437,-0.6325223742233352,-0.1618243874751088,2.120798891995484,0.7450581250000012,86.99306060140748,86.99625109399705,116.825118,232.458142,-1.5786702621763449,-0.0117288426025153,1.342875313946272,0.479037116730963,0.0085488827751483,0.0464135947132537,-0.957653421172134,0.0006556133076344,0.0006070734810766,1.0799570860379208,True,A,N_218,train
400,219,7528,2022-07-12 00:27:49.507,False,0,0.0071749999999999,0.0560354088445422,0.0564928992827859,0.104498,0.2077649999999999,-0.7548278082366968,-0.2131793151981464,1.849754594412217,0.0016007499999999,0.1887943370659922,0.1888011231660182,0.266724,0.5317419999999999,-1.53360833445086,0.1555619667355682,1.4127246465873082,-4.917383687500001,166.92861101001648,167.00102345813178,240.802793,480.413493,-1.4365816111304195,0.0846633089602961,1.441924055395809,0.5760177564586588,-0.0349569339619997,0.0125789355005992,-0.9948239639352066,0.00033827876089,0.0011305387192034,0.2992190847991415,True,A,N_219,train
401,221,7566,2022-07-12 00:28:07.313,False,0,0.00669975,0.0943415879010285,0.0945791830042425,0.218604,0.390962,0.0752163860596581,0.4843786338560527,2.311333139663451,0.0166697499999999,0.1782184121473213,0.1789963211727408,0.30786,0.556674,-1.3854137611238269,0.1610196506545332,1.7199236162116367,-8.419157125000002,173.5321999598752,173.73631350299092,252.723724,503.063262,-1.4151187393014646,0.0723220309921561,1.4546396139322324,0.5882378570029545,-0.0284622921631036,0.0406950006207593,-0.997987854407629,0.0005443835033521,0.0010302758102994,0.5283861834957415,True,A,N_221,train
402,221,7582,2022-07-12 00:28:08.913,False,0,-0.0205715,0.1035610476663402,0.1055844553236886,0.199015,0.362544,-0.9255462508079404,0.1904978030083191,1.8848892044750605,-0.005224375,0.1837451545483155,0.1838194111461708,0.319533,0.5821609999999999,-1.3679822413235003,0.0260374118609011,1.7382984637346677,-7.078052312499998,176.84985888198392,176.99144445739776,256.300003,509.023727,-1.428137304837897,0.0851573976668247,1.4480926114012929,0.7503525437781442,0.0199648316713272,0.0396404206678014,-0.9958902310577856,0.0005965511815973,0.0010385779477064,0.5743923052812372,True,A,N_221,train
403,221,7598,2022-07-12 00:28:10.513,False,0,0.0042849999999999,0.0909841308230451,0.0910849783807681,0.202834,0.345821,-0.1702007988661775,0.3886087940835676,2.226865544745265,-0.0106490625,0.1994311456544804,0.1997152582783486,0.319079,0.6257809999999999,-1.25683332513345,0.126442208977592,1.597669615985429,-5.215407062500001,179.060585848814,179.13652300786703,256.300003,510.21582,-1.4561789051641782,0.0776210974726299,1.4307523596890637,0.7187060954119194,-0.1870560911165695,-0.0359462161038574,-0.9914648259880132,0.0005084668210109,0.0011148773847172,0.4560742086807434,True,A,N_221,train
404,222,7616,2022-07-12 00:28:14.008,False,0,0.0018411874999999,0.0861077378986775,0.0861274201252858,0.134074,0.266518,-1.3431097361571924,-0.1250294133624839,1.5566935571153564,0.003958875,0.1081850530629549,0.1082574634725015,0.200883,0.333968,-1.1524475715251228,0.5344154844153133,1.8556041639662684,1.0430814374999993,114.44704301208164,114.45179628601085,166.893025,329.017678,-1.492687370464341,-0.0256049558821192,1.4581948944072527,0.2333123548887469,-0.0023694418838274,-0.0347635476299011,-0.955060278255638,0.0007525213489009,0.0009458782385727,0.7955795135285348,True,A,N_222,train
405,222,7632,2022-07-12 00:28:15.608,False,0,-0.00961125,0.0645666528194895,0.0652780880761301,0.157087,0.247921,-0.2721000917499374,-0.3382805233582951,2.4064277099659903,0.001513625,0.1050542037282867,0.1050651073459928,0.180083,0.308388,-1.326177558970346,0.4267500777626136,1.7140133822636627,-0.3725291249999989,113.62210033150798,113.62271102949548,165.700932,326.633492,-1.491944144540002,0.0294444716638773,1.4583434112656002,0.2488849217598172,-0.0062796802839347,-0.0147120099009348,-0.958018552612892,0.0005745161991354,0.0009246840389041,0.6213108207386208,True,A,N_222,train
406,222,7648,2022-07-12 00:28:17.208,False,0,0.0020419375,0.0956386337251248,0.095660429486609,0.199095,0.3440729999999999,-0.7918072538375105,-0.4932836014338482,2.0812680966257857,0.0047641874999999,0.1032696771590157,0.1033795129755528,0.179141,0.289497,-1.1959988633145633,0.5057009796434735,1.7328481712074153,-2.831220875,112.04871986535798,112.08448347165856,162.124653,324.249306,-1.469624693577264,0.0636625738803516,1.4464504628867247,0.1964947449225291,0.0788722555900728,-0.0100731530250551,-0.9787436940322848,0.0008534671929928,0.000922335632672,0.9253325609033464,True,A,N_222,train
407,223,7666,2022-07-12 00:28:21.540,False,0,-0.0277966875,0.0395095565507871,0.0483079796184077,0.107806,0.145617,-0.6094960177351569,-0.4485040549434149,2.2316395935325044,-0.0170184374999999,0.078640042180311,0.0804604464880881,0.175962,0.333434,0.2768056358278761,0.5610639092356814,2.186937901544586,-3.8743023125,80.50104174239989,80.5942177827929,112.056745,220.537211,-1.522163370663539,0.0840230492319908,1.3903819415680767,-0.0555122847461555,0.2706452622036772,-0.1205798106358942,-0.9963837903041246,0.0005993975864199,0.0009983401874429,0.6003941281330021,True,A,N_223,train
408,223,7682,2022-07-12 00:28:23.140,False,0,-0.0107015625,0.0542548112589666,0.0553001626099553,0.101469,0.186341,-0.5260985155804287,0.7318061103188034,1.8348770638467025,-0.0167119375,0.0599701665564519,0.0622551984320385,0.133876,0.213998,0.1715059881152871,0.9335170417132732,2.150438893005005,-4.023314125,79.86787022618803,79.96914249268674,108.480466,216.960932,-1.5378918469789422,0.0676730871980443,1.356529063818843,-0.1634440613488653,0.4729785928471335,-0.254283451500523,-0.9971226552832902,0.000691518764441,0.0007784902587611,0.8882818463798522,True,A,N_223,train
409,224,7706,2022-07-12 00:28:29.532,False,0,-0.0042678749999999,0.0607833730625355,0.060933022228304,0.114692,0.215633,-0.8481886788246054,-0.0871709447441979,1.8822634395233435,-0.0171534375,0.1754565302247143,0.1762930356439598,0.287174,0.550248,-1.4367345560121456,0.1621697996520505,1.6289582793274633,8.1956395625,167.54361634308958,167.74394738755495,246.763258,491.14233,-1.4011482006065066,-0.0834244284028816,1.471071009375254,0.551904411297035,0.0595006116975048,0.1598930724056705,-0.997650385560053,0.0003632501987539,0.001050965107174,0.3456348800491698,True,A,N_224,train
410,227,7752,2022-07-12 00:28:54.024,False,0,-0.008340875,0.1009031539230037,0.1012473044943666,0.240181,0.361942,0.1224676360788148,-0.8746472468440514,2.3722211786227207,-0.0001499999999999,0.1938755152294894,0.1938755732564058,0.310614,0.5712619999999999,-1.4953063189175433,0.2421662460595082,1.6021306592822,-3.4272673749999987,173.39672174080007,173.43058920535384,253.915817,499.486982,-1.4683567030101743,0.0626666036985405,1.464077462709569,0.6082224981960509,-0.0847480358209595,-0.0377851543033304,-0.9868086218646448,0.0005837915038994,0.0011178856863989,0.5222282662729475,True,A,N_227,train
411,227,7768,2022-07-12 00:28:55.624,False,0,0.0041378124999999,0.0662371539981704,0.0663662720217317,0.155781,0.296116,0.714031234815339,-0.3806305639139091,2.3472917078872406,-0.0138193125,0.1746683336064091,0.1752141551439623,0.278723,0.51864,-1.220487019897459,0.3575884336876589,1.590756179322333,-5.215407062500001,171.60182090982224,171.68105722645782,252.723724,499.486982,-1.4318481055176655,0.0809127151675647,1.4720536329563834,0.3114494115160277,0.0611711367636252,-0.0575587325540371,-0.994367446675018,0.0003865672374919,0.0010205794277748,0.3787723198916368,True,A,N_227,train
412,227,7784,2022-07-12 00:28:57.224,False,0,-0.0016446249999999,0.1037263632417495,0.1037394005320543,0.224309,0.410227,0.0678332674934418,-0.4710662644700461,2.162235359463938,-0.0136503125,0.1738211322102115,0.1743562933598541,0.331539,0.5810489999999999,-0.7031891402654402,0.7081125998171959,1.9015029145850009,-7.3760756875,169.9606651262874,170.12064596255723,253.915817,507.831634,-1.41115870175624,0.0772955032101177,1.4925632075009032,0.5592558512084094,-0.1227685456448565,-0.128163473015474,-0.996757069856371,0.0006097990043776,0.0010248979033281,0.5949851223204575,True,A,N_227,train
413,228,7802,2022-07-12 00:29:02.224,False,0,-0.0040408125,0.0933413866608876,0.093428810489257,0.172485,0.3310269999999999,-0.8383172186911816,-0.1219576261576491,1.846165000889456,-0.0047863125,0.1883705408847541,0.1884313388493604,0.292774,0.571364,-1.256045138860039,0.343878889399427,1.5537436701760912,3.2037500000000003,169.93322754257093,169.963424998138,245.571165,483.989772,-1.4993955736292948,-0.0325040644460087,1.444847119329881,0.6157359624215298,0.0640035394713627,0.0298989452535037,-0.971826479884882,0.0005496995044097,0.0011086581648459,0.4958241609902679,True,A,N_228,train
414,228,7818,2022-07-12 00:29:03.824,False,0,0.013729875,0.0682524598282682,0.0696197367139879,0.15315,0.277065,0.0927682331913173,-0.5231072506835657,2.199807227498883,-0.011556375,0.1866115472833457,0.1869690332184049,0.289164,0.562872,-1.4587973559905163,0.0998595879700411,1.5465876622585817,0.8940698124999997,172.08436914298088,172.0866917113794,243.186979,486.373958,-1.5112623884033658,0.0063464663169918,1.413165518969176,0.6503115284192473,-0.0286646342382434,-0.0141682735310657,-0.9579076036656704,0.0004045620031486,0.0010864816527008,0.3723597192304179,True,A,N_228,train
415,228,7834,2022-07-12 00:29:05.424,False,0,-0.0054839999999999,0.0865639369635242,0.0867374742462852,0.150096,0.285194,-0.9556787185249868,0.3334523652539489,1.7304631164819535,-0.0076501249999999,0.2005276898413517,0.2006735627969589,0.307295,0.584716,-1.3590981463728702,0.2684730977474294,1.5313178064761848,-1.3411047500000004,173.22196538528087,173.22715680253464,247.955351,494.718609,-1.49856967002254,0.0442399980282496,1.4313884472666698,0.7037128920330832,-0.0189019488722178,-0.0085057730693069,-0.9741422396607972,0.0005007152218353,0.0011584417045285,0.4322316952833796,True,A,N_228,train
416,229,7852,2022-07-12 00:29:09.592,False,0,-0.008672625,0.0706278277565534,0.0711583057555476,0.170482,0.3195599999999999,0.5728454369668055,-0.0024193696118325,2.395813084500104,0.0011841249999999,0.1336801448607248,0.133685389186702,0.265302,0.444333,-0.9586683481856704,0.4837529770157341,1.9845250226222184,5.066395375000001,135.9185381577609,136.0129309184922,208.616281,411.272097,-1.388915003678354,-0.0952250041052494,1.533797408755322,0.5451368984736441,-0.044852069603559,0.0094950678992371,-0.9923603035574105,0.000523173092992,0.000982887349636,0.532281846119844,True,A,N_229,train
417,229,7868,2022-07-12 00:29:11.192,False,0,0.0086553125,0.0604249468335706,0.061041695866944,0.151806,0.2278939999999999,0.8885515948975602,-1.2095386713271337,2.4869230424216884,0.0047079375,0.1324409202259958,0.1325245714039947,0.19808,0.32752,-1.5545984641723654,0.5161669594809544,1.4946662185094923,4.5448546875,134.47238690646947,134.54916775830952,203.847909,402.927446,-1.4249870641859452,-0.0767204055417512,1.5150439976423469,0.3586002087148662,0.113640123155667,0.0089189155133168,-0.9911578868906118,0.0004536757594561,0.0009849527396709,0.4606066272862067,True,A,N_229,train
418,230,7895,2022-07-12 00:29:17.574,False,0,0.008115625,0.0392574989792953,0.0400875865480824,0.089516,0.165497,-0.006828038037618,-0.0847490699103468,2.2330104580536774,-0.0013411875,0.0514184085192486,0.0514358971785512,0.123165,0.23742,0.7940496021246664,-0.0769941659378375,2.394533910285513,-1.6391280000000004,82.28990994256661,82.30623317195428,110.864652,218.153025,-1.5744778200309253,0.0713228859376551,1.3469775948606644,0.1948543413440133,0.4076168807591879,0.2228362773324525,-0.9859392568985716,0.0004870540784478,0.0006249331939549,0.779369832102373,True,A,N_230,train
419,230,7911,2022-07-12 00:29:19.174,False,0,0.03224075,0.0607621946603107,0.068785974300725,0.131523,0.205653,-1.1707925238787262,-0.0782105873057216,1.912061308094516,0.009677875,0.0531784641723919,0.0540519224103084,0.107602,0.197433,-0.6433058574608674,0.1250982790100001,1.990715504680716,-2.682209374999999,81.46181076919954,81.5059559843832,109.672559,218.153025,-1.5374184618073077,0.0829617856712112,1.345577236355753,-0.0805563274531506,-0.0575390003346281,-0.0562328657703077,-0.9940619913155476,0.0008439380100505,0.0006631653080747,1.2725907096989135,True,A,N_230,train
420,231,7927,2022-07-12 00:29:25.707,False,0,-0.0008236874999999,0.1033621675685298,0.1033654494769045,0.220753,0.4078549999999999,-0.1750317396618483,0.0073052017683642,2.135655590114025,0.0082450624999999,0.1691610488873948,0.1693618655905528,0.282646,0.518605,-1.4026291335142806,0.2399913554457314,1.6688880877311627,-2.5331975625,149.42523329900845,149.4467043341999,215.76884,427.9614,-1.4566769576561187,0.0657294650131079,1.4437845314908209,0.6065619470390933,-0.1475340586183914,0.1628293052352634,-0.985485654135746,0.0006916542585358,0.0011332592869483,0.6103230447803375,True,A,N_231,train
421,233,7947,2022-07-12 00:29:35.745,False,0,-0.0164175,0.0376884485270354,0.0411090435138668,0.118495,0.167109,1.3443496184771435,-1.001387360497883,2.8824557778881275,-0.0171610624999999,0.0682650053509013,0.070389012080633,0.136249,0.254517,-0.3127835447878992,0.5591519875368226,1.935657227919638,2.011656875000001,82.23251693016559,82.25711886549824,109.672559,216.960932,-1.5884580799585029,-0.0561889841057128,1.3332895743568385,0.1517090108562872,0.0575750497604213,0.2653022348090102,-0.9773029982539349,0.0004997627449252,0.0008557193961014,0.5840264310965901,True,A,N_233,train
422,233,7963,2022-07-12 00:29:37.345,False,0,0.022167375,0.0365312438603502,0.0427308353811975,0.115564,0.165576,0.8826123648282485,0.5689490671942619,2.704463860092253,0.0002825625,0.0571376180538801,0.0571383167273721,0.102726,0.198069,-0.962656017329004,0.0370845375761296,1.797847852083976,1.4156105625000008,82.65106362866668,82.6631857129555,109.672559,218.153025,-1.6145816065220866,-0.0105833736957643,1.3267400482342098,-0.1545675049670815,0.285942170330217,0.0035097650929074,-0.9421865639861527,0.0005169270336323,0.0006912184212907,0.7478490412148813,True,A,N_233,train
423,233,7979,2022-07-12 00:29:38.945,False,0,-0.00299875,0.0413287244775047,0.0414373740541072,0.08062,0.1391109999999999,-0.7586709470037087,-0.5794757642769126,1.9455866072673829,0.0037453124999999,0.0662005947261038,0.0663064560040159,0.120164,0.235035,-0.7323809615324626,-0.1887285340625863,1.81225188679549,-0.2980231875000001,82.2949017522703,82.2954413818658,109.672559,218.153025,-1.6084724673619235,0.0314569481801075,1.332668701430246,0.2389542170242276,-0.5040296989003349,-0.0920672930172714,-0.9560676812297428,0.0005035196768898,0.0008057123807908,0.6249372467078853,True,A,N_233,train
424,234,7997,2022-07-12 00:29:42.284,False,0,0.016195875,0.0624352639187933,0.0645016941453866,0.1022,0.178189,-1.479529696337337,-0.0582891800063255,1.584454507034211,-0.0016476874999999,0.0886216613403001,0.0886369772319233,0.171299,0.313725,-1.0060282251665602,0.1059563909336054,1.9325907239795317,-1.1920930624999997,102.8054979898682,102.81240928416402,151.395816,298.023259,-1.472188294774022,0.056899751320052,1.4725441904736998,0.2993335703690175,0.0022056022782002,-0.1466448732691795,-0.9759952541030782,0.0006273726546676,0.0008621233355882,0.7277063834951693,True,A,N_234,train
425,234,8013,2022-07-12 00:29:43.884,False,0,-0.015479125,0.0537293815708349,0.0559146649346126,0.119552,0.186137,-0.9576940598506544,-0.2242871235636999,2.138115289429092,-0.0021615625,0.0929315786633967,0.0929567139334889,0.149659,0.2853869999999999,-1.347782593005483,0.2137229104603257,1.6099859135197254,-1.7136338125000012,103.81307212575874,103.827214568394,151.395816,300.407446,-1.4430755555616368,0.0730350873067998,1.4581515706584922,-0.1303839765573483,-0.0498443442510183,-0.1344385777567369,-0.9899288762233908,0.0005385357313787,0.0008953020103631,0.6015129254097761,True,A,N_234,train
426,234,8029,2022-07-12 00:29:45.484,False,0,-0.0023995625,0.0798377336069611,0.0798737854848979,0.150327,0.284377,-0.8158845051431154,0.1957304185142223,1.8820567860580848,-0.009236625,0.0948875219298321,0.0953360218352695,0.159264,0.309354,-1.2993165836609852,0.1839762604496851,1.6705542871842407,-2.533197625,105.61624338251228,105.64661829155428,156.164188,312.328376,-1.40557892055511,0.0759778872621326,1.4781749811341025,0.0853603695448245,0.1491578980325166,0.0297557805972017,-0.9956245891381263,0.0007560467791261,0.0009024048604392,0.8378132834503135,True,A,N_234,train
427,235,8047,2022-07-12 00:29:50.008,False,0,-0.03472125,0.0718717562976757,0.079819261803621,0.149747,0.243062,-0.9702050342818094,0.195577741465347,1.8760759823665345,-0.0050373749999999,0.1732318400781431,0.1733050650262421,0.30231,0.583354,-1.0878112895899514,0.0414045910363098,1.744380638582166,1.0430813124999982,175.20162337666503,175.2047283963628,251.531631,498.294889,-1.5163383534211516,-0.0147223694670033,1.435644079370758,0.3874311665472109,-0.0373266162222492,0.0534088781952639,-0.956158319583264,0.0004555770984847,0.0009891574651694,0.4605708540113049,True,A,N_235,train
428,235,8063,2022-07-12 00:29:51.608,False,0,0.0110588124999999,0.1082813206128016,0.108844576013518,0.201495,0.38038,-0.7903583454109322,-0.5369868625402409,1.8512176479512883,-0.0012565625,0.1792750501666255,0.1792794538187867,0.311891,0.525543,-1.3462160696172227,0.4545871026282306,1.7396918238899544,3.352761750000001,175.9656212986472,175.99755933072248,255.10791,504.255355,-1.4953880825228434,-0.048716714138627,1.4494968621730646,0.5720499655116995,-0.1266537252478539,-0.0268081779996807,-0.976492062169218,0.0006184436672157,0.0010186473863645,0.6071224208633335,True,A,N_235,train
429,236,8088,2022-07-12 00:29:58.044,False,0,-0.0013188749999999,0.0745584148385303,0.0745700788151655,0.136968,0.261363,-1.1332858262116463,0.0684206034941757,1.8367688780308007,-0.0008650625,0.0606123956159843,0.0606185684047182,0.120535,0.222013,-0.645735972325137,-0.0340596521348924,1.988417133101056,4.470348937500001,94.4084815222792,94.51426031539124,134.706513,267.02884,-1.477445609604978,-0.0839115143308322,1.4252506717027504,0.5130610740726845,0.0206830675735374,-0.0081673925043802,-0.9854800887337468,0.000788982303478,0.000641369547859,1.2301524232195729,True,A,N_236,train
430,239,8132,2022-07-12 00:30:15.875,False,0,0.0045503124999999,0.0771694351481844,0.0773034738219279,0.131481,0.2276439999999999,-1.2987929214369145,0.1891597352938199,1.7008420643925064,0.0037664375,0.0889121613517863,0.0889919012477399,0.172127,0.280869,-0.8215615805477778,0.6697704129867312,1.934187241610049,0.1490118124999999,104.4679928520086,104.46809912622888,150.203723,299.215353,-1.5181859411036722,0.0013872027519154,1.437795118857372,0.1806038162037745,0.073349423625977,0.0112710041770051,-0.9493697453589396,0.0007399720533683,0.000851857188865,0.8686574029554307,True,A,N_239,train
431,239,8148,2022-07-12 00:30:17.475,False,0,-0.00451875,0.0813472779196544,0.0814726869969316,0.149703,0.296967,-0.7730229794157402,0.2160323455883545,1.8374624124725127,-0.0002141249999999,0.0925550362884666,0.0925552839759837,0.161932,0.28407,-1.1833167703099252,0.6153441282117974,1.7495705598182605,-2.0861628749999985,101.53587251831564,101.55730147850852,144.243257,286.102328,-1.4994019415841475,0.0553197399712271,1.4203139990926663,0.1614107074010521,-0.0744285291296795,0.0024349061863962,-0.9724423540136896,0.0008022336731167,0.0009113602136776,0.8802597053029645,True,A,N_239,train
432,239,8164,2022-07-12 00:30:19.075,False,0,-0.0045271875,0.0659075999053018,0.0660629029935674,0.138282,0.2569019999999999,-0.4372888244780686,0.2614081281909198,2.0931868527404034,0.0004561249999999,0.0843670332023082,0.0843682661987017,0.176248,0.273455,-0.8934704570562686,0.5996857480428938,2.089031906675736,-3.203750062500001,98.65309837403323,98.7051054062537,141.859071,278.94977,-1.4632660109135969,0.076029274991451,1.4372009473687486,0.1613928125963053,0.016598712464514,0.0081691580041582,-0.9895735861773106,0.0006692957038206,0.0008547507836748,0.783030231271767,True,A,N_239,train
433,240,8182,2022-07-12 00:30:22.688,False,0,0.008994375,0.0445669174386604,0.045465469442479,0.104843,0.195958,1.0951260841303174,-0.388335594879369,2.305991806213345,0.012498,0.038507548511623,0.0404849514804575,0.075751,0.135297,-0.87445676109833,-0.214146735335366,1.8710902997269423,-3.501773125,84.27207091586112,84.34479445387782,118.017211,232.458142,-1.4993940341732226,0.0583456395185685,1.399223411049217,0.297983884802309,0.0158327932117619,-0.0974035988498012,-0.9977681430613524,0.0005390429810975,0.0004799934808377,1.1230214630348687,True,A,N_240,train
434,240,8198,2022-07-12 00:30:24.288,False,0,0.006738,0.0730923068147394,0.073402220398977,0.127513,0.233559,-1.4231739720678778,-0.046416280489883,1.7371817815170216,0.0046614374999999,0.0551454425927119,0.0553421072810974,0.101034,0.184502,-1.1083569588697406,-0.0894403354095719,1.8256261816490131,-3.650784937500001,84.80159404536411,84.88014245566868,120.401397,239.610701,-1.49258655079461,0.0548433176902914,1.4184872164049844,0.678289375663163,0.2322892370962065,0.0904244207791434,-0.9981179992471608,0.0008647749435306,0.0006520029971674,1.3263358409203214,True,A,N_240,train
435,240,8214,2022-07-12 00:30:25.888,False,0,-0.0120971875,0.0624668410660995,0.0636274168750193,0.100665,0.187386,-1.5533906817199754,0.0057440959568929,1.5821010021156758,-0.0076781875,0.0375677074929698,0.0383443243461467,0.086317,0.130278,-0.7742190932365931,-0.2564786348136939,2.251102385343612,-3.948808125,85.45498652337115,85.54617353989372,120.401397,238.418608,-1.4961528947126197,0.0353390281462537,1.4074433959790364,0.2827722692231269,-0.1246743064277754,0.1772773997237636,-0.9995093416809346,0.0007437786430663,0.0004482295672554,1.659369879636786,True,A,N_240,train
436,241,8232,2022-07-12 00:30:29.999,False,0,0.0171279999999999,0.0881111846475803,0.0897605104932007,0.150713,0.285364,-0.9339685214166616,-0.4386584354249893,1.6790568499654015,0.0106757499999999,0.2042931649852424,0.2045719162000248,0.323089,0.603948,-1.3432439581663689,0.2192785123031401,1.5793419057779776,9.685755875,165.3461805306043,165.62962682723548,243.186979,485.181865,-1.4188632495349365,-0.056766881593611,1.4682577245293371,0.4338344407096074,-0.0143542790982733,-0.0634300284016613,-0.9988190299736236,0.0005419351127731,0.0012351166884739,0.4387723992644002,True,A,N_241,train
437,241,8248,2022-07-12 00:30:31.599,False,0,0.0038625625,0.0911608587106938,0.0912426520325746,0.174419,0.328212,-0.7023696481095802,-0.2076291661123104,1.9115950283616316,0.0071775,0.2072233084331972,0.2073475730850255,0.330662,0.58819,-1.5253160775314258,0.2503228886927254,1.594723271076859,8.717180375,169.33162245833435,169.5558539185898,250.339538,494.71861,-1.4194545303556771,-0.0690403578489265,1.4764429078349457,0.6870792683760413,-0.1389883359753276,-0.0518008980005529,-0.9973813845430816,0.0005381274071279,0.0012228865491402,0.4400468772072843,True,A,N_241,train
438,242,8275,2022-07-12 00:30:38.043,False,0,-0.006569,0.0593369436365322,0.0596994526032274,0.153543,0.238804,0.3401711229684117,-0.688807805999307,2.5719331301154886,-0.0075238749999999,0.1230006532080597,0.1232305537787808,0.188511,0.359524,-1.1402642284667504,0.6043002181076138,1.5297423749178984,-5.811453437499999,129.28019172927662,129.4107451667548,191.926979,381.469772,-1.3889357768535808,0.086029914619305,1.4830837945696755,0.3010840695852719,-0.1676242544601397,-0.1072099860129492,-0.996962287546316,0.0004613175863124,0.0009522435994011,0.484453333792509,True,A,N_242,train
439,243,8304,2022-07-12 00:30:46.032,False,0,0.0052081875,0.0573431135471151,0.0575791445604439,0.103727,0.192881,-1.1680533093563987,0.007986223733461,1.801468236317964,0.0059115625,0.0557692102821628,0.0560816492864421,0.125485,0.223557,-0.2122865539186627,0.3270082745144257,2.2375411849796683,-2.682209437499999,80.7258038769883,80.77035136145312,108.480466,216.960932,-1.5402484582938016,0.0840356619080087,1.343072850018222,-0.1773738421460494,0.1953891728490935,-0.1378712257132189,-0.9942314407818212,0.0007128747565152,0.0006943345960632,1.026702054826404,True,A,N_243,train
440,245,8326,2022-07-12 00:31:02.945,False,0,0.0055986874999999,0.0395592768809017,0.0399534940782718,0.090408,0.172524,0.2384349560806828,-0.0762340099411544,2.262830875889957,-0.0047726875,0.0397616512149563,0.0400470654769172,0.084521,0.146128,-0.3501987958028523,0.6134084891003008,2.110541658756921,2.905726750000001,82.4506740801911,82.50186000462998,109.672559,219.345118,-1.5739556157317751,-0.0714875835717237,1.329334380992686,0.1945176470091717,-0.0480696215882616,0.1668098661340062,-0.9858974975125276,0.0004842738585048,0.0004854080317058,0.9976634642880536,True,A,N_245,train
441,245,8342,2022-07-12 00:31:04.545,False,0,0.004902625,0.0379223098285742,0.0382379041609892,0.091873,0.166484,0.2133682331916464,0.1220243658319499,2.402668295134488,-0.0018391249999999,0.0484544174468063,0.0484893075932725,0.110679,0.191723,-0.2734745516234582,0.3872851398724438,2.2825444514154225,3.650784999999999,81.7708359315204,81.85229282100687,109.672559,218.153025,-1.5410330152272729,-0.0860120026029684,1.3398837738098552,-0.0402058175382228,0.2396730405077964,-0.0122560732211691,-0.9926743762823996,0.0004671573983224,0.0005924001139382,0.7885842479279785,True,A,N_245,train
442,245,8358,2022-07-12 00:31:06.145,False,0,-0.00632075,0.0499403358312446,0.0503387427683687,0.071698,0.141166,-1.5823640920683704,0.1307847114146038,1.4243105023483558,0.0003859374999999,0.062307524211034,0.0623087194625479,0.12118,0.236363,-0.6916404470205855,-0.0382535394782578,1.9448321365814292,4.172325562500001,81.14117648173915,81.248377346506,110.864652,219.345118,-1.5324344817266984,-0.0762829893214167,1.364515275513593,0.0581779115352738,-0.1311242402595502,-0.0601584801020583,-0.996033504060386,0.0006195661305786,0.0007668918629207,0.8078924298649086,True,A,N_245,train
443,246,8376,2022-07-12 00:31:10.998,False,0,-0.0002279999999999,0.0966640059684834,0.0966642748582691,0.192893,0.313407,-1.1389520266358772,-0.3035673979301736,1.9954942017909216,0.0036196875,0.1008054131121679,0.1008703794496308,0.164894,0.282764,-1.3737096357558516,0.428920791731197,1.634711804393867,-1.0430814375000006,113.56670871170412,113.57149883000712,169.277211,332.593957,-1.4672369160736798,0.0587011093091488,1.4904902439772565,0.2318155847792082,-0.0543798947468744,0.0230573668083268,-0.9733591522923124,0.0008511314533495,0.000888166313633,0.9583018859023726,True,A,N_246,train
444,246,8392,2022-07-12 00:31:12.598,False,0,0.005822625,0.0929900126760093,0.0931721279105237,0.15865,0.31402,-1.123669169842208,-0.0097568181581932,1.7027624414927691,0.00548925,0.1111623589392448,0.1112978073031989,0.199601,0.3243169999999999,-1.2269599389133674,0.523358632911957,1.7933956188035618,0.8940698125000002,112.13716691796348,112.14073107134992,164.508839,327.825585,-1.4989191275324636,0.0071325016378086,1.4669856119925837,0.1972003752134484,0.0521331849727557,0.0019846194456343,-0.9462776785647288,0.000830850013375,0.0009924833398168,0.8371425292926306,True,A,N_246,train
445,246,8408,2022-07-12 00:31:14.198,False,0,-0.0006584999999999,0.0909581256753623,0.0909605092808137,0.17366,0.334194,-0.6835968416679474,-0.0163152526246236,1.909180163711221,-0.0060059374999999,0.1057852872470155,0.1059556429983202,0.191177,0.303439,-1.111814400428356,0.6813520943203764,1.8043116401363424,2.2351744999999994,111.05745870466254,111.07994931122032,160.93256,319.480934,-1.4838732324784911,-0.0389442906831591,1.4487993647629795,0.1615222191741788,-0.0308744722585555,0.0716700166227077,-0.9627286946884004,0.0008188742418846,0.0009538683052641,0.8584772524315266,True,A,N_246,train
446,247,8426,2022-07-12 00:31:17.932,False,0,0.0054909999999999,0.0834193907681241,0.0835999152937669,0.16162,0.2933,-0.851396474256704,-0.4148223357547977,1.933255547354008,-0.0078730625,0.0698082696332146,0.0702508336058192,0.15745,0.254586,-0.0484900936373513,0.9610843577991768,2.241254543447263,-3.50177325,89.61284250144287,89.6812352562275,127.553955,255.10791,-1.440515187964406,0.0678985164629101,1.422303725362019,0.3761996790827153,-0.112253878401505,0.0744667095747999,-0.9975839461539442,0.0009321896052715,0.0007833392727598,1.190020260298262,True,A,N_247,train
447,247,8442,2022-07-12 00:31:19.532,False,0,-0.0003459999999999,0.0733815224826727,0.0733823381875707,0.150221,0.283389,-0.4586377041120557,0.0165464877963049,2.047100211171031,0.001403875,0.0507283788720315,0.0507478008193458,0.105883,0.162352,-0.7703987462535613,0.6941299161286139,2.086454945642408,-2.235174499999999,92.36978383089182,92.39682337619152,133.51442,264.644654,-1.463801173718422,0.0694769310437162,1.4450109335079533,0.4691086008626938,-0.1693881775623135,0.0693460057206311,-0.99116843530154,0.0007942084533447,0.0005492375058472,1.4460200639787373,True,A,N_247,train
448,247,8458,2022-07-12 00:31:21.132,False,0,-0.0059694375,0.08909467521194,0.0892944305944525,0.159747,0.29405,-1.0156062805875996,0.0122444866021652,1.7889917538700828,0.0020248749999999,0.0606701641839658,0.060703945019043,0.129487,0.21175,-1.0084551829250048,0.4599030721111388,2.133090361085749,-1.2665988125000007,93.90756748552144,93.91610886104466,133.51442,265.836747,-1.4996870414254344,0.0555732834607902,1.4216349209861725,0.2702834443852137,0.2592053161794231,-0.0458288289680592,-0.9756343992527235,0.0009507892913937,0.0006463635020149,1.470982331814523,True,A,N_247,train
449,248,8476,2022-07-12 00:31:25.907,False,0,-0.006088875,0.0584345686803571,0.0587509422530822,0.144323,0.224692,0.253961005618228,0.8649062800846418,2.456522303562348,0.0085244374999999,0.1780318820390637,0.1782358467229937,0.299218,0.5294369999999999,-1.3214217819306688,0.0515190534272338,1.6787756531660627,5.8859594375,166.43229907093368,166.53634646087502,243.186979,481.605586,-1.437107566462661,-0.0773811442025377,1.4602636851837794,0.6658749394431536,0.1682201469450364,-0.0481860414149022,-0.9912257381871572,0.0003527815008652,0.0010702519330509,0.3296247266375676,True,A,N_248,train
450,248,8492,2022-07-12 00:31:27.507,False,0,0.0065729374999999,0.0868447825782216,0.0870931671742249,0.218494,0.3499069999999999,0.2192682640925078,0.5372816039076981,2.508738711533076,0.0207915625,0.18687349515179,0.188026573285367,0.314386,0.572739,-1.3113058347294984,0.0805784923936676,1.672029620636961,3.5762789999999995,167.64172561170776,167.67986741871238,239.6107,478.029307,-1.4791634444737654,-0.0467420554632292,1.428977155627572,0.5199663918813343,0.0042435093055323,-0.0466348161525039,-0.9788039192096314,0.0005194014553741,0.0011213425689074,0.463196056027911,True,A,N_248,train
451,249,8511,2022-07-12 00:31:33.901,False,0,-0.0023905624999999,0.0819527212810599,0.0819875802450438,0.157864,0.289327,-1.162641968797717,-0.1337421757986259,1.9254623630576404,-0.0106168749999999,0.1130422958851437,0.1135397670146896,0.205656,0.338021,-1.000151128287355,0.7144925743960728,1.811312506686688,7.0780523125,117.7206726805958,117.9332675749742,181.198141,355.243724,-1.396079356547966,-0.0738464259055697,1.5364463711209064,0.3520067178016918,0.1197276892429103,0.1333255332375328,-0.9968519236931924,0.0006952031596421,0.0009627458761159,0.7221045313087209,True,A,N_249,train
452,251,8543,2022-07-12 00:31:51.200,False,0,-0.001481875,0.0855354303336306,0.0855482658846747,0.166054,0.297569,-0.885192482609825,-0.2472296205218144,1.941056294745388,0.0030156874999999,0.1542827926705206,0.1543122629129406,0.289477,0.498159,-0.954146077037425,0.5456872075288549,1.875917017452568,7.003546624999998,152.08525779053718,152.2464295231343,227.68977,445.842796,-1.4281909995028328,-0.0819302623776428,1.4955343827317924,0.3523997279561264,-0.0285144614809143,-0.0599882673920434,-0.9939293219305416,0.0005619065494844,0.0010135690104278,0.554384105772197,True,A,N_251,train
453,251,8559,2022-07-12 00:31:52.800,False,0,-0.0007899374999999,0.0871755550336996,0.0871791339523827,0.173148,0.317858,-0.776093332082997,0.0018018253660048,1.986117458961836,0.0086971875,0.1640975242665237,0.1643278386056741,0.283789,0.49364,-1.3860541443986665,0.3047089775448616,1.7269684942487942,8.493662812499998,148.16395004550927,148.40720468043529,222.921398,443.45861,-1.4072614926917697,-0.0759351604602663,1.502092829522771,0.6380960141890494,-0.0678251030872698,-0.0450234155343368,-0.9960207987656592,0.0005874319521084,0.0011072766915832,0.5305195680299815,True,A,N_251,train
454,251,8575,2022-07-12 00:31:54.400,False,0,-0.0003316875,0.0599748024972975,0.0599757196804465,0.170936,0.2815269999999999,2.168428123761564,-0.8801996273485778,2.8500866835905447,0.007455375,0.1500078663878477,0.1501930177958516,0.333346,0.530198,-0.770588094180765,0.5121765963394601,2.2194507101062264,9.387732687499998,143.925102133944,144.2309417194458,214.576746,427.961399,-1.4084528084106842,-0.0648411880682186,1.48773032639133,0.3823019678271721,0.1736665656350509,-0.0673607174620915,-0.9976821424401672,0.0004158311591496,0.0010413370113605,0.3993242865788071,True,A,N_251,train
455,252,8593,2022-07-12 00:31:58.020,False,0,0.01143875,0.0439851597054336,0.0454482043195878,0.088461,0.150874,-0.8920343207746915,0.2518570046868431,1.946413534359905,0.0038860624999999,0.0529325100239313,0.0530749667846104,0.127015,0.1983869999999999,-0.2595016819291782,0.6749751865693662,2.3931244369017515,2.3096803125,81.10336956859352,81.13625070537712,108.480466,215.768839,-1.58795478495153,-0.0595263514020361,1.3370160077265032,-0.0941309879544116,-0.110959898035662,0.0570739221814675,-0.9801297725049476,0.000560146715241,0.00065414615937,0.8563020774751748,True,A,N_252,train
456,252,8609,2022-07-12 00:31:59.620,False,0,0.0074255,0.0402096054056117,0.0408894903016043,0.076029,0.119993,-1.338981097015015,0.3341350455462972,1.859377542718277,0.0076354375,0.0535603943833136,0.054101901559118,0.130432,0.209229,0.447466773547196,0.8784261605839893,2.4108579595390887,3.1292441250000005,80.61060894085394,80.67132354566354,109.672559,216.960932,-1.5470039254554129,-0.0761619498325873,1.3594986939556095,-0.0291845713978459,0.0905309608444493,-0.1022028066167992,-0.9915620738990591,0.0005068652465886,0.0006706460137411,0.75578656430262,True,A,N_252,train
457,252,8625,2022-07-12 00:32:01.220,False,0,-0.0178220625,0.0337407530341068,0.0381584109609205,0.086845,0.128905,-0.1080816017340651,-0.2585549194918058,2.2759071411265333,-0.0113179375,0.0425918089373836,0.0440699205560039,0.08478,0.164702,-0.014785954769918,0.4364504102857102,1.9237611261917695,4.321337250000001,80.15537631476168,80.27177777892611,108.480466,216.960932,-1.5226841917378464,-0.0880701432391888,1.351414768696945,-0.1211652728394326,0.092182087329159,0.2129843344307828,-0.994235229242822,0.0004753652157301,0.0005490089017011,0.8658606704867757,True,A,N_252,train
458,253,8643,2022-07-12 00:32:05.948,False,0,0.0137733125,0.0662596393173464,0.067676021896145,0.134771,0.257889,-0.299871613413651,-0.1174256675635813,1.99141433293491,0.0152712499999999,0.1465132150266231,0.1473069355257925,0.270651,0.451406,-1.4273528502674009,0.2808184089940879,1.8373269325978927,-5.0663955,144.1308389548499,144.21985682003466,209.808374,416.040469,-1.4164164360820355,0.0867128907475989,1.4547814609316263,0.5887708068472668,0.258095892095721,-0.0469544921161404,-0.9954897362294672,0.0004692559220925,0.0010214053652099,0.4594218300352557,True,A,N_253,train
459,253,8659,2022-07-12 00:32:07.548,False,0,-0.010561625,0.0582905868332046,0.0592396863259757,0.114881,0.2226949999999999,-0.2946955883274968,0.4770120584516022,1.939257398627148,0.0063328124999999,0.1599281789398833,0.1600535127174268,0.279768,0.518254,-1.2321465727001213,-0.0593534044025075,1.747965385139208,-6.034970874999999,143.6951021969783,143.82177605933717,213.384653,423.193027,-1.3988108020789252,0.0845087391124931,1.483674161498068,0.5444481140301893,-0.224835500486705,0.0522838136582901,-0.997541900873086,0.0004118965009967,0.0011128600765672,0.3701242498223888,True,A,N_253,train
460,254,8681,2022-07-12 00:32:13.976,False,0,-0.0049659375,0.0705445626895411,0.0707191336224681,0.129828,0.255789,-0.2399175831336419,0.102878661588539,1.8358256577785967,-0.0070414999999999,0.133267970485222,0.1334538672332128,0.279346,0.435318,-0.5804792054576327,0.7828128344475396,2.093202735832587,7.897616312499999,129.87720622588247,130.11710510328712,197.887444,394.582795,-1.395398658715231,-0.0605828523476657,1.5208411211033068,0.4838415410229225,0.0142709980419118,0.0610163571526237,-0.998562076871906,0.0005435037427733,0.0010256443003959,0.5299144572475015,True,A,N_254,train
461,257,8727,2022-07-12 00:32:38.608,False,0,-0.0184379375,0.0385594213284327,0.0427409231584613,0.090191,0.1695499999999999,0.8278593669797871,0.5042658082391832,2.110179035338524,-0.0009271875,0.0573642597379007,0.0573717523868453,0.103926,0.196333,-0.6386997798995457,-0.3210412270771828,1.8114489391791508,-3.2037499375,79.92550283418937,79.9896869412554,110.864652,219.345118,-1.5286884394406195,0.0632557685468586,1.3859868220439373,-0.2281632234526397,0.0816957960656855,0.0484648263232133,-0.9977456009787824,0.0005343304217436,0.000717239366482,0.7449820056091109,True,A,N_257,train
462,257,8743,2022-07-12 00:32:40.208,False,0,-0.0026448125,0.0492374887486896,0.0493084711934724,0.11217,0.206232,0.0101772341691761,0.4214972495635748,2.274862661222588,-0.0015588124999999,0.0468775341557909,0.0469034444890511,0.107813,0.190553,-0.1811169075182057,0.4473056448747501,2.298615830339865,-3.725290812499999,79.72985558607418,79.81683821985146,108.480466,215.768839,-1.5389174762486586,0.0549563566624942,1.359117554884798,-0.3145035910481582,-0.1017336326293843,-0.0597810986047021,-0.9979738459484012,0.000617770288741,0.0005876384674604,1.0512761212022013,True,A,N_257,train
463,257,8759,2022-07-12 00:32:41.808,False,0,0.0186262499999999,0.0444550024287199,0.0481994235442707,0.110263,0.163113,-0.6000210199666527,0.1989359165276769,2.287641467303534,0.0060458125,0.0562777102148563,0.0566015239707598,0.116169,0.19489,-0.5675299484457077,0.4583937563555044,2.052400568931899,-3.501773249999999,80.10615588158832,80.18265788822258,109.672559,219.345118,-1.5328125812206792,0.0622598826100119,1.367784030717557,0.0344239143128308,0.1500561626327851,0.0798642248793586,-0.997546513218166,0.0006011203022411,0.0007059073054134,0.8515569928677256,True,A,N_257,train
464,258,8777,2022-07-12 00:32:45.771,False,0,0.03523775,0.0841320419106923,0.0912134831103658,0.201536,0.311999,-0.757314731467897,0.0871361010262614,2.209497906752961,0.0071759375,0.1359205519644052,0.1361098472753257,0.239015,0.421967,-1.261650013110412,0.4240197823262969,1.756044876874453,-2.086163,137.4552928775159,137.4711228444223,202.655816,395.774888,-1.4400457615078697,0.0779254162270783,1.474170078827013,0.4077933555729632,0.0381870253958806,0.0152375705206414,-0.9880002441079522,0.0006635101337871,0.0009900977344119,0.6701460984366356,True,A,N_258,train
465,258,8793,2022-07-12 00:32:47.371,False,0,0.015671125,0.0510967730706585,0.0534459014050656,0.102527,0.1958099999999999,-0.1348313350382679,-0.5880773527457099,1.918332319310127,-0.003425125,0.1357461988735205,0.1357894030838747,0.269374,0.45899,-1.0224583422231963,0.5459922103615935,1.9837630469117864,-5.1409013125000005,138.54249576666757,138.6378447595099,203.847909,404.119539,-1.398143663351608,0.0892080697837756,1.470362651364118,0.3964491665529054,-0.1981121127191558,-0.0458408644760509,-0.9943887940687016,0.0003855073013993,0.0009794540828258,0.3935940521960545,True,A,N_258,train
466,259,8822,2022-07-12 00:32:53.644,False,0,0.039224375,0.0778724665919179,0.0871933062066693,0.173096,0.296865,-0.4430556369119731,-0.110232855935936,1.9851982626937024,0.022749,0.1868837979825297,0.1882633021844007,0.32119,0.600463,-1.3233113251403616,0.1160605635145343,1.7060680242684776,3.0547383749999995,181.8801395722778,181.9057904448645,261.068375,520.944657,-1.4857574420544546,-0.0586671199536643,1.4351845225022102,0.6424224982307352,-0.0346254863548903,-0.0439745735836234,-0.9759329551562445,0.0004793322191307,0.0010349494742525,0.4631455264779375,True,A,N_259,train
467,259,8838,2022-07-12 00:32:55.244,False,0,-0.021786625,0.08420668616704,0.0869794402380528,0.156407,0.303314,-0.3140922843978919,0.4024913555130709,1.7982065597563273,0.0017087499999999,0.189725537854851,0.1897332325684538,0.324721,0.624509,-1.1642451053055092,0.2329155676068262,1.7114608527151085,0.5960464374999983,178.8422653633257,178.84325861390994,259.876282,513.792099,-1.5083805792800795,-0.0116871709767301,1.4530952075807655,0.3344043613639211,-0.1297685352976434,-0.0813913811497846,-0.9544650701890998,0.0004863445282319,0.0010608911626803,0.4584301814742522,True,A,N_259,train
468,260,8854,2022-07-12 00:33:01.594,False,0,-0.0139458125,0.0591842784278675,0.0608051354682521,0.112694,0.201657,-0.0532769435515021,0.955656630049189,1.853363192634284,0.0049777499999999,0.0500562729267022,0.0503031654508441,0.118448,0.1828219999999999,-0.5311871235016907,0.4343958074665835,2.354682830362762,-3.3527615625,88.20604303128374,88.26974021334637,121.59349,241.994887,-1.4571273727189122,0.0945447881005134,1.3775217838651246,-0.0651058278347396,-0.1596023780274152,0.194532621064294,-0.9967522275312196,0.0006888559467977,0.0005698800668186,1.208773541849379,True,A,N_260,train
469,261,8873,2022-07-12 00:33:09.576,False,0,-0.0055598125,0.084514120994082,0.0846968013707572,0.192139,0.331561,0.134958886619998,-0.6576003042076254,2.2685508412403728,0.0001236249999999,0.1409621444315259,0.1409621986416039,0.250308,0.4193099999999999,-1.2410636527386625,0.53616606842527,1.7757101010917655,8.493662812499998,143.09888673576415,143.35073663217608,215.76884,426.769307,-1.4120140439201112,-0.067931187082348,1.5051812433558796,0.3069126938404071,0.0037281669515089,0.0010889162129998,-0.9975479090408624,0.000590836178178,0.0009833378045576,0.6008476186307129,True,A,N_261,train
470,264,8911,2022-07-12 00:33:34.840,False,0,-0.00331025,0.0788886047304203,0.0789580249966714,0.156843,0.276815,-0.8959614103742664,0.3727733629332889,1.98640986785842,-0.0052769375,0.1865640187845947,0.1866386325883189,0.312851,0.600122,-1.175467344159548,0.1982030934614717,1.6762392419048415,0.4470347500000002,158.76606977720715,158.76669912978826,231.266049,456.571633,-1.5039090377386792,0.013625841958172,1.4566407834110422,0.7539646933423132,-0.0570355171967418,0.0322532205633377,-0.9571597876157172,0.0004973210719215,0.0011755527677485,0.4230529548018838,True,A,N_264,train
471,264,8927,2022-07-12 00:33:36.440,False,0,0.0026459374999999,0.0797719593579635,0.0798158285370922,0.150054,0.256947,-1.126618981727343,0.3606749651000451,1.8800030363684888,0.0173948124999999,0.1859881332925634,0.1867997998595354,0.303984,0.58676,-1.2220466097519234,0.0064169048375562,1.6273250840128386,-1.5646219999999973,160.53454818453363,160.54217266131425,234.842328,466.108377,-1.4866716990624624,0.050585435121606,1.4628077103169157,0.4741374467997714,0.0296014579041991,0.0336574402889271,-0.9766370054745316,0.0004971642479604,0.0011635559477173,0.4272800538175624,True,A,N_264,train
472,264,8943,2022-07-12 00:33:38.040,False,0,0.0038111875,0.0862571678124626,0.0863413235315946,0.155072,0.293436,-0.9367017390592896,-0.0316145720248232,1.7960345481993325,0.0124661249999999,0.1964488266135977,0.1968439629513056,0.307753,0.587316,-1.425617337974218,0.1546569041859938,1.5634363146617327,-3.427267437500001,161.57691790087995,161.61326232842356,240.802793,476.837214,-1.446884073692969,0.0738648892352019,1.4899940112009549,0.5668190992520763,0.0898306977733858,-0.0068232875436169,-0.9907755825163724,0.0005342465233833,0.0012179938707708,0.4386282527392184,True,A,N_264,train
473,265,8961,2022-07-12 00:33:41.534,False,0,-0.0013828749999999,0.038263814361409,0.0382887951331717,0.071008,0.126702,-1.0685923126313064,-0.1553584964676574,1.8545373327373695,0.0016229374999999,0.1250323621325038,0.1250428946664403,0.206024,0.382764,-1.415704445107962,0.0966413744933734,1.6476266048509334,2.831221062499999,142.89640330885143,142.92444819312988,211.000467,418.424655,-1.4916845779175438,-0.0271839906053235,1.4763077252877048,0.1135596898561547,0.1264608828479238,-0.0557625164653334,-0.9579656262347278,0.0002678953504262,0.0008748880702164,0.306205284477055,True,A,N_265,train
474,265,8977,2022-07-12 00:33:43.134,False,0,0.002183375,0.0835565532625022,0.0835850747412479,0.166489,0.271729,-0.8252641536151315,-0.52204145434611,1.991850824030433,0.0055258124999999,0.1314917419979382,0.1316077992272399,0.245011,0.406821,-1.2861468934010087,0.4402247996110385,1.861675382755645,4.172325562500001,139.3774204795915,139.4398567130085,206.232095,407.695818,-1.4599557887960035,-0.0600254005374016,1.4790039222749742,0.4445805589970168,-0.0688356660557505,-0.0439497690131136,-0.9830242688832128,0.0005994346000604,0.0009438320027688,0.6351073054335189,True,A,N_265,train
475,265,8993,2022-07-12 00:33:44.734,False,0,-7.737499999999758e-05,0.0687260253814694,0.0687260689376673,0.129093,0.235149,-1.02161647017352,0.0359449115123142,1.8783702021002235,0.0027554375,0.1353371758497867,0.1353652230183679,0.219024,0.414644,-1.317561298005252,0.2778113026441069,1.6180226731520266,6.0349709375,135.7982271614957,135.9322602417162,207.424188,408.887911,-1.4076544530369954,-0.0731356216526569,1.5259379019458374,0.4433879457608253,0.0518980162253275,-0.06105800107119,-0.9938388278539156,0.0005055905700049,0.0009958285308995,0.5077084601584982,True,A,N_265,train
476,266,9011,2022-07-12 00:33:49.428,False,0,0.0086639374999999,0.0490641726128505,0.0498232560877699,0.101965,0.182333,-0.248358491180193,-0.7898088518678017,2.04653424939502,0.0021265625,0.0619263599688863,0.0619628624828009,0.100555,0.189804,-1.2261208704287436,0.3040330349158844,1.6228268993852746,4.470348812499999,79.28258928542317,79.40851958263998,109.672559,216.960932,-1.531525711285485,-0.064151313243724,1.3811182928031345,-0.085651067698139,0.2286374924092449,0.0365059219004177,-0.9981021375408092,0.0006274296051561,0.0007803049699008,0.8040825438237197,True,A,N_266,train
477,266,9027,2022-07-12 00:33:51.028,False,0,0.0020667499999999,0.0521433940860441,0.0521843367532346,0.107608,0.2081279999999999,-0.4331500938562653,-0.0190670426647016,2.062074689362222,0.005277625,0.07471759879362,0.0749037575501055,0.130484,0.2438679999999999,-0.8869962114409771,-0.438660941496499,1.7420220863114235,4.097819750000001,79.7589183464363,79.86411698940259,108.480466,215.768839,-1.5303947897397927,-0.0667030548683565,1.3583129706973984,0.1563353144410246,0.0680255543150901,-0.1137878499808733,-0.9989054885547995,0.0006534140577821,0.0009378900108548,0.696685165872044,True,A,N_266,train
478,267,9050,2022-07-12 00:33:57.398,False,0,-0.00012825,0.077236110750979,0.0772362172300016,0.198366,0.33113,0.6653985433624321,0.6000020698291472,2.5683028909777668,-0.001625,0.1588265342697025,0.1588348469735939,0.270309,0.491733,-1.1194037785937831,0.4592324024156719,1.7018242857308163,4.842878000000001,150.30803515827407,150.3860329301356,219.345119,436.306052,-1.4528904445812656,-0.0610989559037477,1.4585471451454572,0.5253889310313866,0.1779854280369711,0.0233328946853309,-0.9891053396249015,0.0005135863731832,0.0010561808425878,0.4862674576873048,True,A,N_267,train
479,270,9095,2022-07-12 00:34:15.359,False,0,-0.0113130624999999,0.0913407714909316,0.0920386979465023,0.157852,0.313941,-0.8297429550641118,0.3858173961480984,1.7150612027535603,0.0094895625,0.198396350080139,0.1986231696493702,0.355106,0.609977,-1.2705405503432456,0.3804525836046039,1.787837746355922,-9.164215250000002,157.16805153320294,157.43500012351723,236.034421,461.340005,-1.4379363902407385,0.0379932662394952,1.499249981356222,0.7169537149815852,0.1166043005530204,0.0347978878446123,-0.9993286309359982,0.000584613954167,0.0012616201574842,0.4633834920114225,True,A,N_270,train
480,270,9111,2022-07-12 00:34:16.959,False,0,0.007847625,0.0962416758263247,0.096561096638346,0.239062,0.361931,-0.0906783755238285,0.6981380651153354,2.4757589580342905,-0.012111,0.2066878002054064,0.2070423219410707,0.350417,0.623941,-1.2131222435305724,0.3933291217500719,1.6924897128024727,-8.717180312500002,159.90480580552298,160.14223725270813,243.186979,482.797679,-1.40765093686252,0.0635825430830235,1.5185686373061305,0.5154093771012159,-0.0029434417252485,-0.0444942557317943,-0.99848280343921,0.0006029708232811,0.0012928651771884,0.4663833738583633,True,A,N_270,train
481,270,9127,2022-07-12 00:34:18.559,False,0,0.0033263749999999,0.0790403960056778,0.0791103594441018,0.161674,0.309456,-0.3100377168416406,0.0749229019318314,2.0436514400397368,-0.0172028124999999,0.1950269860292476,0.1957842231579513,0.339144,0.624475,-1.3170038410276828,0.2036173359655483,1.7322335504347115,-7.4505815,162.7166054804458,162.88709237925264,243.186979,482.797679,-1.400361073248932,0.0786553140874712,1.4929788201620289,0.3329821187641614,0.0212792436660179,-0.0781864815948316,-0.9968448787880316,0.0004856760489032,0.0012019627847619,0.4040691234874355,True,A,N_270,train
482,271,9145,2022-07-12 00:34:21.987,False,0,0.0071293125,0.0779042920036492,0.0782298268521188,0.189963,0.331879,0.4299220108331996,0.1361530270624189,2.428268189307066,-0.0066822499999999,0.1615207947098066,0.1616589607437521,0.272016,0.4482389999999999,-1.1119007789609492,0.6330453138956023,1.6826534003962597,4.246831250000001,151.64960834927876,151.7090613251417,224.113491,447.034889,-1.4453994261558174,-0.0801157251151682,1.477258438239768,0.5650920481161165,0.1336089846396236,0.0927218224782206,-0.98657917499543,0.0005156569170542,0.001065585399657,0.4839189024363584,True,A,N_271,train
483,271,9161,2022-07-12 00:34:23.587,False,0,-0.0020454999999999,0.0812968912635963,0.0813226204654953,0.200362,0.359138,0.5952927081594428,-0.3629658524491623,2.463791732891986,-0.0072377499999999,0.1609695403152798,0.1611321753541948,0.280599,0.523511,-1.18931446958904,0.2907072857255418,1.7414212858679374,1.7881396875000002,149.92613879578775,149.93680181248308,220.537212,433.921865,-1.4916248295653922,-0.038849506468928,1.4708677878551295,0.3985053024839403,-0.0939884297324921,0.0347103849790142,-0.9641216422827612,0.000542379319036,0.0010746672825242,0.5046951069004991,True,A,N_271,train
484,271,9177,2022-07-12 00:34:25.187,False,0,-0.0068365,0.061799131200406,0.062176123627764,0.132901,0.26368,0.3876837250991274,-0.179330351332081,2.137492533237542,-0.0090359374999999,0.1508930503545759,0.1511633580329985,0.273253,0.459819,-1.0759329643447153,0.5992745800402226,1.8076669078782288,-0.5960465625000033,147.31214628188775,147.3133521228845,215.76884,426.769307,-1.5019396221425256,0.0054796594758654,1.4646930294547362,0.1826963488059728,0.0102066701782456,0.0133964031019134,-0.95064371445489,0.00042206712923,0.0010261348062116,0.4113174279589051,True,A,N_271,train
485,272,9195,2022-07-12 00:34:29.244,False,0,0.0115175,0.0334449880550135,0.035372588712872,0.070665,0.116768,-0.9414803654529936,-0.1274999727264845,1.9977333458290312,-0.00093475,0.0689196349204092,0.0689259735885174,0.132553,0.253461,-0.6912386338671679,0.4505375759425798,1.9231211849299488,5.364418562499999,80.69113876550071,80.86925782883745,112.056745,219.345118,-1.5198338748764693,-0.0635256986357924,1.3856531889679504,0.112328059572161,0.2661047867207783,-0.3081698088542501,-0.9975400676539016,0.0004374046413006,0.0008523136657739,0.5131967946371501,True,A,N_272,train
486,272,9211,2022-07-12 00:34:30.844,False,0,-0.0071074375,0.0360007261488722,0.03669561214999,0.079016,0.138373,-0.5017377007691799,-0.1663775806898387,2.1532819694362653,-0.00174,0.059720538268882,0.059745880955301,0.098369,0.1826519999999999,-1.4289125383005572,0.1571484959989252,1.646456599637303,5.4389245000000015,80.49273202670986,80.6762778568795,110.864652,220.537211,-1.5154797300646807,-0.0774454189298065,1.3741914593119304,0.1065812461104436,-0.2296202943697164,0.2079018921607966,-0.9968709287923982,0.0004548500888339,0.0007405631809302,0.6141948459584013,True,A,N_272,train
487,273,9238,2022-07-12 00:34:37.168,False,0,-0.013294125,0.0770132151621354,0.0781522173013984,0.203923,0.347535,0.8064452897947803,-0.3770552270435616,2.6093053663923502,-0.0066669999999999,0.1114065352576993,0.1116058465633633,0.205414,0.348977,-0.8555557839041881,0.6593605427262081,1.8405308173831003,0.8940696875000005,133.28038640347492,133.283385162839,195.503258,383.853958,-1.509642465866181,0.0036485635369676,1.466823923785728,0.5659981032519509,-0.0572201381831927,-0.0003930094975126,-0.948097279608654,0.0005863612873121,0.0008373575328013,0.7002520003020462,True,A,N_273,train
488,273,9254,2022-07-12 00:34:38.768,False,0,0.0042609999999999,0.0705693930796134,0.0706979162396247,0.134486,0.247774,-0.8607865957604424,-0.253419660770996,1.9022625722683364,-0.0005389375,0.1223777288870756,0.12237891559083,0.186579,0.347194,-1.4875114487662304,0.3699321051350968,1.5246008603624246,3.501773250000001,129.77157094160006,129.8188085007144,189.542793,376.7014,-1.492808161497626,-0.0384047240784485,1.4600564832557137,0.3415078056867913,-0.0127782682088338,-0.03593824741744,-0.966982091688672,0.0005445891628194,0.0009426901772107,0.5776968679474247,True,A,N_273,train
489,274,9283,2022-07-12 00:34:45.928,False,0,-0.005671875,0.0482765137202799,0.0486085583308124,0.086526,0.157822,-0.961097885869167,0.1266634702398963,1.780056907080744,0.0036865624999999,0.0669630883322752,0.0670644909177912,0.132799,0.2395999999999999,-0.6310764563263676,0.4355585759642179,1.9801686135631336,4.470349000000001,81.80779157832418,81.92984061442039,112.056745,222.921397,-1.5030545535594508,-0.0784698197421035,1.3677158915438803,-0.0243219719065506,0.54139285921673,-0.1427881569481182,-0.9963105044269576,0.0005932949211945,0.0008185600071335,0.7248032105454686,True,A,N_274,train
490,274,9299,2022-07-12 00:34:47.528,False,0,0.0040671249999999,0.0411468413518507,0.0413473585492471,0.075695,0.143801,-0.9155333151357388,-0.1230024266931241,1.8307094493072105,0.0026923749999999,0.0653552309879199,0.065410665037324,0.140564,0.234626,-0.3929802465755241,0.6696996460829555,2.1489461989079723,6.1094768125000005,80.43522983332464,80.66691952257898,112.056745,221.729304,-1.5223046565918197,-0.0750966940994645,1.3891288481474109,-0.0388263239992524,-0.1298676971401775,-0.0668975844050283,-0.996585586468552,0.0005125689538407,0.0008108734711137,0.6321195255491426,True,A,N_274,train
491,274,9315,2022-07-12 00:34:49.128,False,0,-0.0018535625,0.047165036772445,0.0472014447627135,0.089507,0.160024,-0.6588147091761858,0.4765873046753905,1.8962767019094595,-0.0101191874999999,0.063754559346978,0.0645526280889283,0.161647,0.262442,1.150864761346334,0.9305637997422584,2.5041118353433034,5.811453437500001,79.18212148470339,79.39509653545713,110.864652,218.153025,-1.5240761549090425,-0.0726712211885685,1.3963664865687122,0.0051993769050995,-0.4722275084262478,0.3887288518835152,-0.9968849385972172,0.0005945133493431,0.0008130556030006,0.7312087231783714,True,A,N_274,train
492,275,9333,2022-07-12 00:34:53.056,False,0,0.0192957499999999,0.0531147159557734,0.0565110521856123,0.153607,0.203655,0.2508338027706123,0.8594529182911426,2.7181762515317,0.0081498124999999,0.088676932744104,0.0890506476376646,0.179271,0.288952,-0.9829565439849,0.5601328010458761,2.013135274764426,7.152558125000001,111.52841075681783,111.75752991934364,169.277211,337.362329,-1.382551622775266,-0.0550535717559571,1.5146828238076555,0.5505428409537131,0.1701656977839775,-0.0224334503554821,-0.9984674247202656,0.0005056576700146,0.0007968201131676,0.6345945109298743,True,A,N_275,train
493,275,9349,2022-07-12 00:34:54.656,False,0,-0.024238375,0.0580304434358326,0.0628890386951494,0.140363,0.231958,-0.5434811710750687,0.0144545937341261,2.2319151781028275,0.0026039375,0.0844509667532503,0.0844911017567086,0.145813,0.234399,-1.1606308738595985,0.6332265938819599,1.7257793657356622,7.450581437499999,109.1363453692322,109.39036997976169,166.893025,323.057213,-1.4003820336685393,-0.0347446540440202,1.5256646908761426,0.681293877284474,-0.310614370844872,-0.0392171660362409,-0.9994596468363424,0.000574904707853,0.0007723815338803,0.7443273597761547,True,A,N_275,train
494,276,9380,2022-07-12 00:35:01.171,False,0,-0.02744975,0.1076316000238196,0.1110767756947869,0.254462,0.489349,0.9962873220329368,0.1987233832736948,2.290865920516115,0.0024471874999999,0.1994078581974701,0.1994228739075899,0.313916,0.582866,-1.3847814384254764,0.2021295404680211,1.5741223353619145,3.0547383750000003,176.2499417863752,176.27641193943205,252.723724,498.294889,-1.4921024290171114,-0.0337828455636559,1.4336786256282263,0.4736822405014799,-0.1519293514088702,-0.0919131745917036,-0.9747507755929872,0.0006301284129436,0.0011313077666688,0.5569911491008726,True,A,N_276,train
495,276,9396,2022-07-12 00:35:02.771,False,0,-0.0163790625,0.1059347020028545,0.107193445586997,0.20528,0.3782,-0.7149525706828634,-0.0526215825105997,1.915042462492699,-0.0020353124999999,0.2001094047692157,0.2001197550819571,0.345864,0.612089,-1.3001327087793135,0.2947028972655627,1.7282851453538643,2.011656937499998,180.4302410601185,180.44145491722975,256.300003,511.407913,-1.505989100653052,0.0056506845999653,1.420405322699084,0.6568117792842745,0.1694196014617434,-0.0115128495850574,-0.9662707861890716,0.0005940621884043,0.0011090564259402,0.5356464959848518,True,A,N_276,train
496,277,9412,2022-07-12 00:35:09.147,False,0,0.01203775,0.0561319265865024,0.0574081928593384,0.102178,0.19531,-0.9420835427272444,-0.3958713377112161,1.779850486678034,-0.001851,0.0584612831795539,0.0584905790020923,0.127171,0.213748,-0.244203397676658,0.5787056089071408,2.174213389056226,6.109476687500001,79.26732414793798,79.50241746619645,110.864652,218.153025,-1.5227643291409905,-0.077559287944929,1.3944815206045582,0.0932179045042797,-0.1886723456373715,0.1064912013152986,-0.996658320886507,0.000722093675752,0.0007357081817916,0.9814946926287887,True,A,N_277,train
497,280,9449,2022-07-12 00:35:34.214,False,0,-0.0029696875,0.0777095428798152,0.0777662658126099,0.209271,0.326769,1.0195176333880864,-0.9188004283546244,2.691025444172304,0.01615625,0.1889714831540396,0.1896608706599756,0.327945,0.566721,-1.452381195697127,0.1439345082407652,1.7291125937512986,1.862645375,184.8623496055006,184.87173323539577,263.452561,525.713029,-1.4953415940583703,-0.0490960411064007,1.4250559368345828,0.667286777580004,0.2047801171278555,0.0727364343102032,-0.9815027161637234,0.0004206498443631,0.0010259051902676,0.4100279912351,True,A,N_280,train
498,280,9465,2022-07-12 00:35:35.814,False,0,-0.0097874999999999,0.0891905125433753,0.0897259309452958,0.22797,0.334887,0.1029040467398214,-1.035618368298454,2.540737082337868,-0.0069179375,0.1908708872256547,0.1909962131812107,0.267352,0.5310379999999999,-1.505816823349503,0.2169680869830895,1.3997764434541196,5.513430375,188.4769752550153,188.5575989340648,270.605119,538.826052,-1.4622644653443275,-0.0693522344664319,1.4351323973669488,0.3587005183663787,-0.1781604489348092,-0.0456878752832613,-0.991394211193106,0.0004758542294371,0.0010129329937426,0.4697785859249834,True,A,N_280,train
499,280,9481,2022-07-12 00:35:37.414,False,0,0.0091831874999999,0.1003220546317077,0.1007414789358757,0.197959,0.380119,0.0060666482422671,-0.1093323646995285,1.9650197921553785,-0.0135091249999999,0.1860309942583073,0.1865208494592494,0.303535,0.555561,-1.1047805736844023,0.5496710400247176,1.6273515849836158,9.3132268125,185.13084861336208,185.3649570495045,269.413026,532.865587,-1.426176946572891,-0.0744337659481276,1.4534194072510112,0.5008997095136439,0.2204805184886857,0.0656293487965476,-0.9958634008615788,0.0005434763967224,0.0010062357655305,0.5401084073332267,True,A,N_280,train
500,281,9499,2022-07-12 00:35:41.235,False,0,0.0149584999999999,0.0296016642078616,0.03316647774674,0.070403,0.124216,0.0207808284995403,-0.2873530128836024,2.122715608742024,0.0012209999999999,0.0600900534916137,0.0601024572677773,0.122495,0.225339,-0.5153711455385919,-0.4285103039528463,2.03810302554257,-2.160668625,80.12029127229796,80.14942022538231,109.672559,216.960932,-1.5251480306823633,0.0732539406706729,1.3683512456059923,-0.2050673360555591,0.149785577117896,-0.2086349108054661,-0.997184910796446,0.0004138080806258,0.0007498801251308,0.5518323086021562,True,A,N_281,train
501,281,9515,2022-07-12 00:35:42.835,False,0,-0.0058408125,0.0323176392493688,0.0328412073059517,0.061772,0.115962,-0.6623701189879245,0.1930491898790567,1.880929632839812,-0.0033485624999999,0.0563911644874096,0.0564904974580902,0.097813,0.192267,-1.0195798471324238,0.0570540151086582,1.7314947540082564,-1.564622125,82.12227456573704,82.13717807573097,112.056745,222.921397,-1.5062323689937491,0.0577472281554722,1.3642633899192764,-0.0803532108037102,-0.1135360536436854,-0.0398103902634624,-0.9979010163907288,0.000399833645072,0.0006877579529942,0.5813580829291926,True,A,N_281,train
502,281,9531,2022-07-12 00:35:44.435,False,0,-0.0076793749999999,0.0377460550088929,0.0385193129368243,0.082208,0.163975,0.2279031802816522,0.4048180773777307,2.13420213737534,-0.0001510624999999,0.0557497384505846,0.0557499431137602,0.115549,0.1978309999999999,-0.7930585227612772,0.3354174408862783,2.072629917562735,-4.395843062500001,82.1806565672226,82.29813940819025,113.248838,224.11349,-1.483430936675306,0.0819962277378309,1.376080174040114,0.1869361434242304,0.1715333303706274,0.1574309655637603,-0.9962470818889008,0.0004680459754475,0.0006774143803816,0.6909300850446422,True,A,N_281,train
503,282,9547,2022-07-12 00:35:49.315,False,0,0.006114,0.0527331264114408,0.0530863788285187,0.095694,0.182538,-0.7377601044660613,-0.5274551923205145,1.8026092966166285,0.0051548125,0.0304877406288551,0.0309204531105625,0.066991,0.123478,-0.2330030841529016,-0.1072524113078707,2.16655945372015,-3.7997965,82.47140798596679,82.55889769509523,114.440931,227.689769,-1.4989786589905574,0.06584074503087,1.386173195076451,-0.103756198523493,0.1690247109266511,0.1562835581010732,-0.997464955087506,0.0006430122047483,0.0003745259926405,1.7168693692390982,True,A,N_282,train
504,282,9563,2022-07-12 00:35:50.915,False,0,-0.024751125,0.0947750790575211,0.0979537329514552,0.16295,0.286863,-1.5234694106426556,0.0636540273506404,1.6635404806956795,-0.01222,0.0548226463710481,0.0561680599195396,0.121305,0.208741,0.2491610530423278,0.9498293540599037,2.1596793653504944,-3.2782557500000005,83.17091803972421,83.23550064925982,118.017211,231.266049,-1.4886200842255797,0.0673431489496103,1.4178711016265086,0.5592385746977384,-3.987202651290573e-05,-0.0269527032396739,-0.9974440620546532,0.0011768263804192,0.0006748089394719,1.743940116353906,True,A,N_282,train
505,283,9580,2022-07-12 00:35:57.296,False,0,0.03903275,0.0746321992536565,0.0842230416097637,0.173245,0.312748,0.1718222182891913,-0.3740715489751035,2.056978668648748,0.0124833125,0.2136928593942479,0.2140571681749118,0.331069,0.649713,-1.3945253599982008,0.0031182686592917,1.5466382313788,10.13279075,181.39802055278764,181.6808061102021,267.02884,524.520936,-1.427265154335723,-0.0662469336038662,1.4697691281600125,0.6616411259654642,-0.0055194848728134,-0.0004341298169554,-0.9980726908865164,0.0004635769920498,0.0011782046367906,0.3934605055643027,True,A,N_283,train
506,285,9612,2022-07-12 00:36:07.998,False,0,-0.015720625,0.0781712533367245,0.0797363336166455,0.188809,0.317483,0.0989567776313657,-0.0455403070906983,2.3679167505713443,-0.019367625,0.0409995176372158,0.0453438567462561,0.078646,0.1293929999999999,-1.0800274759517905,0.0466213650699859,1.734435613629038,4.2468315,86.64635463173866,86.7503680035907,122.785583,244.379073,-1.4557575761727606,-0.0781117612477596,1.4153897652044285,0.2930400149145228,0.1476609092431311,0.2151577918420019,-0.9970751924592718,0.0009191469206602,0.0005226935376732,1.7584815085944148,True,A,N_285,train
507,285,9628,2022-07-12 00:36:09.598,False,0,0.0104019374999999,0.091900166556207,0.092486977011969,0.204264,0.381254,-0.1383442287499701,0.0818432782536008,2.2085704020098467,0.0046793124999999,0.0750399610363694,0.0751857148520415,0.156582,0.251906,-1.0657773062031048,0.1901076653333208,2.0826030624053886,4.544854687500001,87.58965820973296,87.70749072586862,127.553955,255.10791,-1.448066527814761,-0.0720123807360371,1.4543108455658849,0.3456560658170969,-0.1696218173159016,-0.4751688512238352,-0.9973643818784236,0.0010544934787957,0.0008572325377205,1.2301136884044372,True,A,N_285,train
508,285,9644,2022-07-12 00:36:11.198,False,0,0.0115811875,0.0876851509743944,0.0884466483554492,0.208575,0.378018,0.5192803194674727,-0.5592462459657765,2.3582012871960853,0.0103984375,0.0616991578933302,0.0625692703104926,0.118678,0.23155,-0.7729289037622364,-0.1864825010708826,1.8967457892840105,5.140901249999999,88.80764963905877,88.95632355305645,129.938141,257.492096,-1.4456212644854398,-0.0639828468141732,1.460695943920172,0.1923010637281307,0.0332833084277314,0.1650065915922325,-0.9975692621948128,0.0009942705006541,0.0007033706858756,1.4135796680470007,True,A,N_285,train
509,286,9662,2022-07-12 00:36:14.644,False,0,0.0030323125,0.0949440582453154,0.094992468728776,0.204102,0.392982,-0.0726409396529863,-0.091337287918522,2.148612439821467,-0.0023896874999999,0.1839178389987356,0.1839333632278617,0.336944,0.586533,-1.2210440390663846,0.3334648949459019,1.8318808186124695,2.3841860624999995,179.68454758755746,179.70036445407067,256.300003,512.600006,-1.500838942709984,-0.0321847252837065,1.4262631229415637,0.5492022151465156,0.0347631393358909,0.0409038021298435,-0.9702039391367754,0.000528615893559,0.0010235558719463,0.5164504528256617,True,A,N_286,train
510,286,9678,2022-07-12 00:36:16.244,False,0,0.0086336874999999,0.0738341691552078,0.0743372389498527,0.190944,0.292926,0.2039756846236637,0.5967705362212021,2.56861840306995,-0.0122004375,0.2033244995687216,0.2036902128234503,0.363454,0.654085,-1.0523072881514173,0.3085088584151949,1.7843469009236386,4.470348874999998,179.90857238497102,179.9641031891154,257.492096,511.407913,-1.4682743867124717,-0.0641734713399064,1.4307969836040817,0.6701460638181378,0.0240762008011005,0.0588472246903727,-0.9870679230270044,0.0004130670374398,0.001131838012214,0.3649524339899676,True,A,N_286,train
511,286,9694,2022-07-12 00:36:17.844,False,0,-0.008937,0.0921435940231332,0.092575979003735,0.182454,0.353847,-0.1893172815955104,0.0794121588181117,1.970856824453768,-0.0027033125,0.2043423323832823,0.2043602131098724,0.335116,0.639257,-1.2388979128593285,0.3429402492111628,1.6398299595617851,6.705523375,179.99217059371185,180.11703283911973,261.068375,517.368378,-1.4270607640356383,-0.0853516333620217,1.449437462325875,0.6307450169220109,-0.1103950348046718,-0.0037606554994884,-0.9947312883254252,0.0005139768157652,0.0011345968223472,0.4530039267181739,True,A,N_286,train
512,287,9712,2022-07-12 00:36:21.560,False,0,-0.0110461874999999,0.0599169536955304,0.0609266739485875,0.107343,0.204052,-0.792950028183808,0.1390265917792626,1.7618391591600815,-0.001496875,0.057948352139939,0.0579676819486513,0.109461,0.205472,-0.8895217837377407,-0.3099422917827876,1.888310802163216,6.482005875000002,90.95811332377008,91.18878647938756,132.322327,262.260468,-1.4501132165972344,-0.065885738698523,1.4510811264048382,0.4684717518388024,0.1183368849516057,-0.028122203576349,-0.9972338368064624,0.000668137786463,0.0006356887089593,1.051045546422873,True,A,N_287,train
513,287,9728,2022-07-12 00:36:23.160,False,0,-0.0043023749999999,0.0567049511163652,0.0568679339500741,0.088841,0.171911,-1.372538991522626,0.2502836525715062,1.5622336495993647,-0.0062189374999999,0.043429730694348,0.0438727328965554,0.07335,0.1452999999999999,-0.9705236156269996,0.3193705600155802,1.6718812610316978,6.631017437500001,89.13234355637883,89.37866110044823,127.553955,252.723724,-1.4591056042997577,-0.0674321205068659,1.4271186593033482,0.5632052140266219,0.0889582413866406,0.1187636258202788,-0.9985889426648592,0.0006362585123776,0.0004908636172928,1.2962022239225264,True,A,N_287,train
514,287,9744,2022-07-12 00:36:24.760,False,0,0.0123207499999999,0.0615277469150098,0.0627492192859799,0.11048,0.200351,-0.9659908392410332,-0.1019034299376065,1.7606593557202153,0.0052583125,0.0629718068858187,0.0631909670191278,0.13753,0.2438,-0.6958779036837397,0.2883348872838409,2.1764186637367,5.438924499999999,88.50033277873442,88.66730401711465,126.361862,251.531631,-1.4470696278383948,-0.0851671716560252,1.4251235379346767,0.4476657866056389,0.0195933143514543,-0.2219325136874805,-0.998967585779704,0.0007076928748602,0.0007126749563393,0.9930093215219488,True,A,N_287,train
515,288,9762,2022-07-12 00:36:29.468,False,0,-0.020130125,0.0609336317304276,0.0641726531193389,0.123275,0.200226,-1.1304411860226242,-0.0846792672486027,1.9209896117393053,-0.0099773124999999,0.0346730972634381,0.0360800559667318,0.081322,0.134218,0.8113463536530339,1.1437252053650913,2.2539322021835067,1.7881394375000008,83.50396855768346,83.52311181661356,110.864652,220.537211,-1.604725456053551,-0.0360752113139271,1.3273529875589232,0.5519923935965443,0.0461639521123454,0.1532369880452869,-0.9595785337004112,0.000768322105386,0.0004319769125215,1.7786184472249804,True,A,N_288,train
516,288,9778,2022-07-12 00:36:31.068,False,0,0.02805875,0.0630384649157758,0.0690010254307861,0.117857,0.177089,-1.480499653952608,-0.0122100059695802,1.7080470799411591,0.0071795625,0.046328816503566,0.0468818233040535,0.091778,0.146003,-0.9163296873333202,0.354351607140409,1.957645704280118,2.7567151875,82.96800384569525,83.01378885922685,110.864652,220.537211,-1.5677472125987004,-0.0732186524721912,1.335496831592666,0.3589327960391348,-0.1805065938267737,-0.5810973279364167,-0.986210307835336,0.0008311995679151,0.0005647474226667,1.4718076339155544,True,A,N_288,train
517,289,9798,2022-07-12 00:36:37.428,False,0,-0.0056911249999999,0.0830169394256941,0.0832117848346915,0.147976,0.253621,-1.0784371185584103,-0.5407047540325903,1.7783058048084055,-0.0121027499999999,0.1894969843218158,0.1898830788264847,0.318154,0.627802,-1.180962683778707,0.2441431815264074,1.675525812864712,-0.8940696874999992,173.63455047039383,173.6368523029079,249.147445,495.910703,-1.4948708357581992,0.0395079032411169,1.4348765351111328,0.5252875405363608,-0.2153857612483029,-0.0187665926162868,-0.9740621191380316,0.0004792288257421,0.0010935643920521,0.4382264357043132,True,A,N_289,train
518,292,9836,2022-07-12 00:36:55.156,False,0,-0.0035863125,0.066056781081429,0.0661540623407776,0.133514,0.256379,-0.2434519920917157,0.3065120118444585,2.018228288267965,0.0049648749999999,0.199933429197344,0.1999950651750562,0.297401,0.578392,-1.458504054105213,-0.1152797098451889,1.487041691452157,3.874302375,170.54405402336812,170.5880552137764,244.379072,486.373958,-1.4706558367497904,-0.060799726589677,1.4325684860745418,0.5248013306019985,0.0287715858909689,-0.0655538323810173,-0.983884283002202,0.0003878000851693,0.0011723861024409,0.3307784733731947,True,A,N_292,train
519,292,9852,2022-07-12 00:36:56.756,False,0,0.0060016249999999,0.0969789032630776,0.0971644337231993,0.202781,0.3496129999999999,-0.7129039808313573,0.2676461012961119,2.0869879258256123,0.0116584999999999,0.1953035604139745,0.1956512236931448,0.333954,0.654334,-1.080386892399066,-0.0003138583019628,1.706884289789908,6.034971125,171.4110347844816,171.51724030652528,249.147445,497.102796,-1.4289749006606367,-0.0849023210480836,1.4526087555673044,0.5018008841973671,-0.0740162361524141,-0.0754695202535143,-0.9934887417257148,0.0005664995166057,0.001140708790227,0.4966206287346812,True,A,N_292,train
520,292,9868,2022-07-12 00:36:58.356,False,0,0.0033613125,0.0937386623335848,0.0937989085107737,0.176577,0.301111,-1.267182599306127,0.3363221434433891,1.8825059140183749,0.0122459999999999,0.1994931589719933,0.1998686693622214,0.314143,0.5869070000000001,-1.3634133877799075,0.0211265191877979,1.571747092740581,7.972122125,172.10048134577428,172.28502665821867,252.723724,500.679075,-1.4025766082181013,-0.0871997157315274,1.466893141569155,0.7024672497598533,0.0037890709141125,-0.0945261616050556,-0.9968039454322172,0.0005444402820731,0.0011601047011399,0.4693027116760467,True,A,N_292,train
521,293,9886,2022-07-12 00:37:02.032,False,0,0.0055976875,0.0923061996893482,0.0924757730783446,0.14136,0.27274,-1.4421378793624453,-0.0826000064732748,1.5286165802608758,-0.00292625,0.1051750909575908,0.1052157911009559,0.205998,0.328518,-0.8229256080765319,0.7733231108241609,1.957862007636688,7.4505814375,102.77309507772476,103.04280778206636,156.164188,300.407445,-1.4272875424683802,-0.0513046910762482,1.515527297453738,0.2537422436687764,0.0177597997011275,0.0124797318150923,-0.998772529370483,0.0008974500507976,0.0010210881609853,0.8789153425612032,True,A,N_293,train
522,293,9902,2022-07-12 00:37:03.632,False,0,-0.0030925625,0.0757032554220496,0.075766396405745,0.122399,0.240496,-1.16811732519776,0.0408892919806634,1.6154787056854,0.0015363125,0.0986448280332772,0.0986567907131207,0.167329,0.287442,-1.3482224597768335,0.554702982147194,1.6960717938470944,6.854534999999999,101.62680531366404,101.85770568949413,154.972095,305.175818,-1.41930601140035,-0.0519247999422386,1.5214567611842864,0.2081430893934232,-0.0418499419942983,0.0047265870642848,-0.999396460567291,0.000743845503812,0.0009685746409198,0.767979536513229,True,A,N_293,train
523,293,9918,2022-07-12 00:37:05.232,False,0,-0.00163875,0.0950452423904663,0.0950593688314045,0.146651,0.283582,-1.2345401588404037,0.1981414521294209,1.5427306303716093,0.0040958124999999,0.0936397638954858,0.0937292967136609,0.174788,0.292767,-0.8534914507876055,0.6813234069377281,1.864817150329954,5.2899128125,102.6083033654225,102.74457210526708,151.395816,300.407446,-1.4000362892403109,-0.0900314246092951,1.473516438852723,0.0684565562094978,0.032294500900557,-0.0842700227474777,-0.9976794020778867,0.0009252008829625,0.0009122554582993,1.0141905696978273,True,A,N_293,train
524,294,9936,2022-07-12 00:37:09.360,False,0,-0.028797,0.049923059075942,0.057633141823954,0.097982,0.152304,-1.384152235668576,0.0513324456144635,1.7000981882836688,-0.0141354375,0.0531836442174292,0.0550300881842151,0.112313,0.196332,-0.8457188040516099,-0.0107895185505361,2.0409380341901,3.725290750000001,81.29086304954689,81.37617714363475,110.864652,219.345118,-1.5350927247480888,-0.0801029024607682,1.3623723292422056,-0.230246014977071,0.1937033626853156,-0.6458283855146514,-0.9974948256793348,0.0007082311291451,0.0006762432214907,1.047302370859829,True,A,N_294,train
525,294,9952,2022-07-12 00:37:10.960,False,0,-0.004105125,0.0441060594573962,0.0442966875976635,0.08085,0.15496,-0.9342060347190316,0.2158063738233412,1.8251929068453523,-0.00831975,0.046210810618972,0.0469537778898035,0.115026,0.230017,2.055800941004641,0.4253190427741025,2.449770927271415,2.086162750000001,82.3466901040148,82.37311118384528,109.672559,218.153025,-1.5863741399466145,-0.0538038381618624,1.3314121249496838,-0.1917866427543377,-0.1265130436280038,0.0127324158639119,-0.9864979452222312,0.0005377566412272,0.0005700134086839,0.9434105111121002,True,A,N_294,train
526,295,9978,2022-07-12 00:37:17.426,False,0,-0.0003610624999999,0.0895274926841391,0.0895282207599229,0.199961,0.373511,0.2509481692062651,-0.4787986300235264,2.233496860573286,-0.013093125,0.17976815794478,0.1802443356478228,0.310179,0.590858,-0.9767083729687912,0.4427226959728189,1.7208807083183737,0.6705523750000006,161.7593649842613,161.7607548220491,234.842328,462.532098,-1.5162216674169164,-0.0175474400090028,1.4517880326309491,0.4693831473880686,-0.2630675549205759,0.035441534635679,-0.9597602426153112,0.0005534607010112,0.0011142649269045,0.496704767104865,True,A,N_295,train
527,296,10007,2022-07-12 00:37:25.356,False,0,0.0041190625,0.0797185746348276,0.0798249197787727,0.155758,0.285126,-0.8639748787420829,-0.0391735741834572,1.951245305747487,0.001503,0.0895196650846896,0.089532281585331,0.143659,0.252678,-1.4773136641754985,0.2592423072754303,1.604549749612738,-5.885959312499999,100.6705353951754,100.84245739657312,149.01163,294.44698,-1.4148422057072716,0.0643738625637231,1.4776675801740604,-0.0552983154226439,0.0510524379206242,0.0237344540372968,-0.9973165308543118,0.0007915804695719,0.0008878431158538,0.8915769638093448,True,A,N_296,train
528,298,10035,2022-07-12 00:37:42.318,False,0,-0.0077543125,0.0719463366012463,0.0723630065205108,0.185067,0.286727,0.1580037314960787,-0.7023179328381027,2.557480802674276,-0.0103251875,0.1281396289878831,0.1285549455060461,0.236578,0.413769,-1.1354633195305115,0.4849592791766887,1.8402870388901011,-8.642674500000002,145.83024466174555,146.08612555823882,221.729305,436.306051,-1.3966300264456326,0.074097943010576,1.5177985188716996,-0.0034788326527531,-0.0053158154714738,-0.0915289091084778,-0.997055162082559,0.0004953448265123,0.0008799942158421,0.562895548169382,True,A,N_298,train
529,298,10051,2022-07-12 00:37:43.918,False,0,-0.0069051249999999,0.097623275525022,0.0978671787449704,0.172783,0.307901,-1.1891382470435232,-0.1985682311703917,1.7654846314743649,-0.0096725,0.1467526837075731,0.1470710965201014,0.289371,0.484955,-0.7261235899735015,0.7882756289191707,1.967558594767458,-9.1642153125,140.89707536751493,141.19478988055133,218.153026,425.577214,-1.4200116038372357,0.045336550945384,1.545050112575359,0.4290124679701604,-0.0295127202116043,-0.0665878387625578,-0.9989620221409784,0.0006931359069818,0.0010416184382194,0.6654412801742737,True,A,N_298,train
530,298,10067,2022-07-12 00:37:45.518,False,0,0.0128304999999999,0.0745933571020235,0.0756887749537538,0.133046,0.255448,-0.8649392138869008,-0.2545548199079498,1.7578035855553429,0.0092931875,0.1393260878704248,0.1396356762979558,0.234978,0.394015,-1.4612116970425153,0.4633095963793125,1.682793439540493,-8.046627874999999,138.69933304349382,138.93254912679296,213.384653,423.193027,-1.418910321492477,0.0486998906589336,1.5358866899164167,0.3784201663372512,-0.0328097755397536,0.0595612609168342,-0.9991377038662218,0.0005447879235605,0.0010050609247118,0.5420446762634538,True,A,N_298,train
531,299,10085,2022-07-12 00:37:49.246,False,0,-0.018807,0.035470012339651,0.0401475407014551,0.092979,0.1417,-0.2349108317622805,0.0559159020541711,2.315932641837509,-0.001354625,0.0454919628037126,0.0455121268303844,0.086112,0.152758,-1.117556236957758,0.1234822837359733,1.892067147749961,4.991889499999999,80.02711830961745,80.18265788636417,110.864652,219.345118,-1.5350881345096488,-0.0703862136140074,1.382651248068114,-0.0831548952925888,0.1542495270974981,-0.0943194352919185,-0.9970806816986162,0.0005007010463328,0.000567605614856,0.8821284237293037,True,A,N_299,val
532,299,10101,2022-07-12 00:37:50.846,False,0,0.0046171875,0.0339324359393389,0.0342451256266859,0.09494,0.136273,0.8110970452895585,0.929433927441482,2.772365358940804,-0.0065273125,0.0486100145516831,0.0490462977520984,0.093632,0.183446,-0.5992955378378295,0.3430912001442897,1.9090533698029,4.991889500000001,80.08370055886736,80.23913045380378,109.672559,215.768839,-1.5400482334682035,-0.0590291722561457,1.366821379789777,0.2074611933865386,-0.1315472265157491,0.1735487709458686,-0.9977300013089824,0.0004267883442032,0.0006112516109622,0.6982203998307029,True,A,N_299,val
533,299,10117,2022-07-12 00:37:52.446,False,0,0.0138083125,0.0340279590368691,0.0367229014419136,0.088435,0.129723,-0.1812551516763969,0.4527974182276293,2.408170284144948,0.0095026875,0.0457869283716962,0.0467626333672249,0.090132,0.158708,-0.8377613604568617,-0.0334016244953658,1.92743636339291,4.8428780625,80.15160181960229,80.29777544973658,109.672559,219.345118,-1.5343471743601818,-0.0644966600054926,1.365823130039897,-0.4654131529907898,-0.067086852368173,0.1110592782358785,-0.9975290302843216,0.0004573339826194,0.0005823652411952,0.785304393649738,True,A,N_299,val
534,300,10133,2022-07-12 00:37:57.236,False,0,0.018271875,0.0977205451241415,0.0994141154734829,0.213999,0.324942,-0.992545654217822,0.46287060359382,2.1526017606330834,0.0134495625,0.1765104360884112,0.1770221025170656,0.307415,0.568299,-1.3790583594115051,-0.0733441278627224,1.7365910563081466,5.066395374999999,145.31896489600177,145.40725539167985,211.000467,422.000934,-1.432521494749796,-0.0772157159211795,1.4510999910673876,0.7015367316936835,0.0248037136977682,0.0274064471354627,-0.9912127720430428,0.0006836943260203,0.0012174227622976,0.5615915417336037,True,A,N_300,val
535,300,10149,2022-07-12 00:37:58.836,False,0,-0.0169792499999999,0.0607313880074587,0.0630602602268259,0.125612,0.184866,-1.213727142262279,-0.3851236940161942,1.9919359601146165,0.0077245624999999,0.1617802057128624,0.1619645140958737,0.292633,0.5069239999999999,-1.186676381479116,0.1235285376543482,1.806772314500804,6.407499937500001,144.75335138176763,144.89509581660295,211.000467,420.808841,-1.398102633073163,-0.0803289647572292,1.4562291829881395,0.0851263949619171,0.076604152961225,-0.1335754206178281,-0.996501225257297,0.0004352132131969,0.001117805355544,0.3893461514013978,True,A,N_300,val
536,301,10169,2022-07-12 00:38:05.247,False,0,0.0335223125,0.1162195510772169,0.1209575524220687,0.276936,0.444946,-0.4845148527443603,0.2923171882593621,2.289530454730605,0.0220334999999999,0.1806008044815277,0.1819398958492199,0.338922,0.56285,-1.0971628900434949,0.4949775848661276,1.8628239750168745,6.258488562500002,175.76880235327823,175.8801880820939,253.915817,507.831634,-1.4193823872494395,-0.0887563451985902,1.4436862944533706,0.54359503783088,0.1608472019021884,-0.0637762592463346,-0.9931518594554776,0.0006877269904078,0.001034453612048,0.664821488753135,True,A,N_301,val
537,303,10198,2022-07-12 00:38:22.496,False,0,-0.0717514374999999,0.1029533680938661,0.1254896999167162,0.277685,0.351963,-0.6081247177568336,-0.578482942460934,2.212811092737421,-0.0397180625,0.1946944920200199,0.1987044783382787,0.301886,0.5999859999999999,-1.1272368112351543,0.4354680726303769,1.519271244033377,8.642674625,171.7775145214684,171.99479736273102,252.723724,497.102796,-1.4251335972819197,-0.0595403915162985,1.4693684220402,0.4086293936740947,-0.0617969889999304,0.0543090699484499,-0.99777317269458,0.0007296133478506,0.0011552935401831,0.6315393642164416,True,A,N_303,val
538,303,10214,2022-07-12 00:38:24.096,False,0,0.0242766874999999,0.0804834475239464,0.0840651109635412,0.211085,0.3197879999999999,0.0262845873054584,0.5527484101682657,2.5109703369278478,0.0151125625,0.1953345652467097,0.1959183042123361,0.338381,0.579221,-1.4183945060434973,0.3116070300185918,1.727153577407769,8.1211338125,179.80473013903585,179.9880379213353,258.684189,513.792099,-1.44162689890602,-0.0557881215874583,1.4372298958726315,0.6550922631275437,0.3273075716059163,0.0521807000651377,-0.996006236239278,0.0004670594331401,0.0010885073612389,0.4290824754813695,True,A,N_303,val
539,303,10230,2022-07-12 00:38:25.696,False,0,0.0474031875,0.099388654934315,0.1101143356462386,0.266171,0.360591,-0.2217693914262213,0.6286889736410981,2.417223864975405,0.0289975625,0.2042441835961824,0.2062923778616469,0.365141,0.631548,-1.3447369492775334,0.152675950043114,1.7700169234797776,6.1094768125,187.281892114986,187.3815167541658,270.605119,537.633959,-1.4651744140786205,-0.0610003614760185,1.4441398686884308,0.4491160839493747,-0.2384216859841734,-0.0007593624931385,-0.9888965229359556,0.0005876477976784,0.0011009216994026,0.5337780134566507,True,A,N_303,val
540,304,10248,2022-07-12 00:38:29.302,False,0,0.0043274374999999,0.0544665790370213,0.0546382187421268,0.118911,0.191802,-0.922015916880282,0.3828931222341785,2.1763337593639003,0.0057515,0.0621104145433758,0.0623761440536364,0.137095,0.247309,-0.4177701648614946,0.1672462805739002,2.1978755192387958,5.513430375,86.52624306695745,86.7017223230437,121.59349,239.610701,-1.4590626284506891,-0.0826889840571297,1.4024345392696165,0.0498888511639805,-0.0633883776201971,-0.1736142094457262,-0.9956140614297668,0.0006301860825618,0.0007194337365205,0.8759473605028257,True,A,N_304,val
541,304,10264,2022-07-12 00:38:30.902,False,0,0.0063126875,0.0496782034154803,0.0500776788406022,0.114074,0.172263,-0.7840751610878121,0.6197230655963953,2.2779410436154346,0.0011866874999999,0.0493100609051017,0.0493243381474855,0.077093,0.140679,-1.5411001078705828,0.1124525692473944,1.5629809318369945,6.3329943125,84.28392699582498,84.52151895700712,118.017211,232.458142,-1.4807369194660458,-0.0677131411608891,1.3962978003274038,0.305036182897217,-0.1393124009311885,0.1409221619087678,-0.9969236381695166,0.0005924843691708,0.0005835713645015,1.0152732042924548,True,A,N_304,val
542,304,10280,2022-07-12 00:38:32.502,False,0,-0.011919875,0.055150571495084,0.0564240104587577,0.145223,0.208196,-0.0911220813866107,-0.6913373589783404,2.5737801836356278,-0.0019098125,0.0826771740356874,0.0826992290793118,0.14928,0.269663,-1.2323319754202695,-0.0462913437874284,1.805095424249173,6.109476687500001,82.61844931326924,82.84403341414723,115.633024,228.881862,-1.494157341497815,-0.0697639428171726,1.395791817884297,0.3431372677167746,0.2372426689808983,-0.110778444237451,-0.9970280301828842,0.0006810871964271,0.0009982520849255,0.6822797635107921,True,A,N_304,val
543,305,10298,2022-07-12 00:38:37.296,False,0,-0.0166930624999999,0.0789204037626429,0.0806665263023486,0.141013,0.265337,-1.010229643699131,0.0822032406847325,1.7480980831065538,-0.00151025,0.071892893989514,0.0719087551084706,0.113091,0.21846,-1.2671083925879731,0.5285360902782423,1.5727014023453485,-4.693866374999999,91.06594941742011,91.18683855054124,132.322327,259.876282,-1.4508978510321868,0.0290330752324025,1.4511121243298613,0.3497793589794133,0.0072975754442778,0.3207562192599204,-0.9996087841263868,0.0008846290493735,0.000788586996232,1.1217900543635797,True,A,N_305,val
544,305,10314,2022-07-12 00:38:38.896,False,0,-0.00978825,0.0600480652940833,0.0608406113021968,0.107056,0.181686,-1.449934481621312,-0.226631129067106,1.7596141410915511,-0.0121893749999999,0.0662368193641902,0.067349069053514,0.127725,0.217335,-0.6499459871978672,0.8261236304377999,1.896462739499972,-4.54485475,92.3614600984416,92.4732124250835,138.282792,274.181398,-1.417398839545549,0.0632903649493649,1.4953821585037808,0.1736364588086763,-0.13711100410931,-0.1378282615264527,-0.9991298916084234,0.0006579268710004,0.0007283089587492,0.9033623204777228,True,A,N_305,val
545,306,10336,2022-07-12 00:38:45.418,False,0,-0.0045300625,0.0353735484251098,0.0356624367428461,0.070903,0.126862,-0.5581213443975406,0.4355826192825976,1.98817036848227,0.000791375,0.06500362132208,0.06500843837053,0.13674,0.218278,-0.6191063503270948,0.6455015239062886,2.103419239524261,3.4272675625,81.01725427855084,81.08971361264219,109.672559,219.345118,-1.5353129495734086,-0.1001824446365675,1.3524842315252874,0.1371896672008976,0.3494255124989084,0.0170704020255958,-0.9923064295933932,0.0004397898963264,0.0008016853861522,0.5485816555010927,True,A,N_306,val
546,306,10352,2022-07-12 00:38:47.018,False,0,0.00416525,0.0348416239512813,0.0350897145489244,0.089235,0.1629189999999999,1.417814836939696,-0.75203105932943,2.543052890201844,-0.0002829375,0.0609027836263137,0.06090344084748,0.117917,0.217938,-0.5742847824455213,0.5747032326855195,1.936130345989786,1.713633687500001,80.71861758053267,80.73680551351539,109.672559,215.768839,-1.5951312109567342,-0.0356001414886942,1.3583960661118892,0.5343880572180123,-0.2823829206745085,0.0662893633509811,-0.9803601207094444,0.0004346185649251,0.0007543454371288,0.5761532363466839,True,A,N_306,val
547,307,10371,2022-07-12 00:38:53.456,False,0,-0.0080048124999999,0.0733426822680855,0.0737782221623529,0.139859,0.273909,-0.8487041600143952,0.1942773783442434,1.8956677987202355,-0.021159,0.0975261581794853,0.0997950640575474,0.1506,0.271355,-1.5533010615338267,0.0081061249195362,1.5090926732924943,0.6705523750000002,115.6184057738748,115.62035025971846,169.277211,336.170236,-1.4956710930190042,0.0012040219592373,1.4640779985508772,0.157576091568429,0.1500418801913032,0.0371352901225268,-0.9508186112683864,0.0006381075822433,0.0008631271556726,0.7392973075282383,True,A,N_307,val
548,309,10403,2022-07-12 00:39:10.908,False,0,0.0047879375,0.0677105272820157,0.0678795981890914,0.171999,0.275328,0.2139924580561838,0.5057385660103696,2.533883590778844,0.021219125,0.0705932736286494,0.0737133742775013,0.139138,0.232822,-0.9669041298649644,0.07877428102638,1.887554346327996,-3.054738375000001,93.07392698027564,93.1240425994779,134.706513,268.220933,-1.444758773255432,0.0822630322285203,1.4465277627536677,0.0928857201480521,0.3617148448374762,0.10920020031804,-0.9945171377337356,0.0007289159307767,0.0007915611502664,0.9208586481681312,True,A,N_309,val
549,309,10419,2022-07-12 00:39:12.508,False,0,-0.0077468125,0.0772408251656942,0.0776283335914632,0.139694,0.270117,-0.9520609681483272,-0.0235037395462814,1.7995233639198214,-0.0018486249999999,0.0870339444188839,0.0870535748576702,0.15124,0.263157,-1.3640491075854853,0.3204966131522871,1.7373209572067827,-1.8626452500000004,94.69448718441514,94.71280457491856,134.706513,268.220933,-1.477237350462021,0.0594036802670406,1.4222629517157432,0.4331094881153605,0.0514893236856731,-0.0844881644654795,-0.9861625478059528,0.0008196181492023,0.000919132056625,0.8917305661299151,True,A,N_309,val
550,309,10435,2022-07-12 00:39:14.108,False,0,0.0001961875,0.0664323033143691,0.0664325930036416,0.119224,0.211171,-1.1201824681112056,-0.2129651758217813,1.7946612439689722,-0.0062110625,0.060759375264716,0.0610760098560596,0.092907,0.17232,-1.4731201226357469,0.3889102028205287,1.5211700996669184,-1.4156106249999991,96.77657182699431,96.78692477823128,139.474885,277.757677,-1.4891409122459107,0.03146395285731,1.441050899381089,0.2858474508213626,-0.0504526293272688,0.084783551848966,-0.975431245301332,0.0006863798302907,0.0006310357519469,1.087703554312177,True,A,N_309,val
551,310,10453,2022-07-12 00:39:17.687,False,0,-0.0535889375,0.094381698670524,0.1085342308505132,0.21719,0.413679,1.0290368122701563,0.9396434941617432,2.0011198153616707,-0.0381075625,0.1946933884425613,0.1983877562324285,0.321264,0.602302,-1.3070118396185522,0.2302840136016387,1.6193741292361368,-7.078052312500001,182.2618586194184,182.39924323292396,263.452561,524.520936,-1.4167446537456208,0.0893111143213235,1.444373103366284,0.5358090984426497,-0.2407435166914271,-0.0667068573485246,-0.9959518009875994,0.0005950366291372,0.0010876566849517,0.5470812963041727,True,A,N_310,val
552,310,10469,2022-07-12 00:39:19.287,False,0,-0.035646625,0.0688275355071237,0.077510718728928,0.138773,0.235933,-1.0348263434414364,0.2709801516543516,1.7903717353637183,-0.004158375,0.1920003525901303,0.1920453786930969,0.340393,0.606356,-1.3426150302005069,0.2524614411532234,1.7724612917865306,-8.8661919375,180.5543698995798,180.77192771364383,264.644654,528.097215,-1.4065355511271709,0.0780219553322347,1.4639698616215275,0.4964194702858559,0.0408912939179917,0.0352454146669442,-0.9975498876506856,0.0004287763023233,0.0010623628409678,0.4036062687704455,True,A,N_310,val
553,310,10485,2022-07-12 00:39:20.887,False,0,0.076701125,0.0745505922787295,0.1069619249330106,0.25245,0.289213,-0.0311912321593768,0.6748909918279635,2.36018564697772,0.0236003125,0.2152841194830446,0.2165738369510211,0.363996,0.6412100000000001,-1.33306239618922,-0.0361146150373059,1.680701626403372,-9.313226937499998,181.04770409940613,181.28708546296252,271.797212,535.249773,-1.413915252184184,0.0684335418485156,1.4992640612313717,0.4385791657357641,-0.1711229534218084,-0.0063623915699928,-0.998360227533062,0.0005900140358032,0.0011946456991017,0.493882023973193,True,A,N_310,val
554,311,10503,2022-07-12 00:39:25.531,False,0,-0.0018275625,0.0797273405684718,0.0797482841120265,0.130764,0.2467639999999999,-1.378497924398903,0.0740338530813962,1.639709260907847,-0.0036533125,0.0932324050891901,0.0933039551730659,0.188878,0.309944,-0.7223727205236075,0.6732121544733652,2.0243300474203627,-6.1094769375,100.60117121998738,100.78651377680974,150.203723,295.639073,-1.4055971870872903,0.0810369086976153,1.4903156917663003,0.0553750728731329,-0.0379567545508619,-0.0708718277001132,-0.99627241270329,0.0007912594763286,0.0009257583348868,0.8547149364044049,True,A,N_311,val
555,311,10519,2022-07-12 00:39:27.131,False,0,-0.0104006875,0.0854240008067981,0.0860548326028962,0.140818,0.2769399999999999,-1.234246423474473,0.2026644944733135,1.636375270751042,-0.0050241874999999,0.0908060840646283,0.0909449688723213,0.157941,0.271752,-1.2820428937289294,0.4975462507944371,1.7366656117254282,-5.885959312500001,97.82653181763236,98.00344302367463,146.627443,292.062793,-1.4191240593080716,0.0724287263701514,1.4961458340252318,0.0194758805092877,0.0513926283731793,-0.040218671430492,-0.997084428695568,0.0008780796872831,0.0009279772839241,0.9462297218849964,True,A,N_311,val
556,312,10541,2022-07-12 00:39:33.471,False,0,0.01790925,0.0365342755188535,0.0406877687180066,0.075215,0.124795,-0.7793725452798084,-0.4009528566387417,1.848589941642907,-0.0015680625,0.0444324750681705,0.0444601356350551,0.076378,0.142473,-1.330469230350832,-0.2186866248960542,1.7178984928642194,-3.948808125,79.75752631113036,79.85521954686942,109.672559,218.153025,-1.5416926999521328,0.0649276626031837,1.3733924923420928,0.2394475016085531,0.3245778827763246,0.3141574574058258,-0.9974181086546752,0.000509519214259,0.0005567592937235,0.9151517002104212,True,A,N_312,val
557,313,10565,2022-07-12 00:39:41.284,False,0,-0.02906375,0.0665737510017086,0.0726413510784319,0.15425,0.227088,-0.9587788064376276,-0.1659924450378868,2.123446187467714,-0.017151,0.1986142491045771,0.1993533966311459,0.320142,0.63081,-1.1882368126665876,0.2339595437629058,1.605901907918546,3.2782558124999976,187.75772809486645,187.78634513861223,268.220933,532.865587,-1.4896924427624607,-0.0525628476905104,1.4283303336140651,0.488873383585127,-0.2429115573921823,0.0103809349949126,-0.977429736656386,0.0003868297826703,0.0010615968721474,0.3643848176454035,True,A,N_313,val
558,315,10583,2022-07-12 00:39:51.184,False,0,-0.0209814375,0.0551613781972594,0.0590169328598792,0.121136,0.198228,-0.8011170266210668,-0.2448394038295954,2.05256346153411,-0.0074106875,0.0576163878029926,0.05809101851997,0.105151,0.197979,-0.9893993301419736,0.263651275934377,1.8101077013110405,4.246831374999999,80.30935415685202,80.42156391054807,109.672559,219.345118,-1.530558830638327,-0.0874856447739486,1.3637207941142186,-0.1658960472319359,0.1147425198112374,-0.1533252896896725,-0.9958346109335008,0.0007338446305958,0.000722331371031,1.0159390274692974,True,A,N_315,val
559,315,10599,2022-07-12 00:39:52.784,False,0,0.0030236875,0.0585969740246016,0.0586749354574634,0.122029,0.2115119999999999,-0.2520308652486753,0.7263690040632478,2.0797466422177027,0.0008766249999999,0.0540625534137019,0.054069660189426,0.130525,0.202644,-0.0403670489224241,0.8130168960911435,2.4140155411134945,4.842877937500001,79.68371628818403,79.83074663444735,108.480466,216.960932,-1.5303369918009324,-0.0755721739665088,1.3588807642842484,-0.2495785590468566,-0.1340836158598284,0.1528808287134516,-0.9966321608932214,0.000734991690935,0.000677303701505,1.0851730018628458,True,A,N_315,val
560,315,10615,2022-07-12 00:39:54.384,False,0,0.00880675,0.0429284361212064,0.0438224768055731,0.077717,0.149523,-1.002396902348189,-0.1608184081652051,1.7734506505601306,0.002108375,0.0507736454236779,0.0508174016922353,0.112019,0.200839,-0.3369821974287075,0.3612650611809317,2.204343320786432,4.917383812499999,79.40166850801461,79.55379076710345,109.672559,216.960932,-1.543945271164494,-0.0625038678578282,1.3785962672862482,0.318718403657902,-0.1505604528267971,0.1553274458185354,-0.9974976026393964,0.0005508534085303,0.0006387803925146,0.8623517800255631,True,A,N_315,val
561,316,10633,2022-07-12 00:39:57.839,False,0,0.003705125,0.0767336859989429,0.0768230858417572,0.156717,0.306663,-0.2101846092664097,-0.0056073046865212,2.039972728026194,0.0030769999999999,0.1642672395225992,0.1642960556719941,0.250633,0.4567529999999999,-1.4888663361580643,0.2245124762730192,1.5254961476395492,-0.4470348749999981,150.72664437117928,150.72730729226012,216.960933,430.345586,-1.5065428669238543,0.0304617700176941,1.4394268490401207,0.478489221503043,0.0254707747181129,-0.0231004003834044,-0.9697041894338408,0.0005096825998012,0.0010900218322976,0.4675893497719097,True,A,N_316,val
562,316,10649,2022-07-12 00:39:59.439,False,0,0.005850875,0.0639428120441178,0.0642099365392537,0.169984,0.281231,0.835385387150712,0.6901763663719271,2.647316118994804,-0.011902875,0.1641024472569936,0.1645335577595039,0.26946,0.5076499999999999,-1.3992062351793204,0.1258339813481585,1.6377206186343178,-2.6077034375,151.37423592004595,151.39669553063462,216.960933,430.345586,-1.4747247194593582,0.0673210320842274,1.433062539704499,0.6542395536565718,-0.2351317104715519,-0.0601063824456719,-0.9870739305797304,0.0004241171599829,0.0010867711292034,0.3902543494082127,True,A,N_316,val
563,316,10665,2022-07-12 00:40:01.039,False,0,-0.0151399375,0.0670857707551206,0.0687729477724526,0.14013,0.272955,0.2738650756904359,0.6881740127241622,2.037574432081124,-0.0127075625,0.1684341665402868,0.1689128491347313,0.243688,0.474112,-1.4804437800976422,0.0344081804378354,1.4426848001694954,-4.619360562499999,151.33236966228077,151.40285532184518,218.153026,436.306052,-1.4380059177291913,0.0876102461929057,1.4408778852701318,0.4213685749000215,0.0694388772415348,-0.0890368098394951,-0.9947934864791946,0.0004542381160927,0.0011156516749678,0.4071504810009849,True,A,N_316,val
564,317,10683,2022-07-12 00:40:05.260,False,0,-0.0014073749999999,0.1027316846662186,0.1027413243965153,0.220069,0.374533,-0.6269960877890992,-0.4684405621856655,2.141971609696945,-0.0038348125,0.1747409780654708,0.1747830518162087,0.333493,0.583422,-1.0587946980597096,0.5379455357970083,1.90803968997338,6.109476812499997,164.75100692654237,164.86424715574955,246.763258,487.566051,-1.4341976827819998,-0.0739137602039663,1.4967663532705142,0.444801174889568,-0.1054602847690637,-0.0223975020921423,-0.9927011848827508,0.0006231874173389,0.0010601634668011,0.5878220075053496,True,A,N_317,val
565,317,10699,2022-07-12 00:40:06.860,False,0,0.015147,0.0841861104168912,0.0855379026872006,0.144075,0.286227,-0.8788880636144043,-0.2729757408597332,1.684341040332271,0.0016146249999999,0.1612760461560686,0.1612841284120201,0.273786,0.474147,-1.198249857820908,0.5204714366874964,1.6975383920020948,8.121133812500002,162.15380535515865,162.35704298107677,241.994886,481.605586,-1.4098083318519237,-0.0816177228591852,1.490510553510175,0.3937287845269705,0.1835915244804009,0.0616008587169514,-0.996230292771526,0.0005268505826209,0.0009933916351926,0.5303553643461031,True,A,N_317,val
566,318,10725,2022-07-12 00:40:13.200,False,0,-0.008891375,0.0379049836249717,0.0389338455973719,0.073278,0.1204129999999999,-1.2379563471427797,-0.3015827267662618,1.8821156470848663,-0.0131240624999999,0.0610652708854107,0.0624596535758284,0.141398,0.239179,-0.4287167517372161,-0.1920363313758785,2.2638293987387765,-1.4156104375000012,83.0413013031861,83.05336642808223,110.864652,220.537211,-1.5858542583550463,0.0612324234403415,1.3348604249052347,-0.1114638141778672,0.0696150972085782,-0.0019002103922761,-0.9827087752433462,0.0004687810653778,0.0007520424067327,0.6233439247322234,True,A,N_318,val
567,319,10756,2022-07-12 00:40:21.200,False,0,-0.0014479374999999,0.0586189381455225,0.0586368180609461,0.110243,0.205585,-1.0241884390288631,-0.1919085616641733,1.8800986077623656,0.0203849375,0.1058120521830268,0.1077577656786855,0.204575,0.372625,-1.1781631664844223,-0.1276276570700061,1.8984710634220665,-2.831221,111.72961136226267,111.7654770826533,165.700932,326.633492,-1.424447833563929,0.0653697984561882,1.4825770562179956,0.2293012525131511,0.0326303050152139,0.2125362639941014,-0.9901540875841596,0.0005246415940906,0.0009641417769728,0.544153989196386,True,A,N_319,val
568,322,10778,2022-07-12 00:40:39.236,False,0,-0.0038737499999999,0.0972769299818178,0.0973540294273945,0.204761,0.380448,-0.4076781301547489,0.029181394164823,2.10326168525678,0.0024833749999999,0.2171074916610649,0.2171216941872691,0.362432,0.6999409999999999,-1.296352579557304,0.1026252455384399,1.6692574243060192,-4.395843062499999,176.74699907294277,176.80165473637675,259.876282,517.368378,-1.4586723652352458,0.0752296053614698,1.4698747157513494,0.3764026201034922,0.1593329481244145,0.031645822241906,-0.9907670971101816,0.0005506398091836,0.0012280523873547,0.4483846249994068,True,A,N_322,val
569,322,10794,2022-07-12 00:40:40.836,False,0,0.0096151249999999,0.0919797484265388,0.0924809426280625,0.157101,0.298307,-1.1598880190447347,-0.2501507083600744,1.698739173018864,0.0075959999999999,0.202294706920065,0.2024372684657521,0.343801,0.6130310000000001,-1.4159031247714655,0.2527303864788319,1.6983088272511615,-1.7136337500000005,177.7687974277002,177.777056673576,258.684189,512.600006,-1.503244248793412,0.0405815694943115,1.4551044653359348,0.5729561348772126,-0.0618425500036075,-0.0047857131385212,-0.9722503914821964,0.0005202074123539,0.0011387142539852,0.4568375345555914,True,A,N_322,val
570,322,10810,2022-07-12 00:40:42.436,False,0,0.008018625,0.0716392638701667,0.0720866317339768,0.145328,0.271809,-0.3348464874516823,-0.1720269104444256,2.0160187333527757,0.0142701875,0.1882608468535806,0.188800912893218,0.340656,0.571501,-1.2071396335342603,0.2635866387573902,1.804313309611316,1.1175871875,177.23765125903978,177.2411747448732,257.492096,509.023727,-1.512532299667554,-0.0011090312293685,1.452778093863588,0.6212741687939546,0.1994164742090602,0.0447648068939729,-0.953922704277294,0.0004067149286148,0.001065220387785,0.3818129405695596,True,A,N_322,val
571,323,10828,2022-07-12 00:40:45.865,False,0,0.0016425625,0.0535617546283828,0.0535869346990243,0.102242,0.17056,-1.2426915537905463,-0.3018908144930725,1.9079650772012064,0.0013949374999999,0.0622932063425346,0.0623088228669303,0.14903,0.240292,-0.0897325596291196,0.5758837231354643,2.3917961075636995,4.023314,85.19908498467086,85.29402756212045,116.825118,230.073956,-1.5001992880336037,-0.0859791686781619,1.369675243848875,0.2838480957901143,0.1184504292911769,-0.1576770970690184,-0.989140152538416,0.0006282612772623,0.0007305180051622,0.8600216186633334,True,A,N_323,val
572,323,10844,2022-07-12 00:40:47.465,False,0,-0.0134166875,0.0571280250486995,0.0586823546684819,0.094317,0.187113,-1.0058345883250537,0.4401800669403303,1.6072463440301814,-0.005676375,0.0637200515672608,0.0639723862684127,0.155717,0.284252,0.7403850051152006,0.4108851698093402,2.434128365114426,5.215406937500001,82.89534475996243,83.05924784391412,113.248838,225.305583,-1.4803163554003418,-0.0970974611914779,1.3634705459025889,0.2310465972270722,-0.0002232490186565,0.0511672074431377,-0.9928431375385856,0.0007065119922438,0.0007702018490298,0.917307577401676,True,A,N_323,val
573,323,10860,2022-07-12 00:40:49.065,False,0,0.0070064375,0.0637077588494611,0.0640918770521077,0.148881,0.250555,-0.369505263506134,0.1440505682386871,2.322930874359589,0.0049631874999999,0.0694369156791064,0.0696140681844374,0.166432,0.32493,1.1359738960320185,-0.0656539641355383,2.390781121411416,6.631017437500001,80.0135215353265,80.28781987786559,110.864652,221.729304,-1.5014977837965058,-0.0903853250238469,1.3808402341556678,0.2229975360112705,0.1537985924278903,-0.1554314073918747,-0.9949806857649698,0.0007982764652173,0.0008670564014608,0.920674207436075,True,A,N_323,val
574,324,10878,2022-07-12 00:40:53.176,False,0,-0.0160394374999999,0.0750327521519509,0.0767279443932424,0.164068,0.305334,-0.3587802482984732,0.1238864137819815,2.138308295594712,-0.018426375,0.0715094598155333,0.0738453393163712,0.112157,0.201044,-1.4828643880482866,0.3208091907773899,1.5188094609396054,4.321337187499999,93.19209235241772,93.2922292161015,138.282792,272.989305,-1.4193614901231444,-0.0712319615525372,1.4822541294375404,0.1691825962664099,0.1737243060170114,0.0761692371832215,-0.997475484203536,0.0008224473253341,0.0007915486631294,1.0390357076500312,True,A,N_324,val
575,324,10894,2022-07-12 00:40:54.776,False,0,-0.0142101874999999,0.0663906106447089,0.0678943488853269,0.126723,0.24841,-0.8313173771530842,0.3731107801864926,1.8664734558988727,-0.0007579374999999,0.0767822386969056,0.0767859795051316,0.14705,0.2681989999999999,-1.0076744492731846,0.2961155224310828,1.9150631527748176,5.7369478125,93.7018669868777,93.87732658650792,139.474885,275.373491,-1.4204383293738925,-0.0582012209195598,1.4857142834321546,-0.0239615550437552,-0.058678439637354,-0.215761092800716,-0.9977711489923454,0.0007232241410577,0.0008179395632274,0.8842024198022966,True,A,N_324,val
576,325,10922,2022-07-12 00:41:01.166,False,0,-0.0123821249999999,0.074081852124757,0.075109505615135,0.185274,0.332038,1.099502869324457,0.7486167198169708,2.466718406447161,0.0084282499999999,0.1966048915723805,0.1967854638642041,0.339989,0.6324559999999999,-1.2478079238869055,0.0671088656458285,1.7277139953518943,0.5215407500000016,179.30401330816224,179.30477180813548,253.915817,506.639541,-1.5110692483076849,0.0082349651793098,1.416112992640831,0.5654729918477149,-0.1137782275495631,-0.0161005004359369,-0.9586135038119524,0.0004188929544803,0.0010974915049933,0.3816821839389818,True,A,N_325,val
577,326,10952,2022-07-12 00:41:09.181,False,0,-0.007672375,0.0458902338437534,0.0465271845309277,0.071659,0.141337,-1.3077499029652806,0.3126482104059155,1.540153368884089,-0.0022183125,0.0525580205638477,0.0526048138095507,0.092011,0.182039,-0.855158428720384,0.2661947058277804,1.749098482376813,-3.3527616250000003,87.41710456338852,87.4813761937961,119.209304,237.226515,-1.5011468444191385,0.0908011073284531,1.362682083737658,0.4772528177910529,0.1880796717346065,-0.0128666374586157,-0.990018054785752,0.0005318524531193,0.0006013258604096,0.8844662904686571,True,A,N_326,val
578,328,10974,2022-07-12 00:41:19.199,False,0,0.0152910625,0.0777683753948775,0.0792574085113656,0.199778,0.315609,0.7919662813150228,0.9478550629701508,2.520622409340465,0.0076459375,0.17156350734184,0.1717337981053453,0.283657,0.508024,-1.3066679677256174,0.158245498191756,1.6517249553055278,5.3644186875,152.50523133551894,152.59954971281846,222.921398,441.074424,-1.4487504093010226,-0.0641548432479002,1.4608260536778928,0.5461814923220969,0.1046823740398091,-0.0087474612118979,-0.9900205905487937,0.0005193816669873,0.0011253886294457,0.4615131638953645,True,A,N_328,val
579,328,10990,2022-07-12 00:41:20.799,False,0,0.0165489999999999,0.0526870526125726,0.0552249482933212,0.130852,0.19774,-0.3611397444066742,0.4513574046780719,2.369436351574185,0.006807875,0.172433246192503,0.1725675854687084,0.26531,0.4922769999999999,-1.4355180822131053,0.1199117957991292,1.5374266220356223,3.2782558124999968,154.3573486430073,154.39215667018547,225.305584,443.45861,-1.4825883204820949,-0.0404495180570562,1.4593071880024366,0.4303629663623355,-0.0301550499963066,-0.0507271917833496,-0.9761861191668376,0.0003576927059273,0.0011177224879198,0.3200192443055019,True,A,N_328,val
580,328,11006,2022-07-12 00:41:22.399,False,0,-0.0356916875,0.0981309121013345,0.1044201726987534,0.217762,0.425657,0.8523960498945495,0.8327967562343881,2.0854399525677048,-0.0220819375,0.172681314773222,0.1740874735170871,0.288184,0.565642,-0.984673412394284,0.196507152728139,1.655397681279544,1.639128000000003,157.9595668105838,157.9680711016871,228.881863,454.187447,-1.5051214982173973,-0.002457217030227,1.448912184619032,0.4565858021981117,-0.0191634325524864,-0.0126312803233371,-0.957100232543024,0.0006610207491331,0.0011020421551202,0.5998143955400926,True,A,N_328,val
581,329,11024,2022-07-12 00:41:25.865,False,0,-0.0023026249999999,0.0828948027961305,0.0829267774153801,0.167878,0.307117,-0.5615057885582004,-0.3197672800520897,2.0244124423055694,-0.0007240624999999,0.1485802529617701,0.1485820172049346,0.263861,0.430141,-1.3715223936867087,0.4272513965737419,1.7758609350152017,-7.674098874999999,143.94799135201922,144.15240548747107,219.345119,431.537679,-1.398966718905218,0.066932241475752,1.5216195543754854,0.3227026075605869,-0.1032131745750048,-0.0287023662087115,-0.9974516617285284,0.0005752715477411,0.0010307286701355,0.5581212247307272,True,A,N_329,val
582,329,11040,2022-07-12 00:41:27.465,False,0,-0.011917625,0.0688953677360414,0.0699185346036728,0.16932,0.269447,-0.1367249175694578,-0.6478993445166749,2.4216754678823817,-0.007319875,0.1415673815232851,0.1417564957290317,0.238361,0.423102,-1.2287843160760272,0.4576696409382683,1.6814820285599343,-8.642674625,140.5390605330823,140.80455731330218,216.960933,425.577214,-1.423612139410485,0.0443475888487017,1.540865843690296,0.5276587801549569,-0.0930997396288772,-0.0049632620173646,-0.9990396012323008,0.0004965644290056,0.0010067607074223,0.4932298463226862,True,A,N_329,val
583,329,11056,2022-07-12 00:41:29.065,False,0,0.01020575,0.0475669778476886,0.0486495088836978,0.091607,0.17215,-0.7458184431862804,-0.559616727413598,1.8829994814335496,-0.0123214999999999,0.1350278145693508,0.1355888272300671,0.23097,0.4347499999999999,-1.321156939448361,0.2394165859978406,1.7034589406698684,-8.3446511875,139.7071244886202,139.95611396548514,215.76884,425.577214,-1.421353001463778,0.0453473080804796,1.5416892759198155,0.3140117159868562,0.0802568212325504,-0.1336271123218319,-0.9991857315357066,0.0003476054564911,0.0009687953129614,0.3588017528992223,True,A,N_329,val
584,330,11074,2022-07-12 00:41:33.240,False,0,0.0013528124999999,0.0501669581350847,0.050185194930253,0.088059,0.167688,-1.1142202142856843,-0.0637747810520542,1.754680840084084,-0.0011693125,0.0628468595125471,0.0628577365350718,0.148982,0.26402,0.1283104380723081,0.4031325764984532,2.3701457960846986,2.831220875000001,81.88416139794836,81.93309282267022,110.864652,220.537211,-1.5433970716369767,-0.0777055921977997,1.3531120110398744,0.3455790292515508,0.0789502097490034,-0.1197286607238179,-0.9921109908767184,0.0006125143480042,0.0007671837394337,0.7983932877101293,True,A,N_330,val
585,330,11090,2022-07-12 00:41:34.840,False,0,-0.0068043125,0.0340286176837209,0.0347022404184873,0.079833,0.136512,-0.4348841862660082,-0.2782959059779747,2.300514290641289,-0.0096493749999999,0.0701055678119389,0.0707665251098639,0.154568,0.268096,-0.005109983115505,0.8078952988001901,2.184196549993597,4.246831375000001,81.35431115249423,81.46508159834207,110.864652,220.537211,-1.5171488767047712,-0.0897239991433349,1.3608855453752624,0.0604556801610036,-0.0684780760283239,0.0130690626501521,-0.9943558834396212,0.000425976869324,0.0008686731016703,0.4903764931881664,True,A,N_330,val
586,331,11116,2022-07-12 00:41:41.292,False,0,0.02577125,0.1092966311926516,0.1122938596568173,0.174488,0.331583,-1.2517390135562398,-0.3632084459543536,1.5538516579023545,0.0246414375,0.1791613341610602,0.180847958518855,0.309004,0.597295,-1.130712836728526,-0.1487620579114488,1.708639691212127,-4.768371999999999,136.22369008738505,136.30712054971417,197.887444,392.198609,-1.4260024454224005,0.0810003698299335,1.4517762769981348,0.3899088375287115,-0.2279824256364485,0.0032003278700238,-0.9927640583542244,0.0008238297398107,0.0013267682406429,0.6209296503897762,True,A,N_331,val
587,334,11162,2022-07-12 00:42:06.134,False,0,-0.0100731875,0.07858673843294,0.0792296949630471,0.137949,0.272024,-1.178671313413412,-0.059063710590481,1.741127490953229,-0.0148427499999999,0.1942683023396701,0.194834495204263,0.302756,0.591823,-1.284347651764329,0.3323975665484535,1.553913744496799,-9.164215125,183.82200176972577,184.05029522792495,270.605119,537.633959,-1.4101191945780012,0.0740790556364608,1.4702781034112815,0.636777677087833,-0.1010427916710542,-0.0757092753567027,-0.9977249616580612,0.0004304784997216,0.0010585937662473,0.4066512702485426,True,A,N_334,val
588,334,11178,2022-07-12 00:42:07.734,False,0,0.0307921875,0.0687273926422525,0.0753101142638722,0.166148,0.2400759999999999,-0.5694420744368562,0.432597657537461,2.2061844099432526,0.0045918749999999,0.1917997938821477,0.1918547530014568,0.334057,0.618003,-1.1434374490583448,0.1965005795973736,1.7411974150959055,-10.803343187499998,179.69120501339725,180.0156698268061,264.644654,529.289308,-1.422276979415441,0.0574237498077412,1.4701200970705264,0.5334759152387987,0.0373361338169689,-0.055183350754747,-0.9984487662671608,0.0004183531041288,0.0010657669589877,0.3925371307496376,True,A,N_334,val
589,334,11194,2022-07-12 00:42:09.334,False,0,-0.0112716875,0.1128259699031647,0.1133876114206816,0.232999,0.389633,-0.5924913355363532,-0.5939438078887892,2.054889392947398,0.0099301875,0.1949186175376209,0.1951714018153338,0.328108,0.5826830000000001,-1.3823576169404204,0.2619661116819174,1.6811274446368292,-11.026860562499998,173.87837512300678,174.22766998752488,255.10791,500.679075,-1.431122283758543,0.0505448642215719,1.46422155572801,0.5950666497862035,0.1917322815850258,0.0258748341097278,-0.9989720940131048,0.0006508013992771,0.0011202089876384,0.5809642722552462,True,A,N_334,val
590,335,11212,2022-07-12 00:42:13.314,False,0,0.0154200625,0.0702211072892872,0.0718942434165455,0.122502,0.240621,-0.8892337139713917,-0.3231179800112085,1.7039194541660303,0.0003647499999999,0.0576076068669537,0.0576087615862379,0.117889,0.223568,-0.5387982500578792,-0.0719418993471398,2.046372752233618,-4.991889625000001,87.84279795174601,87.98452201392841,125.169769,249.147445,-1.4592253486346365,0.0818668330766637,1.42263396032526,0.549639766660572,0.0604301560397433,-0.2133922775247646,-0.998897991752332,0.0008171237596217,0.0006547601813091,1.2479741177723958,True,A,N_335,val
591,335,11228,2022-07-12 00:42:14.914,False,0,-0.0038534375,0.0541134065158172,0.0542504354389206,0.101362,0.196797,-0.8031975058457017,0.0388770968454594,1.8684089663044483,0.0085945625,0.0580882521373392,0.0587206227907836,0.149514,0.273614,1.1350571665944438,0.2062961822515562,2.546192340852805,-3.427267375,88.32644706635382,88.39291494811755,121.59349,241.994887,-1.4594920503572024,0.1037606986415425,1.375602219605153,0.2155577619123115,0.0770482088265041,0.3083038503953588,-0.996534605803045,0.0006137418985533,0.0006643136819874,0.9238736386058122,True,A,N_335,val
592,336,11257,2022-07-12 00:42:21.316,False,0,-0.0123881874999999,0.0541792713731676,0.0555775191607407,0.119418,0.2154849999999999,-0.3067206041307271,-0.1136596480311475,2.148674532496144,-0.009144125,0.0878938216165355,0.0883682007306644,0.162934,0.285944,-0.8288749228351318,0.5930267066114773,1.843808051457369,4.842878,104.9325198970748,105.04421544889033,156.164188,309.94419,-1.3841528091375166,-0.0836236277374486,1.486651952538808,0.4620974189558615,0.0139214594207785,-0.0335582244961106,-0.9958973093289556,0.0005290869080533,0.0008412476627393,0.6289312071673188,True,A,N_336,val
593,336,11273,2022-07-12 00:42:22.916,False,0,0.0186878124999999,0.0650720837804303,0.0677023664546705,0.114831,0.2238979999999999,-0.9973766502232376,-0.3585295480910614,1.6961150106456613,0.0014553749999999,0.1050077490520789,0.1050178340920007,0.194865,0.340894,-1.0900770049764636,-0.3018674446992889,1.855541981843662,5.364418625000001,106.04101436814146,106.17661567128908,159.740467,319.480934,-1.3772355275226589,-0.079098826756581,1.504478796861812,0.2928697390101827,0.1334023904054158,0.1165583376352049,-0.9973630836081316,0.0006376391451792,0.0009890862825871,0.6446749453560426,True,A,N_336,val
594,337,11291,2022-07-12 00:42:29.388,False,0,-0.019086625,0.0470073809801117,0.0507345357769241,0.114521,0.168403,-0.9116846756967156,-0.1715506289855091,2.257259246512868,0.00519025,0.0448575776924869,0.0451568485558945,0.09854,0.176531,-0.2784147725081531,0.4396545473177633,2.182171766881128,-3.5762791874999995,79.7244246744652,79.80459675044678,109.672559,218.153025,-1.5306600927252525,0.0628771872514033,1.3742636823659662,0.0167620625593706,0.0634925468561884,-0.0146092459832535,-0.9986379796271536,0.0006357345045621,0.0005658427007294,1.1235180797465438,True,A,N_337,val
595,337,11307,2022-07-12 00:42:30.988,False,0,-0.02304775,0.0299044189951501,0.0377554374295941,0.093143,0.133458,0.526787119340435,-0.1428987588934126,2.4670088957038794,-0.0180406249999999,0.0552535008685818,0.0581241215729321,0.110598,0.174239,-1.1189770756406785,-0.258089073023261,1.9027900466629053,-3.20375,81.17370037284469,81.23689830540594,109.672559,218.153025,-1.5171342725322918,0.0789396853850047,1.3500338059152832,0.0807331485828685,-0.1371936413412766,0.1556343103269119,-0.998690462093511,0.0004647572496878,0.0007154891777676,0.6495657294746368,True,A,N_337,val
596,338,11323,2022-07-12 00:42:37.291,False,0,0.019194625,0.0514060998968933,0.0548727686152248,0.121772,0.19858,-0.5735154396502331,0.0049476342627157,2.2191699648669374,0.00598575,0.1291561233573054,0.1292947539684035,0.265873,0.439927,-0.9695811856290768,0.2561437472465117,2.0563324639217213,1.4901163125000003,109.462202536743,109.47234459359916,162.124653,321.86512,-1.4566774012702548,-0.0483796742216854,1.4809644719117434,0.3443352511418411,0.0070138225082266,-0.0702173714895133,-0.9803096890205514,0.0005012477701005,0.0011810723013962,0.4244005803099664,True,A,N_338,val
597,340,11349,2022-07-12 00:42:47.528,False,0,0.009134125,0.0790024078524469,0.079528690961187,0.142936,0.27166,-0.9801788046655712,-0.0203773073933324,1.797288478817764,0.006306875,0.104377925493058,0.104568293485645,0.180453,0.291007,-1.3556107386422125,0.4650365743081304,1.725695179531377,-1.0430813750000008,108.30747082516687,108.31249353282956,156.164188,307.560004,-1.505380669446486,0.0304515150981948,1.4417929354813217,0.1470734530507321,0.0162172211904946,-0.0487204911416106,-0.9538299703437207,0.0007342522396742,0.0009654315035591,0.7605430700856243,True,A,N_340,val
598,340,11365,2022-07-12 00:42:49.128,False,0,0.0052270624999999,0.0880009917454547,0.0881560929860352,0.160318,0.272262,-1.2827394528332463,0.0665824374363045,1.8185697048234184,0.0020520625,0.0981487580419823,0.0981702076278109,0.156441,0.286977,-1.4126725843944246,0.3042574745387542,1.5935690040822672,-2.4586918749999995,105.62767436069387,105.65628593029842,152.587909,305.175818,-1.475433252392217,0.0639972523369355,1.4441914899475303,-0.0047379743525481,-0.0095409148476139,-0.0340217263306597,-0.980270865261408,0.0008343667601962,0.0009291468724593,0.8979923249246681,True,A,N_340,val
599,340,11381,2022-07-12 00:42:50.728,False,0,-0.0103652499999999,0.087727593596955,0.0883378123222156,0.166451,0.299465,-1.2007885256961373,-0.0350438503591846,1.8842554012189408,-0.0109890625,0.0926767417205287,0.0933259768261897,0.191568,0.332662,-0.4747330583815348,0.7809814373818059,2.0526760770666908,-3.3527616249999994,102.34764276072151,102.4025438609332,149.01163,293.254887,-1.439555212503286,0.0787823283601335,1.455155549674272,0.0258662699171095,0.0827161425296064,-0.0951463958314787,-0.991799892496418,0.0008626525181071,0.0009113638519852,0.9465511674925836,True,A,N_340,val
600,341,11399,2022-07-12 00:42:54.375,False,0,0.0037904999999999,0.0511323476590406,0.0512726522365968,0.111951,0.193664,-0.6166665116749406,0.1712293538370387,2.183444684768868,0.015262375,0.0307812070606299,0.0343572815972102,0.067365,0.099603,-1.264295422795975,-0.0772085775269266,1.9607197330032649,-0.9685755625,85.4243199379941,85.42981081267268,114.440931,227.689769,-1.5599868714476894,0.0353933087724321,1.3395901256405895,-0.2278509871399279,0.1141628351869404,0.4177137818223256,-0.978478936206954,0.000600172840708,0.0004021697024771,1.4923372820264147,True,A,N_341,val
601,341,11415,2022-07-12 00:42:55.975,False,0,-0.0026973125,0.0740343602286454,0.0740834798668873,0.140561,0.277985,-0.5227503788252705,0.3246294640748481,1.897332580118523,0.003369875,0.0439678767011709,0.0440968279939158,0.093704,0.1824009999999999,0.0705804009677724,-0.1489332522768291,2.124960099464038,-0.0745058125000013,86.49399896496348,86.49403105456007,118.017211,234.842329,-1.565595233486187,0.0108190082182214,1.3644549752289294,0.36563683389599,0.0110144398187943,0.1234191532389869,-0.960367537567019,0.0008565155186275,0.000509825099562,1.6800183422968389,True,A,N_341,val
602,341,11431,2022-07-12 00:42:57.575,False,0,-0.0052771875,0.0647444960973698,0.0649592062975872,0.106157,0.211092,-1.043129476565527,0.0999355144252108,1.6342102382482917,-0.0130291875,0.0511304958063418,0.0527644513693878,0.121497,0.224034,1.134524433300652,0.8120004914088192,2.3026298359370103,0.8195639375000008,87.326122886585,87.3299686445071,120.401397,238.418608,-1.56307740453924,-0.0229257196570387,1.3786950673269598,0.5892120360470445,0.0847759425721184,-0.0671390449201246,-0.9609117120570037,0.0007438363634597,0.0006041963851398,1.231116871524497,True,A,N_341,val
603,342,11449,2022-07-12 00:43:01.514,False,0,-0.0010910624999999,0.0779492551780233,0.0779568906523823,0.211115,0.367131,1.6669542156181525,0.6785288570786545,2.7080992870968017,-0.011837125,0.2090948993910644,0.2094296886299194,0.330606,0.642652,-1.244113062286777,0.2049382887005427,1.5786014015625538,10.6543315,172.9122980328167,173.24023086656723,253.915817,504.255355,-1.422917274900559,-0.0698316315655078,1.4656862077006267,0.5143747932957745,-0.0132267258914919,0.067856571181332,-0.9985555725632514,0.0004499929967908,0.0012088975383046,0.3722341906841059,True,A,N_342,val
604,342,11465,2022-07-12 00:43:03.114,False,0,-0.0096203125,0.0919003007378911,0.0924024658129451,0.256038,0.447716,1.9985484233001225,-0.6789000605557095,2.770900080938428,-0.0153034375,0.1929696881747133,0.1935755556715839,0.350852,0.6380429999999999,-1.085834977483278,0.4288680165786362,1.812480913629652,8.866192,174.98507097872192,175.20954433480276,255.10791,507.831634,-1.421512542770522,-0.084015431079033,1.456016057621392,0.383087590592249,0.1188782733061563,0.1278165890700965,-0.9971161263861158,0.0005273826044337,0.001104823121403,0.4773457345498372,True,A,N_342,val
605,343,11494,2022-07-12 00:43:09.436,False,0,0.0032141875,0.0880951307474047,0.0881537467308537,0.169044,0.2968079999999999,-0.6260770587475708,-0.3887820432052514,1.9176042569820213,0.0023731875,0.1075474197785671,0.1075736004786374,0.194719,0.310046,-1.0574564962101265,0.6483422088551064,1.810100239590553,-1.2665988749999997,110.34869562689843,110.35596449339756,158.548374,315.904655,-1.488376584708922,0.0375724673668172,1.4366996358360469,0.4818756417286148,-0.0184849492827662,-0.0201666568568648,-0.9659701849889034,0.0007988127070025,0.000974787370782,0.8194737959743179,True,A,N_343,val
606,343,11510,2022-07-12 00:43:11.036,False,0,0.003308625,0.0719776282334266,0.0720536325628347,0.164549,0.253121,-0.7376934448102697,0.5621151538382505,2.2837016559366963,0.0058450624999999,0.0949390475459575,0.0951188073125525,0.18088,0.285149,-1.1032138813698693,0.6122410360218111,1.9016218254886568,-2.9057267499999995,107.36200015157308,107.40131435179012,157.356281,311.136283,-1.4545725921203037,0.0765860376054536,1.4651243511283645,0.08290226617781,0.0241963528406603,0.0113576662993063,-0.9855674137795316,0.000670882223348,0.000885639136603,0.7575119432066938,True,A,N_343,val
607,344,11528,2022-07-12 00:43:17.444,False,0,-0.0052545625,0.0465842358783644,0.0468796486701585,0.098313,0.181697,-0.2239042858375892,0.4975900919520862,2.097136023602104,-0.0108275,0.0432384319225963,0.0445734983075706,0.09589,0.157742,-0.8789412065599169,-0.2532568771599763,2.151278307534446,4.917383750000001,82.0921551692682,82.2393008438178,112.056745,221.729304,-1.5087600278088895,-0.0741470095167753,1.3625692807482528,-0.0923513633794827,-0.176235849630995,0.242023053821658,-0.9965287587367058,0.0005700394846399,0.0005419975346364,1.0517381504739616,True,A,N_344,val
608,347,11566,2022-07-12 00:43:35.064,False,0,-0.033986875,0.0691976184235004,0.0770935669673546,0.148023,0.208094,-1.259614627287719,-0.3022772300968235,1.9200434721444453,-0.006271,0.0792885612856608,0.0795361640497579,0.140781,0.255675,-1.0909775434068243,0.3088973025450253,1.7700250154373458,-5.96046525,101.417275664984,101.5922780003668,154.972095,305.175818,-1.4171970993828005,0.039263617554811,1.5254318344888425,0.1778349327926593,0.0044045689892912,0.0516077873429668,-0.9991430316286056,0.0007588526262505,0.0007828957634897,0.9692894784204688,True,A,N_347,val
609,347,11582,2022-07-12 00:43:36.664,False,0,0.024533,0.0561314385505128,0.0612585217153499,0.135764,0.2081279999999999,-0.8299507399363457,0.2096294044000544,2.2162467555265986,0.0065425625,0.0765708601631266,0.0768498649978482,0.12642,0.227747,-1.360179772180178,0.2197265275524883,1.6450256614444243,-5.513430250000001,101.79217713015504,101.94138138174544,154.972095,306.367911,-1.4191652849995902,0.0422523662454213,1.5202079165443871,0.2160395947355768,0.0855956436293534,0.0177829955724611,-0.999459900537882,0.0006009190859004,0.0007538632884526,0.7971194447389746,True,A,N_347,val
610,347,11598,2022-07-12 00:43:38.264,False,0,0.0007903749999999,0.0522166762525093,0.0522226576449341,0.104074,0.1772699999999999,-0.2806434389691579,-0.633796087112094,1.9928897664995733,-6.22499999999998e-05,0.0921494034479469,0.0921494244739217,0.158322,0.307957,-1.2589855602404392,0.2273817560595453,1.7181008009963767,-4.693866312500001,104.68931320508152,104.7944878336226,157.356281,309.94419,-1.3961770763111914,0.0629699801015189,1.5015702090154526,0.234548637300113,0.0574327324039655,-0.0120374230005892,-0.9983499895076516,0.0004983340128332,0.0008793346518399,0.5667171329942834,True,A,N_347,val
611,348,11616,2022-07-12 00:43:41.601,False,0,0.029895625,0.0708471711748914,0.0768964892412195,0.149666,0.268039,-0.4806581466829014,-0.0511633499822508,1.9463307294889225,0.0228326249999999,0.206494714131765,0.2077532087086743,0.366038,0.701689,-1.0302910477847855,0.0901165219930749,1.7618885516867435,6.3329942500000005,180.1445062943877,180.255790376396,261.068375,517.368378,-1.447163289583387,-0.0749706701218682,1.4483217124668089,0.6959586997717154,-0.1419634378075404,-0.0806815980804551,-0.9924748693232484,0.0004265964997887,0.001152546657585,0.3701338223326748,True,A,N_348,val
612,348,11632,2022-07-12 00:43:43.201,False,0,-0.0082321874999999,0.0996397502551182,0.0999792415551223,0.173849,0.339849,-0.7961772001013268,0.4651807727449235,1.738850958417708,-0.0089506874999999,0.2130962832324037,0.2132841783494207,0.315902,0.581685,-1.5322726434312166,0.2034553086236846,1.4811318985061417,4.321337187499999,182.61647272869303,182.66759446316024,259.876282,518.560471,-1.4857798961844586,-0.0515861621358194,1.4226731499024088,0.603554070432425,-0.0554679064487454,-0.0108632306830641,-0.9800563615002366,0.0005473288343723,0.0011676081845619,0.4687607038123926,True,A,N_348,val
613,348,11648,2022-07-12 00:43:44.801,False,0,-0.0243949374999999,0.103730104408911,0.1065600653918366,0.228182,0.395355,-0.2167084939464505,-0.2669128619056986,2.141346283534475,-0.0211823749999999,0.2034157182391134,0.2045156410580251,0.334737,0.6142799999999999,-1.1672346312404631,0.4520354609040508,1.6367305613805276,2.0861628750000003,184.3270845743893,184.3388895030972,262.260468,524.520936,-1.5111126495565073,-0.0126788521193968,1.42270829940957,0.6167467050641505,0.0292913734399458,0.0025190154771466,-0.9608550836367526,0.0005780661133365,0.0011094546658565,0.5210362632440587,True,A,N_348,val
614,349,11666,2022-07-12 00:43:49.346,False,0,0.00095975,0.0657408500833956,0.0657478554003855,0.108408,0.214213,-1.0076445410179973,-0.1350923918737556,1.6488446556899312,0.0017809374999999,0.0592211092458474,0.0592478819763837,0.114166,0.191042,-1.0829359833783294,0.4947689777439403,1.9269212027782971,-3.650784874999999,94.75496494125764,94.82526884339688,137.090699,270.605119,-1.4412835385998566,0.088467887393661,1.445719064887695,0.4665459250416365,0.0773258823156894,0.0218199551190769,-0.993387701523934,0.0006933579646261,0.0006248111152126,1.1097081145718024,True,A,N_349,val
615,349,11682,2022-07-12 00:43:50.946,False,0,0.0023667499999999,0.0568352547747654,0.0568845118716421,0.098448,0.192199,-0.9779034815347504,0.0145968600498255,1.7306644068976862,0.000314875,0.0509238415576081,0.0509248150242099,0.091675,0.16888,-0.8036769922100726,0.4771662693776319,1.8002029061159512,-4.619360499999999,92.99746448272708,93.11212000403088,133.51442,265.836747,-1.4288709779147122,0.0808698654711524,1.433910214848723,0.5334020574617157,0.0587591743911279,-0.0166242835441273,-0.9959725369150308,0.0006109248921534,0.0005469192949532,1.1170293273446148,True,A,N_349,val
616,350,11707,2022-07-12 00:43:57.268,False,0,-0.0334521875,0.0583259754217822,0.0672381458506813,0.13805,0.197774,-1.0631199054060705,-0.0112795493013625,2.0531500125921607,-0.0115460624999999,0.043420471303103,0.0449293766642438,0.090442,0.131051,-1.1314798786196631,-0.5519357156625342,2.012981410266848,4.768372062499999,80.55784228074205,80.69884339354154,110.864652,219.345118,-1.5121508318953272,-0.0553705892358742,1.3738071989377816,0.2216653520062453,-0.0602195251554658,0.0475188344528871,-0.998680460559685,0.0008331983833124,0.0005567536630622,1.4965296837556956,True,A,N_350,val
617,351,11735,2022-07-12 00:44:05.295,False,0,0.0445514375,0.085900587615837,0.0967664277322589,0.21788,0.381436,0.6238685462325653,-0.197178758625472,2.251607350876356,0.013534875,0.2147476457844983,0.2151737535371124,0.354459,0.650258,-1.3318208322539136,0.2631338577054666,1.6473152239678903,7.003546625000001,185.0932587062254,185.22571118453897,268.220933,534.05768,-1.4141693194779994,-0.0867602950648106,1.4480761406432043,0.6172032043824528,0.248316922816635,0.0144465997610761,-0.9962610375588996,0.0005224243821952,0.0011616840457032,0.4497129698282139,True,A,N_351,val
618,353,11758,2022-07-12 00:44:15.484,False,0,0.0183661875,0.0524296670576625,0.0555534592177885,0.126878,0.2199809999999999,-0.0829557093904611,0.0827270616622333,2.283890180494337,0.014851625,0.0346055013164001,0.0376578210535341,0.110601,0.142813,1.4560885269588546,1.385302964259944,2.9369994573708933,1.862645375,84.97161953977901,84.99203242072733,115.633024,227.689769,-1.5543278262883249,-0.0379360429524938,1.360516047287747,0.3987461504956347,-0.1220388090919493,0.3070259097759155,-0.9799751765480404,0.0006536313773835,0.0004430747210176,1.4752170376192,True,A,N_353,val
619,353,11774,2022-07-12 00:44:17.084,False,0,-0.0104299999999999,0.0900511323221423,0.0906531374663888,0.208248,0.383139,0.5118284948878498,-0.3606937472575403,2.2971957267029097,-0.0059178125,0.0502905852461705,0.0506375697401395,0.096029,0.167813,-0.7233933450177483,-0.1337944894530432,1.8963982768683183,1.2665989375000009,85.85704954574278,85.8663917348843,118.017211,233.650235,-1.5586015225240026,-0.0059086126325219,1.3744284418563035,0.4792179804295623,-0.1401834946604965,-0.0759694415022968,-0.9674658794101368,0.0010557464408925,0.0005897251382879,1.7902347591245005,True,A,N_353,val
620,353,11790,2022-07-12 00:44:18.684,False,0,-0.005890875,0.0853749156038199,0.0855779096649655,0.163993,0.3077419999999999,-0.6794524751357205,0.0383123135251038,1.9163006042333448,-0.01247425,0.0558781092608053,0.0572535589079403,0.105917,0.1982499999999999,-0.9331370839876588,0.1521839403389975,1.8499636008707676,0.3725290624999995,86.93366428581945,86.93446246490495,121.59349,238.418608,-1.5566120421923226,0.0222787168509005,1.3986799544436908,0.6073285799081514,0.0418524305179339,-0.1338589424472115,-0.9662496264489032,0.000984395684272,0.0006585829978652,1.4947177310421638,True,A,N_353,val
621,354,11808,2022-07-12 00:44:22.158,False,0,-0.0179749375,0.0692525934103452,0.071547327498569,0.175033,0.277576,-0.2790752195599681,-0.374972952405598,2.4463946609815803,-0.01667025,0.2117423828114898,0.2123975845289913,0.321522,0.6345339999999999,-1.3619033190392271,0.1844956550318991,1.5137742772028262,11.101366375,173.51441316921327,173.8691804571714,257.492096,513.792099,-1.4159788996437042,-0.0561549173603327,1.4809530666846795,0.4159790811066374,0.1952150006607327,0.111848661418644,-0.9989445119885422,0.0004115009187392,0.0012215942122146,0.3368556551960373,True,A,N_354,val
622,354,11824,2022-07-12 00:44:23.758,False,0,0.0035815,0.0925854596339241,0.0926547056434534,0.179121,0.352644,-0.256701968516595,0.05744643221891,1.9332099622579275,-0.0067936875,0.2167366646052643,0.2168431137344751,0.371879,0.704516,-1.1355639964952118,0.31413601163611,1.7149679950425667,9.387732624999998,175.81143284373292,176.0618909429434,258.684189,512.600006,-1.4029185018560302,-0.0785789735612138,1.4692798516166805,0.6307050630331732,0.0904475926394419,0.0961581474466236,-0.9974224817160906,0.0005262621294546,0.0012316300397156,0.4272891310577164,True,A,N_354,val
623,354,11840,2022-07-12 00:44:25.358,False,0,0.0042669374999999,0.0705245589355835,0.0706535219836032,0.153609,0.294776,-0.0637261377790876,-0.1451890691373193,2.17411667086672,-0.004852125,0.2152458025673424,0.2153004845323739,0.359828,0.714223,-1.342807438069498,0.0838432324727824,1.6712828156496504,7.4505815,177.9104006691556,178.06634109496275,255.10791,510.21582,-1.4264865218630196,-0.0805780805258076,1.4326565505378188,0.5841152998174678,-0.0498000772148405,0.0315701809943397,-0.99478250735689,0.0003967820170232,0.0012091026479707,0.3281623919103595,True,A,N_354,val
624,355,11858,2022-07-12 00:44:29.332,False,0,-0.015901875,0.0716699208279482,0.0734128543240214,0.144568,0.243221,-0.9674440726891196,0.0374304622571881,1.9692464123778903,-0.0136628125,0.0957614085495944,0.0967311729113862,0.181452,0.307197,-1.1188958754844769,0.4452517486062313,1.8758378973262848,-6.109476812500001,109.26434586214378,109.43501717277086,162.124653,321.86512,-1.3883025894301018,0.0879793136564496,1.4814696172071251,0.106724685903214,-0.1265308697719169,-0.2086927583073392,-0.995374460070639,0.0006708351332199,0.0008839142662962,0.7589368774766511,True,A,N_355,val
625,355,11874,2022-07-12 00:44:30.932,False,0,0.0097890625,0.0846881500111355,0.0852520292833988,0.179752,0.303314,-0.5649212856208456,-0.4585781998517853,2.108477669223096,-0.0026375,0.1061536205529514,0.1061863812489624,0.191806,0.317018,-1.1555938009804234,0.5867021974498989,1.8063144985635733,-6.1094768125000005,105.87326095669896,106.04938987343468,159.740467,313.520469,-1.3935104648720966,0.0796303354374268,1.5062836965930992,0.0779889787528443,0.053281359673854,-0.0421908043658507,-0.9965079722806838,0.0008038898609897,0.0010012917695772,0.802852760219022,True,A,N_355,val
626,356,11904,2022-07-12 00:44:37.312,False,0,-0.013664875,0.0349274486379892,0.0375054059720062,0.086432,0.131358,-0.75040711072457,-0.2763669587852551,2.30452111528968,-0.019861625,0.043957431207469,0.0482362924155661,0.074688,0.135229,-1.373390653042501,0.2440445351672743,1.5483777102217289,4.991889499999999,79.6711756843305,79.82740879988317,109.672559,218.153025,-1.5329040806709846,-0.0655075711711408,1.3738709629788273,0.0450875949726535,-0.1406033940431036,0.0259107500881557,-0.9972235898234354,0.0004698311837482,0.0006042572737953,0.7775350072283547,True,A,N_356,val
627,356,11920,2022-07-12 00:44:38.912,False,0,0.012457625,0.0357572446136356,0.0378651946119388,0.057333,0.114464,-0.8802970675617043,-0.5637851191448622,1.5141345657292102,0.0073338125,0.0416927821934126,0.042332881933699,0.078297,0.134116,-1.1781396686740335,0.3165534837425722,1.8495551548469424,4.991889500000001,79.82932114805085,79.98524536274705,108.480466,213.384653,-1.5409773812750345,-0.0551647932997369,1.35625596330951,-0.0183181290263391,0.5812155124525181,-0.1425659124580378,-0.997799121923158,0.0004734022436289,0.0005292586369112,0.8944629536737563,True,A,N_356,val
628,357,11936,2022-07-12 00:44:45.286,False,0,-0.027758625,0.1086894516120785,0.1121781536379744,0.211888,0.418379,-0.3295256486356051,0.5058173830286536,1.8888526252964808,-0.0237353125,0.1837431514362232,0.1852698322965384,0.318445,0.619105,-1.062784680686636,0.1678729620987604,1.7188173382178298,8.791686124999998,162.51472284482125,162.7523544722152,241.994886,479.2214,-1.400435628535315,-0.078567162533436,1.4868902313871777,0.553427170562542,0.0735532500293195,0.0950988747032843,-0.997704459802396,0.0006892567176785,0.0011383542370083,0.605485265720027,True,A,N_357,val
629,359,11963,2022-07-12 00:45:02.356,False,0,-0.044426125,0.1250486443878316,0.1327058553559337,0.230031,0.434229,-0.7840955604665205,0.1167674626108185,1.7333899802915862,-0.0002796249999999,0.172043149920258,0.1720433771600203,0.294566,0.5672090000000001,-1.2765452690216377,-0.2492815412095705,1.7121612285372625,-7.152558250000001,138.74767210718036,138.93190995837236,207.424188,408.887911,-1.4020814281730476,0.0694318716082886,1.492991696883385,0.7553761804941025,-0.0342318968252112,0.021064586476437,-0.998293071825494,0.0009551862879859,0.001238328741119,0.7713511414769652,True,A,N_359,val
630,359,11979,2022-07-12 00:45:03.956,False,0,0.0318138125,0.078929830685409,0.0851001576838286,0.1663,0.25714,-1.0970664830940344,0.1341856375683924,1.9541679419426217,-0.0040836249999999,0.197926529957733,0.1979686522009229,0.308939,0.582343,-1.4660198195214975,0.0543143897268927,1.5605450487507018,-6.2584885,142.73322990793028,142.8703734097966,211.000467,419.616748,-1.4109628001152943,0.0726623350679589,1.4768664906809277,0.4451873933452421,-0.026704257791255,0.0045579181611769,-0.9969824239808892,0.0005956459387121,0.0013856522347924,0.4298668336513123,True,A,N_359,val
631,359,11995,2022-07-12 00:45:05.556,False,0,0.01101475,0.0867890791074113,0.0874852500132165,0.180049,0.3180159999999999,-0.7704671389106093,0.2738750188836624,2.0580497852243638,0.0038281875,0.1533619603459487,0.1534097320924833,0.263243,0.508468,-0.9913177492741808,0.0727305729212041,1.715947198456116,-4.917383812499999,146.54193362834482,146.62441466240764,212.19256,420.808841,-1.4369122399126817,0.0748266680610513,1.447184362089754,0.1729621019704666,-0.107358117637485,-0.009659661459179,-0.9944022926623836,0.0005966622285561,0.0010462768594554,0.5702718388196903,True,A,N_359,val
632,360,12013,2022-07-12 00:45:10.440,False,0,0.0343450624999999,0.0551018764624544,0.0649291930321985,0.107508,0.173194,-1.2332561835103997,-0.2362062099332641,1.655772927082068,0.0200486875,0.0446562719947024,0.0489503064233258,0.098451,0.1565389999999999,-0.7813809961686289,0.0968778671960854,2.011243793830184,-3.7997965000000007,80.38037986994193,80.4701430437251,109.672559,218.153025,-1.526326243603319,0.0692296265288221,1.3628975276011026,0.2772871522991818,-0.1803833569500069,-0.0090708715286368,-0.9975050175796504,0.0008068730907675,0.0006083039568691,1.3264307779952602,True,A,N_360,val
633,360,12029,2022-07-12 00:45:12.040,False,0,-0.01439875,0.0662926473029815,0.0678383305219107,0.119387,0.227259,-0.939946133818137,0.2953602986571564,1.7598752664091564,0.0025454374999999,0.0396753507057101,0.0397569202238742,0.074836,0.138646,-1.1257305081602194,0.0238027746320244,1.882338963345068,-3.5762791874999995,80.63057675990015,80.70984872654077,110.864652,219.345118,-1.5243306216303478,0.0685358905230041,1.3736198710473246,0.1258740048915216,0.1579536171187955,-0.0472077517727033,-0.9987878121475836,0.0008405210961522,0.0004925906918569,1.7063276063615571,True,A,N_360,val
634,360,12045,2022-07-12 00:45:13.640,False,0,-0.0177470625,0.0470488313211241,0.0502846970365985,0.104707,0.167291,-0.5862460164103904,-0.1724009459349181,2.0822836005910803,-0.0232654999999999,0.0383377715885391,0.0448449352839871,0.11121,0.167438,0.4141658542488082,-0.3918050932164947,2.479878704155692,-2.905726749999999,82.02623245107766,82.07768306954023,109.672559,219.345118,-1.513701684983882,0.0825748941091428,1.3362043724733317,0.0494541408311372,0.0194355414044184,0.0920426467830826,-0.9978150079225936,0.0006126476181594,0.0005463718468513,1.121301585522718,True,A,N_360,val
635,361,12063,2022-07-12 00:45:17.244,False,0,0.0245705,0.0896428666298942,0.0929491958430787,0.236876,0.337045,0.2087147655920986,0.8696519274335296,2.5484459316883754,0.0039698749999999,0.1883000599714041,0.1883419031781032,0.307351,0.575554,-1.2173462462438605,0.2546536039827056,1.6318779560667245,-3.5017732499999985,179.4433996245265,179.47756429342903,257.492096,509.023727,-1.476062512078377,0.0618012608979133,1.4346756766713444,0.7658933259476367,0.0334129622132334,-0.0671865185883496,-0.9841834476250478,0.0005178875488365,0.0010493896767519,0.493513096526281,True,A,N_361,val
636,361,12079,2022-07-12 00:45:18.844,False,0,-0.0301945625,0.1024593005471982,0.1068158222043321,0.202654,0.379142,-0.6518995769564846,0.3259544484743493,1.8972282927554984,-0.015805875,0.1839895211628487,0.1846671859921247,0.296645,0.560772,-1.413847435069583,0.0719466917477655,1.606376348923466,-1.2665989375000004,180.9359407333517,180.9403739410623,256.300003,512.600006,-1.511855222202016,0.0298977547307917,1.4164887438747342,0.7304101232388999,-0.0016646483704307,0.0247712152743528,-0.9621572281779366,0.0005903371363603,0.0010205969069803,0.5784234033267144,True,A,N_361,val
637,361,12095,2022-07-12 00:45:20.444,False,0,-0.0091003749999999,0.0861520944245372,0.086631404230077,0.177816,0.313702,-0.5674055031621972,0.5154780076761913,2.0525582100430184,-0.0192550625,0.2074004218924918,0.2082923244698721,0.330214,0.6320140000000001,-1.276261331993349,0.0295102214891206,1.5853392622144502,1.4156104374999998,181.4221178846212,181.42764070188463,255.10791,509.023727,-1.5184429680584577,-0.009087229389238,1.4061138039003889,0.7947514313756712,-0.0205596520474953,0.003783315917757,-0.9529509785906638,0.0004774983783889,0.0011480738197556,0.4159126096007802,True,A,N_361,val
638,362,12113,2022-07-12 00:45:25.336,False,0,0.017133875,0.0782726715853584,0.0801260306618579,0.182045,0.331629,0.0201546086918389,-0.1454869500963376,2.2719832555821102,0.0026026874999999,0.1600845742017007,0.1601057303145721,0.285401,0.47988,-1.3700502789699909,0.443480042020806,1.782578296474777,3.725290812500001,148.00260820460366,148.04948438614406,218.153026,429.153493,-1.4758677621936815,-0.0511076378450669,1.4735142571048152,0.4812998965816066,-0.1453042418790588,-0.025470648237665,-0.9819772445057104,0.0005412111429775,0.0010814338933932,0.5004569824229784,True,A,N_362,val
639,362,12129,2022-07-12 00:45:26.936,False,0,-0.002365375,0.0656760695781528,0.0657186511891791,0.182315,0.287237,1.3718224832974606,-1.0340685809995571,2.774174404084832,0.0122113124999999,0.141161045994778,0.1416882389590346,0.253476,0.4033019999999999,-1.2655517443164648,0.3919900024003414,1.7889699375350825,6.705523375,143.94731663775804,144.10341429315145,218.153026,429.153493,-1.4298749978552132,-0.0739870457844016,1.513864380452558,0.1503021927656526,0.0820065381687244,-0.0881921428475292,-0.9915302234748676,0.0004560520062035,0.0009832399853538,0.4638257322697048,True,A,N_362,val
640,363,12147,2022-07-12 00:45:33.352,False,0,0.0077159999999999,0.0337462708143433,0.0346171554272588,0.089017,0.13985,0.2431995820915986,0.3163807342433247,2.5714706740434417,0.0077281875,0.0588888864888982,0.0593938198294864,0.108317,0.193914,-1.0625190186295548,0.1344785171080717,1.823708263098197,-2.384186124999999,81.62247167747321,81.65728519990459,110.864652,219.345118,-1.5402560580668043,0.0929078795410594,1.3576823149164594,-0.1107025538807691,0.0834265085920134,-0.0820052990279608,-0.994187224693161,0.0004239322351032,0.000727354818178,0.5828410350881822,True,A,N_363,val
641,365,12177,2022-07-12 00:45:50.892,False,0,0.0399558125,0.0390787629493609,0.0558893251541607,0.122737,0.137885,-0.7940233999098205,0.4475842310426678,2.1960723208135358,0.02309075,0.0608854337008245,0.0651169622487106,0.130889,0.19766,-0.9970399977397868,0.1547324921077742,2.010059982529234,1.3411046250000005,82.98743802032955,82.99827366152404,109.672559,219.345118,-1.6109147612059624,-0.0190672331142865,1.32138361632986,-0.36427440789125,0.2853053858833209,0.0464172556685857,-0.9486755731460036,0.0006733793690948,0.0007845580320653,0.8582913456665031,True,A,N_365,val
642,365,12193,2022-07-12 00:45:52.492,False,0,-0.03508925,0.0497365125480014,0.0608685152274967,0.100933,0.167279,-0.737662210887092,0.5522412244612731,1.658213603909375,-0.010964625,0.0598002034234364,0.0607970996913092,0.152363,0.214815,0.1772127370326979,-0.9585531300489858,2.506089941355865,2.607703625000001,82.4132320853866,82.45447799213596,109.672559,218.153025,-1.5821212735911114,-0.0600955006603641,1.3300982756868578,0.0559829083718369,0.0288394283973738,0.0988196976621323,-0.9805203404243756,0.0007382075141304,0.0007373413933577,1.0011746536685144,True,A,N_365,val
643,365,12209,2022-07-12 00:45:54.092,False,0,-0.0086873125,0.0420104718176295,0.0428992906795963,0.088195,0.1578109999999999,-0.7474959053855703,0.0174930026336436,2.055861498007172,-0.0091986875,0.0688084056926538,0.0694205484398351,0.130962,0.2612379999999999,-0.7818001302722353,0.2493403082039307,1.8865019499738045,3.5017733125,81.14059502248494,81.21612264159775,110.864652,218.153025,-1.5416548687697542,-0.0770774539947598,1.3650571880812332,0.2043134577318745,-0.5744616391554113,-0.0305734210262689,-0.9924489498245522,0.0005282115088023,0.0008547631453201,0.6179624281818507,True,A,N_365,val
644,366,12227,2022-07-12 00:45:57.561,False,0,0.024378,0.1143165597234276,0.1168869655308067,0.264054,0.457446,-0.4347609685453446,0.064027740429732,2.259054282065402,0.0066169374999999,0.1719536789525266,0.1720809448114099,0.287903,0.506163,-1.3643760749538736,-0.310793916160729,1.6730672900217043,8.493662750000002,141.12581400079955,141.3811786777116,208.616281,417.232562,-1.3997589883850308,-0.054210027801007,1.475559073358382,0.6916316794938685,-0.0886061780765653,0.0546986028688734,-0.99892010921775,0.0008267505379712,0.0012171418177498,0.679255716888977,True,A,N_366,val
645,366,12243,2022-07-12 00:45:59.161,False,0,-0.0178165625,0.1118495688111764,0.1132596836591136,0.194527,0.338906,-1.1928722934835214,-0.1201322954724823,1.7175308434154095,-0.0063988124999999,0.1926387089337248,0.1927449531921977,0.330225,0.592583,-1.3517988298131045,0.2910902936840143,1.713274430955982,7.450581625000001,145.51746683090226,145.70807911517306,215.76884,426.769307,-1.403797023509585,-0.071482172236642,1.480829623932166,0.4918682635524478,0.0454701301284679,-0.0500632683406484,-0.9973883092721572,0.0007773054476244,0.0013228158271158,0.5876142632184799,True,A,N_366,val
646,366,12259,2022-07-12 00:46:00.761,False,0,-0.0098494375,0.050862124096631,0.0518070177358965,0.101067,0.192301,-0.7405085769675157,0.0586223889626323,1.950836091651184,0.0166531249999999,0.1549334883949702,0.1558259041318227,0.289388,0.486681,-1.3821706967283935,0.2053812211835323,1.857123830677016,6.109476875,149.3800522945756,149.50493547443943,216.960933,430.345586,-1.4231630013043235,-0.0789057017752164,1.4511957903696993,0.1884832225695815,-0.0191185049273234,-0.0598850792954333,-0.993747782993214,0.0003465237958298,0.0010422793310289,0.3324673007645109,True,A,N_366,val
647,367,12277,2022-07-12 00:46:05.548,False,0,-0.0069603125,0.0843194443594705,0.084606232909801,0.135325,0.2664269999999999,-1.1550588564109332,0.353430572273918,1.5994684474874377,-0.00128,0.154673900509669,0.1546791967230079,0.258665,0.4265649999999999,-1.3323476414729445,0.4824091989697044,1.6722675413372152,7.227064125,158.96878469104993,159.13297886364174,239.6107,469.684656,-1.4003059742418111,-0.0904756542254852,1.505726227907279,0.5475818347875734,0.0350105585821451,-0.0077094054120094,-0.9953106881322852,0.0005316700128029,0.0009720121990272,0.5469787450558705,True,A,N_367,val
648,367,12293,2022-07-12 00:46:07.148,False,0,0.0119776875,0.0922663348273076,0.0930405370809546,0.175323,0.332549,-0.571501942215797,-0.1643783174286384,1.8843721833575755,-0.0033895624999999,0.1621864570552088,0.1622218727116121,0.282291,0.519979,-1.2239169846297495,0.3564725698665305,1.7401537491916348,5.438924437500001,159.17676901888947,159.26966344640064,236.034421,472.068842,-1.4358239876929804,-0.0823015257678773,1.481979781287308,0.4962079125151445,-0.0330060199244614,0.0748531037492916,-0.9909107952050096,0.0005841698605225,0.0010185359170185,0.573538793047694,True,A,N_367,val
649,368,12314,2022-07-12 00:46:13.485,False,0,0.0144999375,0.0535928841317445,0.0555197750091127,0.136265,0.221763,0.0960416247555668,0.2368638756139899,2.454350724181323,0.0143084999999999,0.0862271922488781,0.087406303293155,0.223288,0.3830139999999999,0.5150130793803251,0.3670732191546566,2.554598370910467,-1.0430815000000004,82.80743963976866,82.81400895204611,110.864652,219.345118,-1.5728351875770183,0.0602924047948613,1.3387185743440675,0.1193881153942562,0.4352885467333152,0.3072174812058552,-0.9876780408144078,0.0006704152559654,0.0010554531099172,0.6351918902565078,True,A,N_368,val
650,371,12357,2022-07-12 00:46:31.584,False,0,-0.0291529375,0.0441642969326875,0.0529186062594008,0.120274,0.15839,-0.7754975118561838,-0.2633552083750891,2.2728111812021434,-0.0056110625,0.053424987447903,0.0537188356741608,0.135012,0.2243859999999999,0.3451383541662638,-0.5642585323287379,2.513308382537071,0.4470348749999995,83.44531501142134,83.44651243482143,110.864652,218.153025,-1.6207889065946683,0.0100612380097707,1.3285714257572403,0.0820434862759886,-0.1106096847343739,0.0011906098446038,-0.9457002253505408,0.0006341619885041,0.0006437517171987,0.9851033738032982,True,A,N_371,val
651,371,12373,2022-07-12 00:46:33.184,False,0,-0.000280125,0.0551469405371628,0.0551476519955745,0.104549,0.207935,-0.5039335933474973,0.1397648052380029,1.895801475072588,-0.009375625,0.0479139810309514,0.0488226578790524,0.097208,0.158004,-0.2756017572071951,0.9845280628245588,1.9910427703631333,1.4156103750000009,83.44887395984715,83.46088016490278,110.864652,220.537211,-1.609201943707108,-0.0340017770082201,1.328342713148395,0.1763600746260961,-0.2484872554444835,-0.5690033574547019,-0.9631377081598602,0.0006607604890652,0.0005849765516801,1.1295503848272856,True,A,N_371,val
652,371,12389,2022-07-12 00:46:34.784,False,0,0.026331125,0.0423593012363798,0.0498762322654789,0.100672,0.143732,-1.146458010859293,0.1099528109994563,2.018436345876082,0.013465875,0.0497061084335655,0.0514978349557046,0.078304,0.1555619999999999,-0.5725201630661916,-0.6736950873020371,1.5205299420325602,2.831221000000001,82.89105890213547,82.93939629794838,109.672559,219.345118,-1.5785518423096276,-0.0712174804858661,1.3223216456268432,0.0991397952702038,-0.3163320488796682,0.2375584195934258,-0.9845786625944684,0.0006013575513174,0.0006209092090652,0.9685112453441864,True,A,N_371,val
653,372,12407,2022-07-12 00:46:38.256,False,0,-0.0047840625,0.0562600376204868,0.0564630772014995,0.124217,0.237464,-0.032637059365669,0.3459654009051648,2.199968654855761,0.0001303749999999,0.1627253639087477,0.1627254161367393,0.261829,0.473101,-1.4994110932155178,0.1444375722656346,1.6090233856276217,2.9057268749999983,156.6094326484389,156.63638671502233,231.266049,454.187447,-1.5011683417716883,-0.028032290587886,1.476451633302521,0.5656026502565377,0.2512366899103246,-0.0049223423481497,-0.9694631576954204,0.0003604722911811,0.0010388736586014,0.3469837628441105,True,A,N_372,val
654,372,12423,2022-07-12 00:46:39.856,False,0,-0.00581575,0.06958391867154,0.0698265328206262,0.165827,0.303802,0.6495574867901555,0.4466042370310309,2.3748422455112337,0.0143765,0.1710878107869611,0.1716907765493679,0.269334,0.519741,-1.2735265346222102,0.012327004581603,1.5687156026261884,1.0430814374999997,160.04424794233748,160.04764702523323,231.266049,460.147912,-1.5133735030095836,0.0144366506447544,1.444982499264975,0.4316681109681555,-0.0592462217787943,0.0206398857321197,-0.9565758133250056,0.0004362859068438,0.0010727478956457,0.4066993825993231,True,A,N_372,val
655,372,12439,2022-07-12 00:46:41.456,False,0,0.009120875,0.0946213801955423,0.0950599597668492,0.180859,0.3061979999999999,-1.2237777183843184,0.1958990403623723,1.9025781248339209,0.0098422499999999,0.1853385724044984,0.1855997206517294,0.309559,0.557616,-1.318934884969034,0.1479265617820474,1.6678850534526142,-0.7450581874999971,163.19209143260198,163.1937922160322,237.226514,474.453028,-1.5009257972640184,0.0440641241162745,1.4536491295328502,0.613058112961922,0.052385407547905,0.0111750247288062,-0.972070803349032,0.0005824974006426,0.0011372964506274,0.5121772782472315,True,A,N_372,val
656,373,12457,2022-07-12 00:46:45.658,False,0,-0.0031473125,0.0678622024636309,0.0679351462733944,0.168364,0.288622,0.9208886636932694,-0.8368985771061125,2.478304813276551,0.0063658125,0.1579699014461373,0.158098112992178,0.243543,0.461431,-1.489921829546757,0.2980589926047396,1.5404548187874283,-7.450581375,142.6940219910973,142.88840077074576,220.537212,431.537679,-1.397310985107598,0.0820688241238018,1.5434227747697744,0.430965612014093,-0.0689423106859606,0.0143789969101469,-0.9978971568836996,0.0004754419946402,0.0011064446948764,0.4297024486102219,True,A,N_373,val
657,373,12473,2022-07-12 00:46:47.258,False,0,-0.006762,0.1015180253846576,0.1017429807013732,0.232817,0.442732,0.4913443601416718,-0.1510955537730841,2.2882856231954065,0.00455275,0.1619191438664295,0.1619831370328405,0.272141,0.463644,-1.462902004897902,0.2269022531038606,1.680057597259806,-5.5879361875,142.2022086150241,142.31195721311124,213.384653,425.577213,-1.4102646139145487,0.0965357407379643,1.4994147869139192,0.5892870576945789,-0.0561719132215315,-0.0032576247796748,-0.9957424946883636,0.0007149292490511,0.0011382257696749,0.6281084720611737,True,A,N_373,val
658,374,12500,2022-07-12 00:46:53.743,False,0,-0.029736,0.0427983979475283,0.0521146098793323,0.110238,0.185501,0.5494089775018454,0.6110891356860793,2.115299342262147,-0.0093712499999999,0.0734492739791381,0.0740446903877989,0.143865,0.2714109999999999,-0.4444324629009166,0.3815270388465519,1.9429482282460335,-3.501773374999998,79.89410357392622,79.97080844064982,108.480466,216.960932,-1.5202867715920962,0.085492348805448,1.356500804671852,0.1633508709100067,-0.115052242997209,-0.0433802290319712,-0.9958039596768686,0.0006516704144364,0.0009258964843746,0.7038264270724772,True,A,N_374,val
659,375,12530,2022-07-12 00:47:01.644,False,0,-0.0075128749999999,0.0578402862867601,0.0583261691567344,0.123193,0.2107959999999999,-0.7898810518469146,-0.5013369775582233,2.112139401251521,-0.010137625,0.1937272798429776,0.1939923462304634,0.304361,0.595796,-1.23359640528363,0.1951721067883328,1.568933032226015,-8.568168812500002,173.95381425198266,174.1647008139502,255.10791,509.023727,-1.4102800932788642,0.0864790844973962,1.4647509444093187,0.6507091430068951,-0.1649017471727874,-0.0984150913463727,-0.9972366455405,0.0003348908756145,0.0011138442251722,0.3006622183302159,True,A,N_375,val
660,377,12557,2022-07-12 00:47:11.896,False,0,0.0398631875,0.0454557360849799,0.0604590577224579,0.131102,0.184332,-0.3042905190900518,-0.007625302471712,2.168442660847181,0.0096083125,0.0526991502833759,0.0535679018600458,0.094655,0.184195,-0.6736410825728094,-0.3286785545116241,1.7670096590174542,4.8428780625,79.45041705754427,79.59787835455141,109.672559,216.960932,-1.5383185264702377,-0.0589987540097137,1.3778326918650703,0.1381587681880652,-0.1325107368630941,0.1057572049739216,-0.9977033383632682,0.0007595561461218,0.0006729815287467,1.1286433782756005,True,A,N_377,val
661,377,12573,2022-07-12 00:47:13.496,False,0,-0.0043300624999999,0.0386699433951433,0.0389116173325846,0.102753,0.155018,0.3798626794641238,-0.6707193647780524,2.640676667889477,0.0106840625,0.048632434378289,0.0497921968290464,0.097289,0.173194,-0.4570371971124709,0.0974191995012562,1.95390053453609,4.470348812500001,79.73834923194991,79.86356088193054,110.864652,218.153025,-1.5300419233707507,-0.0566922101484583,1.3881756682988524,0.2857976563429523,-0.2794288161356432,-0.1509400208561553,-0.9980223633926104,0.0004872261755284,0.000623465774368,0.781480228040178,True,A,N_377,val
662,377,12589,2022-07-12 00:47:15.096,False,0,-0.0298848749999999,0.024624413586609,0.038722958283814,0.078105,0.078315,-0.8227689002739176,-0.6416440654740063,2.01702048246266,-0.0130018125,0.0582494855752164,0.0596829095978279,0.097624,0.194674,-0.8179951587059824,0.4816861172134841,1.6357111383784295,4.693866312500001,80.0617935500372,80.19927161395171,109.672559,218.153025,-1.524527604549344,-0.065045349345477,1.367500686638668,-0.3132429315236845,0.1305205232218536,0.0671761049997784,-0.9975735265063764,0.0004828342889473,0.0007441826889041,0.6488115030709442,True,A,N_377,val
663,378,12607,2022-07-12 00:47:18.491,False,0,-0.00331075,0.0817834914862865,0.0818504767564001,0.204911,0.368539,0.7725539400062456,-0.2865934062136738,2.50347961453966,-0.003180625,0.0781938633133021,0.0782585243615671,0.125115,0.238737,-1.3227070744253435,0.0463191899151133,1.5987395752818987,0.1490117500000001,106.3637246434416,106.36382902343964,156.164188,309.94419,-1.4845206558172237,0.0150986160537148,1.468207655119164,0.1822711655191213,0.1198815642007008,-0.049427285167386,-0.949052137152009,0.0007695330029756,0.0007357625715441,1.0458985449078697,True,A,N_378,val
664,378,12623,2022-07-12 00:47:20.091,False,0,0.0002606874999999,0.069668782016875,0.0696692697370045,0.12061,0.229551,-1.0798923574178323,0.2167495585957604,1.7311793342357724,0.0014109375,0.0888912872392935,0.0889024841705084,0.142815,0.2815269999999999,-1.3943296259022264,0.1068473199155651,1.6064230525447565,-0.5215407499999998,107.44552234434266,107.446788116735,160.93256,315.904655,-1.4541351194985823,0.0529860510096653,1.497788466465425,0.3737744956222235,-0.1912049429376469,0.0381685505005595,-0.976469492840481,0.0006484071879497,0.0008274094156627,0.783659426247123,True,A,N_378,val
665,378,12639,2022-07-12 00:47:21.691,False,0,0.003521875,0.0574572773076603,0.0575651137332759,0.095781,0.181755,-1.2478079244481777,0.0355766489710386,1.6638723314922073,-0.0092639999999999,0.1046651489614618,0.105074331323711,0.173684,0.311681,-1.5132055861935392,0.0313873396149396,1.652963171994096,-1.1175873125,109.59435609112576,109.60005423552278,162.124653,320.673027,-1.4264042574193212,0.071914432781681,1.4792388026707135,0.0705719810950405,0.2941863403928511,-0.0857996618545904,-0.9893057042735012,0.0005252288799928,0.0009587069281728,0.5478513449296238,True,A,N_378,val
666,379,12657,2022-07-12 00:47:25.788,False,0,0.002420375,0.1186484668789882,0.1186731515881962,0.198965,0.3782689999999999,-1.0557153166762137,0.1342098752910732,1.6765797262250342,-0.001142125,0.1996216985881904,0.1996249658653696,0.343789,0.610658,-1.2126392589719224,0.4005958506989254,1.7221743708743171,11.026860625,175.39953764555685,175.74580922889257,264.644654,522.13675,-1.4255024419883393,-0.046638674146207,1.5058376365340522,0.5529702591914267,0.0202917498382389,0.0502913179074302,-0.999200430860258,0.000675254517356,0.0011358732634436,0.594480510359768,True,A,N_379,val
667,379,12673,2022-07-12 00:47:27.388,False,0,0.0001050625,0.0834042025578363,0.0834042687303084,0.197015,0.389974,1.0665095493305392,0.0623585553715161,2.362169263027258,0.0003115625,0.1974441429971299,0.1974443888163512,0.327473,0.647999,-1.3065707008415086,0.1482832101407286,1.6585581487686245,11.250378,179.19549939647482,179.54831664233137,268.220933,524.520936,-1.430254812698757,-0.0385759259817593,1.493864927368317,0.6247920302585344,-0.0104617832238209,0.0182210048264764,-0.9993222060110096,0.0004645226994606,0.00109967273717,0.4224190377366719,True,A,N_379,val
668,380,12700,2022-07-12 00:47:33.787,False,0,-0.007899125,0.1077501769522183,0.1080393299173962,0.213315,0.360602,-0.7719183954198425,-0.4161274907077267,1.9744198724954556,0.0018632499999999,0.119407257740317,0.1194217940814196,0.195075,0.321468,-1.3069373811477842,0.5653342761320992,1.6334958078673758,3.2037500000000003,108.86028762328836,108.90742047944929,157.356281,312.328376,-1.458825007608495,-0.0788219240782104,1.4448628046395882,0.3062939792055175,0.0691832707637306,-0.0620712810219202,-0.983557484202874,0.000992029096289,0.0010965441432336,0.9046868768671904,True,A,N_380,val
669,383,12743,2022-07-12 00:47:59.731,False,0,-0.0046377499999999,0.0985370561625802,0.0986461360735938,0.207299,0.37795,-0.0373795537869288,-0.4976750509327899,2.101440646852572,0.0051037499999999,0.2002386373912699,0.2003036698824437,0.311148,0.585828,-1.3689870127212511,0.1714340306029248,1.5533814242275723,4.246831312499999,178.64100274059822,178.6914755559516,255.10791,506.639541,-1.4774500790052505,-0.0552002633993037,1.427644543234638,0.5726913330568826,-0.057842609206857,-0.038775071779034,-0.9835979970952932,0.0005520472410151,0.001120946980035,0.4924829192170484,True,A,N_383,val
670,383,12759,2022-07-12 00:48:01.331,False,0,0.0152099375,0.0795573596874204,0.0809982449142418,0.185524,0.322694,-0.2286723222025561,0.2544105080735037,2.290469382348056,-0.0038951249999999,0.1999821962628408,0.2000201260395438,0.328212,0.59507,-1.3849037372636563,0.2700653452178455,1.640894876424149,6.705523437500002,177.51525949046132,177.64186273662153,257.492096,511.407913,-1.4341700701485809,-0.0800201966851052,1.4495012157228244,0.7484953254067008,0.0893271060948155,0.0082345089782077,-0.99384621364871,0.0004559637219878,0.0011259740410181,0.4049504743249113,True,A,N_383,val
671,383,12775,2022-07-12 00:48:02.931,False,0,-0.0135614374999999,0.0613758441560773,0.0628562394113543,0.140054,0.278836,0.7809159929918099,0.4624949709412309,2.2281638435833724,-0.0161985625,0.1794647721089604,0.1801943335823507,0.303768,0.5968519999999999,-1.1350587531515046,0.1841476158765373,1.6857799796527717,8.4191570625,176.7162174352954,176.91665752630996,257.492096,512.600006,-1.408012765900205,-0.0800507814593778,1.45544291645747,0.5377548076450348,0.11641089905714,0.1227368897481357,-0.9975100355771224,0.0003552872877558,0.0010185266673125,0.348824728068535,True,A,N_383,val
672,384,12793,2022-07-12 00:48:06.559,False,0,-0.001272375,0.0736663622641594,0.0736773497580837,0.142208,0.274738,-0.8241129452955693,0.0906174592788567,1.930145430949044,-0.0025894375,0.079988032241524,0.0800299349521008,0.140809,0.2315839999999999,-1.1461046522355418,0.6734230700737822,1.7594541353091977,5.73694775,98.61392736221748,98.78066227398422,146.627443,288.486514,-1.412162376880397,-0.0859680678313718,1.484373961710289,0.1946612947690432,-0.0235160215890818,0.0661267081202182,-0.994513131615428,0.0007458681493117,0.0008101781574426,0.920622387137772,True,A,N_384,val
673,384,12809,2022-07-12 00:48:08.159,False,0,0.0001055625,0.0704757779816661,0.0704758570402836,0.137054,0.228508,-1.0700378734266267,0.4349105571626284,1.9446943358441264,-0.0040938749999999,0.0755388580557012,0.0756497117567211,0.170577,0.265008,-0.1608288548700276,0.8691227302576872,2.254826833293848,6.556511562500001,95.61856935086344,95.84309390130868,139.474885,277.757677,-1.417121356190926,-0.0730503053949981,1.4552418888273757,0.1848877854016675,0.0026452705845485,0.1269886732363742,-0.9967915786851193,0.000735325354927,0.0007893079060513,0.9316077405149156,True,A,N_384,val
674,384,12825,2022-07-12 00:48:09.759,False,0,-0.0059535,0.0765479546281283,0.0767791216412378,0.151739,0.302087,-0.5152697692093726,-0.0445350113501592,1.976305494988906,-0.0047501875,0.0636149754600074,0.0637920793207315,0.112039,0.198784,-0.9225253757737076,0.7513341808404324,1.7563152227205887,6.258488437499999,93.66326267784392,93.8721228745846,137.090699,270.605119,-1.4300885694660397,-0.0672671566975222,1.4603984101132603,0.3209047094367988,0.0387453921366919,0.1310723041740028,-0.997294902423572,0.0008179118495468,0.000679563616623,1.203583931716829,True,A,N_384,val
675,385,12843,2022-07-12 00:48:14.176,False,0,0.0209468125,0.0419056684086692,0.0468492689237249,0.098391,0.184513,0.7487031840412022,-0.6410274137132701,2.100160840507242,0.0142599375,0.0407930559600355,0.0432136463638802,0.075528,0.137908,-0.9422512473749216,-0.2979666730296715,1.7477812301238582,2.3841860625000013,83.17999462033666,83.21415653733357,109.672559,219.345118,-1.5671140683382794,-0.0549026609416857,1.3179555446289482,-0.1803475048593695,-0.0531525599658521,-0.1020024026277918,-0.9896283824789182,0.0005629963803419,0.0005193064276808,1.0841313535365882,True,A,N_385,val
676,385,12859,2022-07-12 00:48:15.776,False,0,-0.034435125,0.0531982441273617,0.0633705847534958,0.146669,0.199897,-0.3438644753299007,-0.4043632513246297,2.3144649930330488,-0.012721125,0.0497546918552348,0.0513551982069488,0.10575,0.20395,-0.1294178414235109,0.2119776132132998,2.0591878464542868,1.2665988749999997,84.28682476171726,84.29634097113934,112.056745,222.921397,-1.5932232198654448,-0.0226606416867135,1.3293192054251208,0.1093231802486388,-0.1829011436323502,-0.3059079655017743,-0.9691891292353356,0.0007517596140405,0.0006092221514636,1.2339663162846333,True,A,N_385,val
677,386,12883,2022-07-12 00:48:22.150,False,0,0.0151358125,0.108817461528021,0.109865066119479,0.24642,0.387521,-0.2183644197629304,0.7910570998291491,2.24293316068291,0.0031509375,0.2208750338402545,0.2208975078652144,0.366498,0.723623,-0.9497499329000592,-0.0395652910425706,1.6591314385657392,10.430813937500002,170.72363251835108,171.04198484483194,252.723724,504.255355,-1.418541392745522,-0.0546116792084385,1.4775537376350558,0.7507468195547513,-0.0239136286922952,0.0194428281419008,-0.9988776493062144,0.0006423280589216,0.0012914812001603,0.4973576532448507,True,A,N_386,val
678,387,12911,2022-07-12 00:48:30.056,False,0,0.0033341874999999,0.0951796840449806,0.0952380651902772,0.16223,0.3193,-1.0947831963990344,-0.1485806397865485,1.7034155374311604,0.003724375,0.0980318114133589,0.0981025331891333,0.209174,0.341972,-0.6989008193024704,0.7076815905861866,2.132197744544785,1.1175870624999995,103.31092980717256,103.31697449337553,149.01163,296.831166,-1.5128930260024651,-0.0039827399290193,1.4422763609822349,0.0805905841722479,0.0601743090534142,0.0108895734016127,-0.9508877715476792,0.0009218046275288,0.0009495296747721,0.9708012840674196,True,A,N_387,val
679,389,12932,2022-07-12 00:48:40.145,False,0,-0.0148180625,0.0855170143242477,0.086791328571393,0.187012,0.313771,-0.630004446883258,-0.2339975934983751,2.154731389394129,0.0033804375,0.2009061103528737,0.2009345478876455,0.326245,0.613541,-1.3771026416341352,0.2090201850824353,1.6236381619273508,-0.5960464375000001,170.37757993397338,170.37862253085964,245.571165,487.566051,-1.5032464123880962,0.0289093373727811,1.441326155548189,0.63564331962213,-0.0210678559613241,0.0530728774088384,-0.9633288385750416,0.0005094026896224,0.0011793413099771,0.4319383076917326,True,A,N_389,val
680,389,12948,2022-07-12 00:48:41.745,False,0,0.0066303125,0.0747713453726749,0.0750647396098028,0.137907,0.251054,-1.1216966677942224,0.0948057924041652,1.8371741608225136,0.0058755,0.2021907877383388,0.2022761383517591,0.317837,0.633955,-1.3164891148627424,-0.0546489191739249,1.5713024906935884,-2.9057268125,170.45157221695715,170.47633771154705,243.186979,485.181865,-1.4737252471992552,0.058941503116643,1.4265145665639671,0.3661542767883993,0.1049173774694561,0.0206919776313244,-0.9841297665672382,0.0004403235112711,0.0011865349823153,0.3711003196989301,True,A,N_389,val
681,389,12964,2022-07-12 00:48:43.345,False,0,0.0080226249999999,0.094350027963612,0.094690497351239,0.242721,0.417051,0.6998501069001115,0.3546322219570043,2.5633089569660394,0.0032159375,0.2077314999721602,0.2077563918022439,0.30229,0.5811740000000001,-1.5278980065534693,0.2198611820260927,1.4550214189690938,-5.2154071250000005,169.05873392648795,169.13916160459868,245.571165,488.758144,-1.4321410949392162,0.0772052501771312,1.45188827158833,0.4498873086057812,-0.077024496487103,-0.0092815530621601,-0.9937278710025592,0.0005598378072406,0.0012283163155787,0.4557765781828343,True,A,N_389,val
682,390,12982,2022-07-12 00:48:46.796,False,0,-0.00068125,0.0900061780563562,0.0900087561844679,0.204316,0.369333,0.3285046336039832,-0.480451180839582,2.2699569315374792,0.002134,0.1566297861647011,0.1566443228144576,0.264509,0.462021,-1.249997512222683,0.4377719598832159,1.688596147294187,-1.117587125,142.89801553208122,142.9023857183249,212.19256,422.000934,-1.4827890095619785,0.0416186757899664,1.4848776592033466,0.5034200730466232,-0.0283418296878069,-0.0150660384631641,-0.9698808026077992,0.0006298618160363,0.0010961631048149,0.5746059261342126,True,A,N_390,val
683,390,12998,2022-07-12 00:48:48.396,False,0,0.0062471249999999,0.0612772974700612,0.0615949166409047,0.146307,0.271298,0.4645084271874178,0.2222231000580824,2.3753096518169268,-0.0052719374999999,0.1472060743602606,0.1473004468885363,0.264691,0.447864,-1.1936199969196744,0.4858444580982063,1.7969463473542229,-3.427267562500001,142.45878064879827,142.5000012171487,212.19256,416.040469,-1.450216956528596,0.0707211606033213,1.489070583772489,0.5634463516886103,0.037061906060008,-0.0551326035183421,-0.9865217824095872,0.000432245025367,0.001033687337757,0.4181583826932595,True,A,N_390,val
684,390,13014,2022-07-12 00:48:49.996,False,0,-0.0019201874999999,0.062110443512161,0.0621401183883045,0.192872,0.291234,3.1685126967569257,-1.5003549821899391,3.1038241477876034,-0.0089058749999999,0.1347975340848614,0.1350914127725186,0.232073,0.373477,-1.1127924182993956,0.6530872002700183,1.7178960174973474,-5.96046525,138.3823115372392,138.5106179770561,209.808374,410.080004,-1.405271805501333,0.0783219938135484,1.5147457795239505,0.4022102416762143,-0.0421991958825019,-0.0985929351328811,-0.9926466473499204,0.0004486307208491,0.0009753144902934,0.4599857023698663,True,A,N_390,val
685,391,13032,2022-07-12 00:48:54.584,False,0,0.000348875,0.0217780287126584,0.0217808229499025,0.045147,0.083049,-0.4527915823138917,0.0249396626213256,2.0727866942328768,-0.0029006875,0.0638704198668275,0.063936253580715,0.134483,0.2205369999999999,0.0171140869575534,0.9408564798145476,2.103391932876151,-3.203750124999998,81.38678391306071,81.44981651651939,109.672559,219.345118,-1.5221553198219566,0.0820227674128725,1.3465046784697985,0.0681633886491737,0.0797973835720023,0.1708384266523151,-0.9961410986580326,0.0002674140210676,0.0007849772573489,0.3406646734845941,True,A,N_391,val
686,391,13048,2022-07-12 00:48:56.184,False,0,0.0123621249999999,0.0285682613245779,0.0311282458488267,0.080705,0.112374,0.0155514187217198,0.3558235392799634,2.5926613530341878,0.0067026874999999,0.0485033750136507,0.0489643074845085,0.117328,0.186137,-0.1567358875283018,0.7348155741951925,2.396194412371104,-3.874302312499999,80.67627775967945,80.7692516466854,110.864652,220.537211,-1.5255646747215978,0.0778434519283226,1.3726096223469175,-0.2315706438623813,-0.1175398235632496,0.0945460451810406,-0.9965954104051435,0.0003853972299383,0.0006062246026333,0.6357334035343027,True,A,N_391,val
687,392,13071,2022-07-12 00:49:02.714,False,0,0.002834375,0.0652683723759783,0.0653298868378784,0.160062,0.280914,0.3537809875487454,0.3524700219186886,2.450057818058177,-0.0131310625,0.1382657937101892,0.1388879206867447,0.237631,0.408298,-1.135762334774734,0.646737035325466,1.7109551271630428,-5.960465374999999,140.64298279150492,140.7692287255213,207.424188,412.46419,-1.4068961186203712,0.0773702485477195,1.4735051820483138,0.2427486953504163,-0.1609824902586865,-0.0744581690576407,-0.997137641670064,0.0004640920990287,0.0009866355164704,0.4703784642670757,True,A,N_392,val
688,395,13111,2022-07-12 00:49:27.367,False,0,0.0064944375,0.070427014570022,0.0707258234288403,0.165943,0.278234,0.0840799251887016,-0.6409392605690594,2.346285867805568,-0.0120593749999999,0.1320516470400289,0.1326011538840254,0.224362,0.406538,-1.2737873479354425,0.4165711692489249,1.6920063923141246,-0.8195639999999997,144.46028078425977,144.46260557465126,214.576746,420.808841,-1.50910075168044,-0.0107115737887039,1.4853445647504755,0.288064842612147,-0.0795078174861414,0.0084278248118313,-0.941677867336666,0.0004895787608668,0.0009178925809662,0.5333726091908519,True,A,N_395,val
689,395,13127,2022-07-12 00:49:28.967,False,0,0.0038895624999999,0.069808430922569,0.0699167056168445,0.124163,0.214418,-0.8368859577160528,-0.6836879299518368,1.775870286000522,5.8749999999999775e-05,0.1373066729029856,0.1373066854717934,0.26126,0.398012,-1.051574739644014,0.743282393250513,1.9027478458335525,-2.3096803124999994,138.7812552916656,138.80047349874715,206.232095,410.080004,-1.4884944567605365,0.0371446700290563,1.4858169414087876,0.3931600053804178,0.0354196784870741,0.044386225152292,-0.9640431871520888,0.0005037209445649,0.0009892378751361,0.5092010296265389,True,A,N_395,val
690,395,13143,2022-07-12 00:49:30.567,False,0,0.0054711875,0.0800169587581429,0.0802037878255291,0.203931,0.361874,1.2399721796421463,-0.4134868301916512,2.5426604594239377,0.0070735,0.128560181774432,0.1287546299754886,0.223873,0.394787,-1.184914658133491,0.2749360913769908,1.7387568900832482,-2.8312209375000004,135.2276227978972,135.25725777039582,201.463723,396.966981,-1.4516272111290378,0.0706711259890233,1.489485490989268,0.4554604278309771,0.1302078617965829,0.0029862263642814,-0.9856041163018998,0.0005929721565232,0.0009519240009586,0.622919640565918,True,A,N_395,val
691,396,13161,2022-07-12 00:49:34.708,False,0,-0.0430426249999999,0.0511235452639913,0.0668302659522614,0.135421,0.166507,-0.9633986105450364,-0.3752881201133166,2.0263423775200087,-0.0098589375,0.0694629242640172,0.0701590799251066,0.145821,0.260569,-0.5843185954334924,0.1332062644840355,2.0784337559110084,2.682209250000001,82.98168521836506,83.0250223013557,109.672559,219.345118,-1.5813555955580043,-0.0641496876107202,1.3209578987154236,-0.1981828018245126,0.4955799179834961,-0.1098902503001719,-0.9876900506525156,0.0008049412586688,0.0008450353638021,0.9525533405455346,True,A,N_396,val
692,396,13177,2022-07-12 00:49:36.308,False,0,0.0600996875,0.050637576934919,0.0785884001328281,0.137103,0.178235,-0.5075322664323707,-0.3495136051375904,1.7445704425624136,0.013830375,0.0670032896299456,0.068415788337744,0.197252,0.291904,1.2867889338954193,1.0477758073929249,2.883135673687453,1.3411047500000008,83.8964586765302,83.90717693030324,110.864652,221.729304,-1.615374366203358,-0.0253486656268045,1.321277345465797,0.0709977306841778,0.336141661937979,-0.1948256800565657,-0.953673607987788,0.0009366111816407,0.0008153746895164,1.14868807394085,True,A,N_396,val
693,397,13205,2022-07-12 00:49:42.699,False,0,0.0266931875,0.0865899963861435,0.0906110022737995,0.204063,0.3423009999999999,-0.3481178583860891,-0.0426458649114817,2.252077505813061,0.0082930625,0.2077913487481097,0.20795677315295,0.341275,0.6634169999999999,-1.325601078427984,0.0322499485230456,1.6410862451159305,4.023313937499999,161.63462554164164,161.68469076887396,238.418607,464.916284,-1.4902327399593536,-0.0395290605851857,1.4745898691225885,0.7974806191944245,-0.0289995342838029,-0.0151449599426546,-0.9775909505925344,0.0005604179458358,0.0012861871594894,0.4357203706327761,True,A,N_397,val
694,397,13221,2022-07-12 00:49:44.299,False,0,-0.0040919375,0.0669576038787499,0.067082521342653,0.167972,0.265019,0.114773382109877,-0.5010175904633567,2.50396074324652,0.0194469375,0.1952146657917473,0.1961809091586449,0.305297,0.5898479999999999,-1.3692162815085274,-0.1118189282290516,1.5562013720362389,1.6391279999999997,164.54548048240153,164.55364440748426,237.226514,470.876749,-1.5123192886582155,0.0051464474700825,1.4416363420828038,0.4660960870903902,0.0248469298281897,-0.0380646629583743,-0.957315802452129,0.0004076635408726,0.0011922003299595,0.3419421473289515,True,A,N_397,val
695,398,13237,2022-07-12 00:49:50.587,False,0,-0.0004882499999999,0.0811923468025928,0.0811938148344749,0.150811,0.276441,-0.994962682469778,-0.2351909686668031,1.857419808484791,0.0051404375,0.1196837783165333,0.119794118761367,0.218262,0.360069,-1.3112338206420318,0.453998547100772,1.8219759221634544,-6.780029124999999,111.5034967197938,111.70943816740336,171.661397,337.362329,-1.404968496639957,0.0499706884587607,1.5366776506632769,0.4823564294956045,-0.1477993354965933,0.0482835992821813,-0.99878194585769,0.0007268303929055,0.0010723724040384,0.6777779716900386,True,A,N_398,val
696,400,13266,2022-07-12 00:50:15.827,False,0,-0.01818,0.0854167969927461,0.0873300727613346,0.20174,0.311012,-0.2832966736857085,-0.7489880301195313,2.310086246593858,0.0082481875,0.2063803115764736,0.2065450691820976,0.347602,0.6327290000000001,-1.2823092781634289,-0.0330409445144292,1.6829353582560789,-8.791686125,171.87747033404824,172.10217474904886,251.531631,503.063262,-1.4068843888384186,0.0760248180349908,1.461525000289923,0.4237738834754868,-0.118811101740457,0.101501250257537,-0.9977774120239126,0.0005074315469207,0.0012001305008682,0.4228136411445449,True,A,N_400,val
697,400,13282,2022-07-12 00:50:17.427,False,0,-0.0001012499999999,0.0931158767930448,0.0931159318403676,0.189483,0.365428,-0.5704871820507784,0.2548829769363246,2.034914930828789,0.01230275,0.200384401964231,0.2007617149959747,0.346659,0.615108,-1.316142176107269,0.2648380604528175,1.7267186625047033,-9.909273375,169.91545604002735,170.20415946771382,252.723724,505.447448,-1.4184531770532316,0.0590977208371708,1.4848269559942182,0.656131125123304,0.0231526123548626,0.0887238602792665,-0.9985491732912856,0.0005470837618279,0.0011795347165652,0.4638131918838939,True,A,N_400,val
698,400,13298,2022-07-12 00:50:19.027,False,0,0.0137830625,0.0962514857940312,0.0972333344560264,0.236508,0.4111249999999999,0.1908540693350446,0.4256506792490542,2.4323757004030364,-0.001517,0.2156610611932529,0.2156663965572754,0.321376,0.6157790000000001,-1.4586412305937309,0.1835250212019646,1.4901533346417772,-10.20729675,169.29136076346006,169.59880228376187,249.147445,492.334424,-1.426738001407409,0.0475712339842766,1.4690401208325896,0.5279127232006039,0.0237586287916445,-0.039897318376288,-0.9991170026252584,0.0005733138037929,0.001271626884466,0.450850647148471,True,A,N_400,val
699,401,13316,2022-07-12 00:50:22.836,False,0,0.0076274999999999,0.0797957062762464,0.0801594254992823,0.154015,0.271605,-1.0502174187286917,-0.3697578794260463,1.921358580612318,-0.0080729375,0.1455267205505009,0.1457504672859147,0.260055,0.427485,-1.0403953866488032,0.6580320989854247,1.7842481389089282,1.3411046249999998,137.27902089933406,137.2855714949499,205.040002,406.503725,-1.5033480769408765,-0.0319855432116484,1.4935291434289033,0.5043931056715739,-0.0245088559195978,0.0275411369999464,-0.955088116976628,0.0005838882019894,0.0010616590345131,0.5499771423856625,True,A,N_401,val
700,401,13332,2022-07-12 00:50:24.436,False,0,0.0011298125,0.0655927893323827,0.0656025189202937,0.12145,0.23499,-0.8277781735973506,-0.1047760643082611,1.8513008646445457,-0.0061990625,0.1300758790372319,0.1302235104855782,0.264051,0.407026,-0.9486863188340487,0.6573090091851184,2.0276753330900465,-0.3725290625000017,135.69043089539804,135.69094227132922,197.887444,394.582795,-1.5006939873174754,0.0209051567145724,1.4583688541590485,0.1438070392819058,-0.0136556384298538,-0.0191291843730727,-0.9568743448993848,0.000483470140469,0.0009597067299096,0.5037686257702214,True,A,N_401,val
701,402,13362,2022-07-12 00:50:30.952,False,0,-0.0124255,0.0471304012886056,0.048740822478442,0.084663,0.167415,-0.749178480505825,0.2725072458586111,1.737003925968756,-0.0058330625,0.0491579431723256,0.049502807951292,0.119927,0.188725,-0.3968559026375864,-0.5368838173000356,2.422630249944638,4.619360500000001,82.24996515454934,82.37958035431804,112.056745,222.921397,-1.5250895130775797,-0.0620401640532494,1.3602490388763724,-0.1091016712701856,-0.0982206586916107,0.5116795576175186,-0.9974995551389524,0.000591661456259,0.0006009111449509,0.9846072272587094,True,A,N_402,val
702,402,13378,2022-07-12 00:50:32.552,False,0,-0.036158875,0.0471527466046186,0.0594209201681108,0.121728,0.142177,-1.155736989970082,-0.5084603008478021,2.048571440085629,-0.0266180624999999,0.0420702641206778,0.0497838163908463,0.11366,0.157311,-0.643821299359939,0.0016882954145706,2.283071251662789,4.9918895625,82.53492380992485,82.685746109679,113.248838,224.11349,-1.5220943271455452,-0.0520100935707986,1.3696295108685408,-0.1217184458686124,0.3568187189463634,-0.4187585045995651,-0.9990601899414832,0.0007186355927573,0.0006020846244141,1.1935790478898771,True,A,N_402,val
703,403,13396,2022-07-12 00:50:38.906,False,0,0.0077565624999999,0.0944075910540095,0.0947256961464918,0.21595,0.350827,0.0340891632273172,0.5408272166219719,2.27974043775869,0.0029643125,0.2042010199202365,0.2042225347141262,0.339068,0.62661,-1.2136029511911253,0.1801425577090043,1.6602869045506288,2.5331977499999985,168.65371621065725,168.6727395950677,240.802793,481.605586,-1.502419083505801,-0.0365246620521407,1.427633140826993,0.4091936832703982,0.0476355924546963,-0.0121920229366338,-0.968027307534063,0.0005615945787914,0.0012107619476887,0.4638356696487501,True,A,N_403,val
704,405,13429,2022-07-12 00:50:56.424,False,0,0.0117033124999999,0.0692823694345455,0.0702638900000384,0.166261,0.263191,-0.3512123106598688,0.4135893526980949,2.3662367682732777,-0.0063213124999999,0.2116798907415152,0.2117742551304631,0.319471,0.631128,-1.304769709591727,0.1945764686767254,1.508545029721344,7.376075812500002,172.7986138111061,172.95596962646744,250.339538,494.71861,-1.4453631074821014,-0.0779422228533415,1.4474177360900446,0.5902355420634808,-0.0660552039649112,0.0572660946934483,-0.995096744486733,0.0004062530489799,0.001224440275683,0.3317867412955955,True,A,N_405,val
705,405,13445,2022-07-12 00:50:58.024,False,0,0.0003266874999999,0.0993955934754647,0.0993961303424962,0.211076,0.376417,-0.3450553248550996,-0.2129276540536957,2.1235836774800045,-0.002916,0.2214575370240308,0.2214767341296823,0.364533,0.696875,-1.2431180293192423,0.3060027784459556,1.645920062134171,5.215406937499998,175.91547081783492,175.99276502908933,251.531631,501.871169,-1.4805108273269385,-0.061990645737775,1.4292157462178918,0.5021868334480873,-0.0843930878743608,0.0106559812672556,-0.9878395464909646,0.0005647739571911,0.0012584422666072,0.4487881344877351,True,A,N_405,val
706,405,13461,2022-07-12 00:50:59.624,False,0,0.0019814375,0.0794968555046116,0.0795215450660228,0.161368,0.298932,-0.5125463958043306,-0.1494919244256246,2.029236226057028,0.0089837499999999,0.2168350410010741,0.2170210652678675,0.358447,0.628267,-1.478737022445467,0.1574769644246194,1.6516691573583953,2.533197625000001,177.55728325148138,177.5753528107268,255.10791,505.447448,-1.515008483720225,-0.0250032963536223,1.4366177848561743,0.6749293760658119,0.0620327102418756,0.0010784423118114,-0.9676885703166987,0.0004478185953586,0.0012221350645389,0.3664231625066902,True,A,N_405,val
707,406,13479,2022-07-12 00:51:03.048,False,0,0.0111669999999999,0.0636633883798215,0.0646353533988946,0.151644,0.257968,0.4477071046222498,-0.6845917555925477,2.346146373860367,0.0073573125,0.1365335791429707,0.1367316652455183,0.265094,0.4458769999999999,-1.0942656842087306,0.4458883640409367,1.938790107792452,-4.470348937500001,132.7321457295274,132.8074038959707,196.695351,388.62233,-1.4128308852384923,0.086320338349743,1.4810571190298496,0.3857014455114954,-0.0507284047356399,0.0553633358310515,-0.9943827138572784,0.0004866848647197,0.0010295485133691,0.4727167864359288,True,A,N_406,test
708,406,13495,2022-07-12 00:51:04.648,False,0,-0.0023922499999999,0.0784801405026297,0.0785165925991124,0.142539,0.2714,-0.9692380936934925,-0.0762528222887052,1.8153997172008105,-0.0012164374999999,0.1284335396562015,0.1284393001725426,0.240367,0.377383,-1.202631457752685,0.6114851847497729,1.8714443295556435,-2.533197624999999,132.6098855570388,132.63407871907668,196.695351,388.62233,-1.452359985264342,0.0796136353427579,1.4829925528913814,0.2407110169988674,0.0697594104015583,-0.0238593624681283,-0.9858896347003796,0.000591979024979,0.0009683732975186,0.611312834106344,True,A,N_406,test
709,406,13511,2022-07-12 00:51:06.248,False,0,-0.0103005624999999,0.0884689003159929,0.0890665364260758,0.170559,0.279938,-1.0902858072885655,-0.2851151546845323,1.9149616325494128,-0.005444875,0.1336621394416136,0.1337729949723597,0.238266,0.402019,-0.9815996750258528,0.7137543097333803,1.781121817966553,0.3725291249999993,130.21244221101463,130.2129751004323,188.3507,376.7014,-1.4952309351387305,0.0401765647130616,1.4464818107007118,0.6461543755423623,-0.0565313039214647,-0.0015731435672552,-0.957431997694323,0.0006840066157568,0.0010273399779797,0.6658035610586339,True,A,N_406,test
710,407,13529,2022-07-12 00:51:10.863,False,0,-0.0019109999999999,0.039374237249755,0.0394205844705529,0.086867,0.154268,-0.2534134245743118,0.4127293650112545,2.203594928048045,-0.0016908125,0.0601703244571387,0.0601940760556011,0.117259,0.218653,-0.6758657838178324,0.3684612907341346,1.948015613557853,5.364418687500001,80.1688105045758,80.34808750414275,110.864652,220.537211,-1.5287526360131884,-0.0678276504828655,1.3798044912305325,-0.3273644166650968,-0.0014106268625862,0.0757500614376327,-0.9973471376306938,0.0004906225610973,0.0007491662580331,0.6548914287535572,True,A,N_407,test
711,407,13545,2022-07-12 00:51:12.463,False,0,0.00989075,0.0549759078000309,0.055858547904506,0.109176,0.175839,-1.1964403499681526,0.047279678420244,1.954508380465666,0.0053950625,0.0580743685775712,0.0583244287161263,0.101666,0.196491,-1.1496724208274274,-0.0285431881297149,1.7431118013143954,5.066395312499999,80.06626552800466,80.22639987599761,110.864652,218.153025,-1.524474324501306,-0.0744614778938286,1.3818973825493674,-0.1358974035680709,-0.0902320990618777,-0.0590959863316525,-0.9974266806176848,0.0006962614300385,0.0007269979558633,0.9577213036475324,True,A,N_407,test
712,408,13567,2022-07-12 00:51:18.948,False,0,0.0111740624999999,0.0725821274716344,0.0734372174109456,0.148562,0.274284,-0.5896837766109551,0.111388569656588,2.0229796993623177,0.0245440625,0.1672552408990032,0.1690465220351708,0.270951,0.503665,-1.4167511784604958,0.1283926736344381,1.6028191336798252,-8.642674437500004,145.81562666283455,146.07153316272058,214.576746,419.616748,-1.4203258765117626,0.0431808152515669,1.468984006356434,0.6952697951023346,0.123865638323444,0.0475622186165353,-0.9992534187491074,0.0005027483166698,0.0011572858747697,0.4344201615438543,True,A,N_408,test
713,410,13605,2022-07-12 00:51:36.856,False,0,-0.009623125,0.0856933702072941,0.0862320023671606,0.169086,0.283945,-0.9876601108852854,0.4346723238675063,1.9608265534651697,-0.0076153124999999,0.1890648200960846,0.1892181259352219,0.286399,0.5697190000000001,-1.3711276245809791,0.172547376534318,1.513591779775092,5.960465187500002,153.33173588898654,153.4475427498965,227.68977,450.611168,-1.4048035952972897,-0.0833232094719866,1.4838280621483173,0.4605214723791122,0.0485213566394364,-0.0507725679794264,-0.9961197886501696,0.000561964048572,0.0012331127794182,0.4557280225715893,True,A,N_410,test
714,410,13621,2022-07-12 00:51:38.456,False,0,-0.0141529999999999,0.0691164757483698,0.070550652930182,0.12687,0.248931,-0.6603081390536629,0.4842940731426115,1.7982824358202958,0.006134,0.1860882332470272,0.1861893028855309,0.317232,0.560727,-1.3471659137965668,-0.2824482884057018,1.7038143173833888,7.376075624999997,154.8122365772753,154.9878546392716,233.650235,462.532098,-1.3908545744660654,-0.0796986296052059,1.5075389974512012,0.5443210598047622,-0.1620570223272415,-0.0331314828027642,-0.9975500399938592,0.000455201171049,0.0012013154406122,0.378918938074313,True,A,N_410,test
715,410,13637,2022-07-12 00:51:40.056,False,0,0.0111065625,0.0868819072304245,0.0875889350007322,0.193258,0.319901,-0.532591474655197,0.539820776979833,2.206420251580686,-0.0065766875,0.1980750428580411,0.1981841956909972,0.350259,0.680368,-1.0206225226251613,0.0664597051962517,1.767340724515254,9.387732562500002,155.25946366657593,155.54301842480052,238.418607,474.453028,-1.3974208145706188,-0.0589393636281607,1.5328145834797906,0.5848195645718682,0.1818080659453899,0.063161950102145,-0.9987006471438202,0.0005631171099015,0.0012741439487161,0.4419572140721969,True,A,N_410,test
716,411,13655,2022-07-12 00:51:43.448,False,0,0.0020390625,0.0748088275719088,0.0748366117522867,0.176924,0.278961,-0.0289189194202705,-0.8901699558141261,2.364136962608998,0.0072400625,0.1713439846315989,0.1714968791973705,0.266092,0.463679,-1.5665847075681263,0.3149096850540429,1.5515850856607298,-4.693866312499997,159.69012228019952,159.7590921820248,237.226514,474.453028,-1.429092638017547,0.0816676218686722,1.4849014898614417,0.3074430435664609,-0.1096967222324346,0.002833440672043,-0.9923588909808382,0.0004684341324812,0.0010734717934048,0.4363730238272124,True,A,N_411,test
717,411,13671,2022-07-12 00:51:45.048,False,0,0.0008328125,0.0880308228762934,0.0880347621848182,0.206647,0.364179,0.3043593148612276,-0.4606875950381827,2.3473341083851613,-0.000255875,0.1692993765891782,0.1692995699507237,0.323403,0.537237,-1.1223668098245403,0.5425502102844664,1.910241119301895,-6.407500187500002,157.64775466141867,157.77791546487,237.226514,466.108377,-1.4016816250180764,0.0874836313578063,1.5035470160766549,0.5480893947224561,0.0937934907403666,0.0100773533501449,-0.9956842783197862,0.0005579663156623,0.001073024506959,0.5199940094971393,True,A,N_411,test
718,411,13687,2022-07-12 00:51:46.648,False,0,0.0043559375,0.0931126314306152,0.0932144641321157,0.19837,0.363975,-0.2139772057986766,0.5158267668525834,2.128103206374109,0.0019914375,0.1634804102579911,0.1634925391613865,0.297824,0.508467,-1.041327988614859,0.427283840585152,1.8216366418164955,-7.8231104375,155.2011561265054,155.39819793009576,233.650235,462.532098,-1.395516391218207,0.0802421968538751,1.503558201524995,0.5066854365666063,0.0182189401262621,0.0301480025895877,-0.9968491932302256,0.0005998426324998,0.0010520877419372,0.5701450635622098,True,A,N_411,test
719,412,13705,2022-07-12 00:51:51.236,False,0,0.018065875,0.0394044941438711,0.043348471694513,0.089288,0.130619,-1.1827630326577805,0.223608891194888,2.059772732686718,0.0060682499999999,0.0495434207368899,0.0499136674306246,0.122407,0.185433,-0.1349061349523954,0.8037769489640023,2.4523743956529405,-4.023314062499999,79.95012030257375,80.05128851206284,109.672559,218.153025,-1.528542381334136,0.0635943745848261,1.3700286533610708,-0.0953801974067393,0.33239024301858,-0.0739010220353618,-0.9975270842244692,0.0005415087314675,0.0006235210995148,0.868468977054499,True,A,N_412,test
720,412,13721,2022-07-12 00:51:52.836,False,0,-0.0212484375,0.0289073165716068,0.0358765807674379,0.074732,0.108037,-0.5988792201589885,0.0557387899657765,2.0830301662366804,-0.0031291875,0.0572095765095525,0.0572950910533572,0.131146,0.214327,-0.547935458528042,-0.3217154912919776,2.288957004673708,-4.097819749999999,80.10005751599002,80.20480871349547,109.672559,218.153025,-1.5252630295928935,0.0693740718569035,1.3674062784909582,-0.1380924707903835,0.0240872463552998,0.0742964231606699,-0.9971199504591508,0.000447312091917,0.0007143597992736,0.6261719827624874,True,A,N_412,test
721,413,13745,2022-07-12 00:51:59.201,False,0,-0.0419031249999999,0.1156516717496309,0.1230088657912509,0.204721,0.4017469999999999,-0.7017682515804369,0.4130616181214065,1.664278413455307,-0.00952025,0.1891559672137321,0.1893953935359173,0.271026,0.537964,-1.493415618200177,0.2630836972149286,1.431006292920224,-3.5762791875,139.83802624332563,139.88374943665175,203.847909,406.503725,-1.4279404485105605,0.0785946533204259,1.457266550410241,0.4783594109981248,-0.1624503033585255,0.1722621368010323,-0.9895913233282014,0.0008793649461545,0.0013539485058032,0.649481824741019,True,A,N_413,test
722,417,13803,2022-07-12 00:52:32.972,False,0,0.0020883749999999,0.051200538943544,0.0512431117151368,0.079271,0.155687,-1.2908902680069896,-0.0710862854209762,1.5469591394190028,0.0075365625,0.121419845420224,0.1216535187990364,0.25091,0.394174,-0.9648946377497918,0.5447930187986283,2.0624968556354446,-6.482005937499999,132.52821157274423,132.68663558792892,201.463723,398.159074,-1.3791436164392372,0.0854730394254263,1.5183422362570478,0.2830281759053289,-0.1844091998497611,0.0280921549866272,-0.9972531726465438,0.0003861964808142,0.0009168483190488,0.421221779863081,True,A,N_417,test
723,417,13819,2022-07-12 00:52:34.572,False,0,-0.0057049375,0.070239950116964,0.0704712487778704,0.10753,0.204507,-1.4547000494645843,-0.3358787889623398,1.525870505558104,0.000689875,0.1277336908375561,0.1277355537918084,0.224162,0.379347,-1.2017286783378531,0.4919900126089421,1.7548912056650527,-5.066395375,134.1154335112043,134.21109442961145,202.655816,401.735353,-1.399188064924418,0.0871463951030247,1.5099781196276971,0.4971985636666968,-0.0175981403357346,0.0279255076613898,-0.9953868237524938,0.0005250776701983,0.000951751077917,0.551696428174797,True,A,N_417,test
724,417,13835,2022-07-12 00:52:36.172,False,0,0.0030015625,0.0559578544620511,0.0560382980954766,0.14101,0.20882,0.3867157201876741,-0.9582341996487972,2.516314820263648,0.0006614999999999,0.1207881904994234,0.1207900018477315,0.189864,0.329472,-1.4752774324849425,0.3834627579651623,1.5718519504564907,-3.576279125,135.12389022683712,135.1712080378593,199.079537,395.774888,-1.4331355905655578,0.0846871075373746,1.4727954265544554,0.3677234981863516,0.0408224551798895,-0.0476096149578627,-0.9915846566608122,0.0004145727400748,0.0008936074745584,0.4639315939916845,True,A,N_417,test
725,418,13853,2022-07-12 00:52:39.609,False,0,-0.0181835,0.0308623856478237,0.0358207554376649,0.081088,0.1346379999999999,0.5677563318642651,0.4359915122512062,2.2637155193756007,-0.0093783125,0.0544450871288203,0.0552469026988165,0.095152,0.190179,-0.8497551174847011,0.2896830495483705,1.7223046967669795,-3.799796499999999,80.11253094867716,80.2025939009716,109.672559,219.345118,-1.5212285990821357,0.0666516677999882,1.3674440397204084,-0.060205249568526,-0.24365136454063,-0.1895907632244763,-0.9984755589327894,0.0004466283906215,0.0006888418442803,0.6483758127210315,True,A,N_418,test
726,418,13869,2022-07-12 00:52:41.209,False,0,0.0013333749999999,0.0441677098297995,0.0441878318148786,0.078096,0.149829,-1.116248970356977,0.2051578180719572,1.767364380474175,-0.0007037499999999,0.0643515202447657,0.0643553682444207,0.121718,0.239645,-0.644176236355543,-0.022531463829462,1.8913418308433383,-3.352761625,80.8156641829864,80.88518150966406,109.672559,219.345118,-1.5133720174400491,0.0804083473078161,1.3559042206871534,-0.2262030297344821,0.060342553678849,0.0618134681682908,-0.9985988786401396,0.0005463031792739,0.0007956385464342,0.6866223132630347,True,A,N_418,test
727,418,13885,2022-07-12 00:52:42.809,False,0,0.0177140625,0.0397640547675736,0.0435312308786749,0.084783,0.151612,-0.2904452135500124,-0.2862351875935769,1.9476361749636055,0.0064680624999999,0.0578812134639434,0.0582414861122421,0.108844,0.188828,-1.0855143157364089,0.3762388646213069,1.868839675385984,-1.862645375,82.03922517031562,82.06036750063184,110.864652,219.345118,-1.5543334650432177,0.0729889229315123,1.351013350009021,0.1911716974191471,0.0610125111221183,-0.0196006333035767,-0.991392478476822,0.0005304781370658,0.0007097395233063,0.7474265130320012,True,A,N_418,test
728,419,13903,2022-07-12 00:52:47.696,False,0,0.0089396875,0.0876433792356264,0.0880981267476074,0.175689,0.297943,-0.9235129617304532,0.2218243931959226,1.9942421761512812,0.006345875,0.1993533157765613,0.1994542921088062,0.34546,0.679504,-1.1325802941430725,0.1169704248741891,1.7320259010096648,-3.501773312499997,161.8249658659076,161.86284933187815,240.802793,478.029307,-1.4361989997566404,0.0832266366424297,1.487696491158796,0.6106829485538842,0.2213104603100386,0.0036099764012802,-0.993321099876802,0.0005442763865287,0.0012322425617249,0.4416958182055473,True,A,N_419,test
729,419,13919,2022-07-12 00:52:49.296,False,0,0.0122788125,0.0873068478057554,0.0881660643909406,0.13287,0.259241,-1.419580573452646,-0.3535042598858615,1.507042430870406,0.01634025,0.1997610219229154,0.2004282157026549,0.31467,0.609,-1.5087355682905237,0.0754665762129715,1.5699885312895678,-6.1839826875,163.59452978799305,163.71136740750123,246.763258,482.797679,-1.406380280409357,0.0932016602681275,1.5073068040887512,0.6330820446654667,0.0189191777999093,0.0583657133086703,-0.9959601635404688,0.0005385457698333,0.0012242779403568,0.4398884861687305,True,A,N_419,test
730,420,13941,2022-07-12 00:52:55.616,False,0,-0.0005376249999999,0.0743924144141012,0.074394357064229,0.14971,0.282242,-0.2351343104710306,0.2468797414893053,2.012383813879144,-0.01764025,0.1798414666315516,0.1807045421129474,0.291638,0.580696,-1.2506419256261885,0.1831004316245038,1.6138941312151125,6.7800291875,172.68472604346908,172.81777514043895,258.684189,509.023727,-1.4242135798541953,-0.0780507490152897,1.4968610074385138,0.5125701358059712,0.0426479068599139,0.0915488575969555,-0.9940777720644788,0.0004304786183236,0.0010456363181744,0.4116905761988517,True,A,N_420,test
731,422,13974,2022-07-12 00:53:13.056,False,0,-5.387499999999664e-05,0.1104565293921521,0.110456542530875,0.237866,0.402848,-0.5880417537068094,-0.143621351519878,2.153480405504375,0.013167375,0.1899261324271475,0.1903820252626938,0.299436,0.5907789999999999,-1.253482246515802,0.0445099487873357,1.57281654918226,6.780029124999999,185.5456138500428,185.66944717407068,267.02884,530.481401,-1.4340226318671088,-0.0978988632713216,1.438194835306707,0.7230222905329149,-0.4450691846276449,-0.117132546356338,-0.9934571654375174,0.0005949096322095,0.0010253815485549,0.5801836721637157,True,A,N_422,test
732,422,13990,2022-07-12 00:53:14.656,False,0,-0.0645743125,0.0849169054007495,0.1066804698981378,0.26525,0.388725,0.6776393411250581,-0.0963428743879627,2.486396997063002,-0.0068518125,0.1806160483505753,0.1807459660858645,0.339719,0.6175269999999999,-1.04952472181721,-0.016434042045954,1.8795384890560392,3.650784812499999,180.4975444075016,180.5344614384888,259.876282,512.600006,-1.4806836950862796,-0.074466283702051,1.4394829659075608,0.5598855960351719,0.1244849441032296,-0.0289218904250303,-0.98206777146754,0.0005909147153851,0.0010011715472253,0.5902232409848561,True,A,N_422,test
733,422,14006,2022-07-12 00:53:16.256,False,0,0.05341725,0.1255582313582526,0.1364487891458733,0.312507,0.4950029999999999,-0.6184416931580285,0.080105224514322,2.290287821212602,0.01983525,0.2000267829668379,0.2010078382716082,0.365705,0.689825,-1.1534604242952882,0.0425802152089432,1.8193569123699929,1.7881395625000005,177.09554171431208,177.10456893649194,251.531631,500.679076,-1.5164959913594755,-0.0273275903906262,1.4202436024685332,0.6307340290084122,0.2250500741191161,-0.0230470018839514,-0.9629177788176484,0.000770441948309,0.0011349669829449,0.6788232255972992,True,A,N_422,test
734,423,14024,2022-07-12 00:53:19.759,False,0,-0.004085875,0.0657260772029213,0.0658529543680463,0.127151,0.2416769999999999,-0.6885249658285915,0.3154615696449289,1.93083212773362,0.004132625,0.0907601364317472,0.0908541741170982,0.166761,0.277962,-1.2260320444251258,0.2861573240972265,1.8354797852773237,6.034971000000001,101.6800756114469,101.8590135987994,150.203723,296.831166,-1.3989368360257837,-0.0833704219470654,1.4746237735191503,-0.0547974481306615,0.189353593617131,-0.0915034794366308,-0.9959972085273288,0.0006465108196259,0.0008919600819516,0.7248203509414022,True,A,N_423,test
735,423,14040,2022-07-12 00:53:21.359,False,0,-0.0001279375,0.0703267168369076,0.0703268332079761,0.125448,0.211841,-1.3204010371230193,0.3616808019458202,1.7837857084935858,0.0057198125,0.095044173889841,0.0952161291244162,0.180362,0.282628,-1.1597770744642026,0.573137816745754,1.8942378949718288,6.7800293125,99.04036968144376,99.27216943391234,149.01163,294.44698,-1.3994189034300506,-0.0757819244417112,1.501041337665138,0.1990840537811495,0.0770168392909537,-0.1230128832807691,-0.9966414565386168,0.0007084244618507,0.0009591422215045,0.7386021029702026,True,A,N_423,test
736,423,14056,2022-07-12 00:53:22.959,False,0,0.0019020624999999,0.0677311941256286,0.0677578962146663,0.116694,0.229233,-0.9319943019672072,-0.1760848168197182,1.7222199406884964,-0.001642625,0.0890724150388849,0.0890875599494677,0.151321,0.274352,-1.368288698536212,0.4526055396039121,1.698564873544998,7.003546437500001,96.96879546953744,97.2213811746943,143.051164,286.102328,-1.4114531434482436,-0.0685804344006266,1.471396129859084,0.0194277232824717,-0.103214362380513,-0.0408611547848349,-0.9969718225132856,0.0006969443901739,0.0009163371150774,0.7605764065499161,True,A,N_423,test
737,424,14073,2022-07-12 00:53:27.876,False,0,0.001089375,0.0608445585178689,0.0608543099469955,0.099971,0.188248,-1.0744906927660722,0.257663104308956,1.6427924347030691,-0.0085891874999999,0.0660238901300305,0.0665802388837145,0.129747,0.241972,-0.872898152594936,0.0966122777880119,1.9487313679755496,5.364418687500001,91.28759392240838,91.44507527470974,134.706513,264.644654,-1.4339948169715966,-0.0686170126548354,1.473086577875613,0.0452842089302027,0.0479905092055376,0.3022201865214899,-0.997414443604628,0.0006654738898096,0.0007280899346815,0.9139995735563574,True,A,N_424,test
738,424,14089,2022-07-12 00:53:29.476,False,0,-0.01092125,0.0680866796632241,0.068957013052517,0.14048,0.255256,-0.8399695304200825,-0.0553400203491664,2.037211210018795,-0.006415,0.0717724517459519,0.0720585668371568,0.13204,0.234921,-1.1449174257444037,-0.2018201709505073,1.8323983642138415,5.140901124999999,91.89630072238263,92.03998560862344,138.282792,274.181398,-1.4319769138891345,-0.0571506070907062,1.5024208346578007,-0.2286147490313943,-0.0813719915646687,0.0381711515083408,-0.9982621135800196,0.0007492071255393,0.0007829050206892,0.9569578757838888,True,A,N_424,test
739,425,14109,2022-07-12 00:53:35.908,False,0,-0.0150859374999999,0.073574611054416,0.0751053187335124,0.204168,0.321831,0.96373550330754,-0.7158450725954117,2.718422655583498,0.0079113124999999,0.1899618253290377,0.1901264945971826,0.307197,0.585726,-1.2683110064246992,-0.0331352153351507,1.6157506119852074,-0.2980232499999982,180.55118782827063,180.55143379119704,258.684189,509.023727,-1.516772535574238,0.0190870448380244,1.4327451384249954,0.3626634294150553,0.3252959910715272,-0.0007471842644982,-0.9617612819807132,0.0004159774151689,0.0010530323166364,0.3950281568733315,True,A,N_425,test
740,427,14144,2022-07-12 00:53:53.254,False,0,0.0105482499999999,0.0893274656925992,0.08994810562277,0.18597,0.334638,-0.0652365399714969,0.2854621588309498,2.0675254771893976,0.005131,0.1862186972909809,0.1862893727021216,0.317693,0.561567,-1.342344388045789,0.3391254609693537,1.705373717200679,-3.203750125,173.7778291996015,173.80735869401303,247.955351,494.718609,-1.4776462700867976,0.0506245513970888,1.4266102014502398,0.7153476632274447,-0.0534036010174032,-0.0368458056197873,-0.980587588066762,0.000517516095398,0.0010718152217598,0.4828407778612141,True,A,N_427,test
741,427,14160,2022-07-12 00:53:54.854,False,0,0.012144875,0.065325990256439,0.0664453383748626,0.136821,0.248352,-0.5189626075463663,0.1566445110294265,2.05915122635242,0.008704375,0.1812909129282529,0.1814997555218739,0.2821,0.554028,-1.425499111400657,0.0266189619276705,1.5542720660359346,-0.9685754999999991,176.94111417543598,176.9437651462856,252.723724,504.255355,-1.5065032821537891,0.0169348630865024,1.428271427315139,0.4921893321777049,0.0939841850605024,-0.0082152045650352,-0.9596977527185946,0.0003755166977481,0.0010257482391189,0.3660905117134158,True,A,N_427,test
742,427,14176,2022-07-12 00:53:56.454,False,0,-0.013358875,0.0867076831860036,0.0877307350063248,0.232575,0.400237,2.0130412278521828,1.057490334328588,2.6510093638590018,0.003675625,0.1797431130098852,0.1797806911034246,0.304466,0.604062,-0.9347580864761422,0.0286981303483803,1.693541159127295,1.5646221875000013,178.45981078469492,178.46666945931034,253.915817,505.447448,-1.506495704082905,-0.0177740256904104,1.4227632407175714,0.5899222174355588,0.1382238446129813,0.0082494393520243,-0.963413033507016,0.0004915805022423,0.001007362840625,0.4879875278477761,True,A,N_427,test
743,428,14194,2022-07-12 00:54:00.003,False,0,0.0021643124999999,0.0895495003913469,0.089575651094131,0.157421,0.296423,-1.1021914710014609,-0.103438106884579,1.757408381375574,0.006592875,0.1256657227995541,0.1258385469063434,0.226574,0.375737,-1.2426271323798652,0.558301323409348,1.800513479932583,-0.4470349375000002,127.35735513943762,127.35813970197658,184.774421,365.972562,-1.4967548357570344,0.0325587725102423,1.4508253766298718,0.3920552967553748,0.0237054215192454,0.0344532556321209,-0.9619927563726696,0.0007033366795694,0.0009880683496226,0.7118299860916114,True,A,N_428,test
744,428,14210,2022-07-12 00:54:01.603,False,0,-0.0040395,0.0573930108332016,0.0575349915507945,0.119951,0.231312,-0.3617527832567089,0.378890008242035,2.0848356237977668,0.0034934374999999,0.1222510507976152,0.1223009547251676,0.232114,0.3969899999999999,-1.1275124058155148,0.5192651632107118,1.8978919708484872,2.309680249999998,125.01460731035972,125.03594148812046,183.582328,358.820004,-1.5017997403603858,-0.0155112312879005,1.4682364591739565,0.5095497994705658,-0.0497195859612193,0.0491918317197779,-0.9492804743314855,0.000460147625283,0.0009781263952556,0.4704377956826754,True,A,N_428,test
745,428,14226,2022-07-12 00:54:03.203,False,0,-0.0011479375,0.0809575044687556,0.0809656426536126,0.145659,0.282333,-0.5942861712956597,-0.1882487765284309,1.7990223411572064,0.0036580625,0.1158756648435451,0.115933390894028,0.20691,0.339996,-1.2761874415868215,0.4779341736005633,1.784731718829233,4.395843125,120.71503292014069,120.79504381260956,178.813955,354.051631,-1.4701106994424318,-0.0574700027245274,1.4803087060210491,0.155353241403775,0.0227597774683769,-0.0170587194125441,-0.9762884063139068,0.000670272886189,0.000959752877559,0.6983806997211135,True,A,N_428,test
746,429,14244,2022-07-12 00:54:07.775,False,0,0.0466418125,0.039472791677019,0.0611028637304545,0.142698,0.1492379999999999,-0.1010466795062505,0.7339958777954515,2.3353733571226583,0.011941,0.0593960917601065,0.0605845128508515,0.152934,0.2648939999999999,0.7439238035951989,0.1488931076765714,2.5243084874924486,-4.097819749999999,81.23522414187053,81.33851343664595,110.864652,221.729304,-1.5322516190343811,0.0684331885654832,1.3630031742140427,-0.104006451321535,0.4657128296161971,-0.3725663318702771,-0.9973643494768304,0.0007512168731488,0.0007448441124761,1.0085558314363123,True,A,N_429,test
747,429,14260,2022-07-12 00:54:09.375,False,0,-0.0242152499999999,0.0560158330680933,0.061025829669698,0.126771,0.198114,-1.065677577272824,-0.0304092303561413,2.0773334944587774,0.0018230624999999,0.0573787170130057,0.0574076712899722,0.121633,0.213486,-0.2145663187144135,0.5701684788099171,2.118758647875105,-4.544854625,80.50955749165186,80.63773651996924,109.672559,216.960932,-1.5396460215062255,0.0678407968490208,1.3600649489068997,-0.0725344754226465,-0.2522884806446382,-0.0331128159925653,-0.9972116255652446,0.0007567899634011,0.0007119206685043,1.06302569497115,True,A,N_429,test
748,430,14283,2022-07-12 00:54:15.782,False,0,-0.0042565,0.0640018876127884,0.0641432725252617,0.121849,0.223886,-0.7257048431435562,-0.1807322019031139,1.8996380322193849,0.0048206249999999,0.2183493211873679,0.2184025285759645,0.35033,0.688519,-1.3544557956399423,-0.0035248292979546,1.60405652024376,-4.768372187499999,165.375789052077,165.4445193347776,239.6107,476.837214,-1.451477827449898,0.0771933726552603,1.4482843007639732,0.5155274587862329,-0.0665725922020781,-0.0166851073767952,-0.9921076339857589,0.000387702613439,0.0013200952769793,0.293692902474577,True,A,N_430,test
749,431,14311,2022-07-12 00:54:23.963,False,0,0.01143075,0.0440850747185201,0.0455429012964699,0.094004,0.173773,-0.501590830695748,-0.1098888116227244,2.064075790605953,0.007687625,0.0427866816148363,0.043471826528799,0.091638,0.171014,-0.2855957550290293,0.1654284308253502,2.107985960500001,-3.650784875,82.12416722493414,82.20527399499666,114.440931,225.305583,-1.509649370475803,0.0678390934856371,1.3921361177746985,0.417092874393326,-0.1093107116823035,-0.2514291759897656,-0.9972383079305552,0.0005540143482672,0.0005288204079393,1.0476417701542575,True,A,N_431,test
750,433,14347,2022-07-12 00:54:41.336,False,0,-0.0179333125,0.0429157896783321,0.0465120274868501,0.094889,0.158458,-0.599939159593541,0.0851835570646347,2.040095973602248,-0.0099155625,0.0763224912582856,0.0769638944672272,0.148051,0.286216,-0.8163243874069197,0.0638312238054977,1.923642261411849,-3.799796499999999,79.82820848736905,79.91859185286157,109.672559,219.345118,-1.5224607758407414,0.06675946661313,1.3723034460106427,0.0842805293849029,0.1363026510780339,-0.0957905378660081,-0.9981825037232558,0.0005819925803057,0.0009630286605765,0.6043356798512298,True,A,N_433,test
751,433,14363,2022-07-12 00:54:42.936,False,0,0.01718175,0.0384177037111472,0.0420848249550832,0.070006,0.1277579999999999,-0.8598303361087822,-0.5969256667494603,1.6634499507771916,0.0005820624999999,0.0547564536407225,0.05475954722295,0.091412,0.169708,-1.231125924224484,0.2094741085413351,1.6693344747322645,-3.20375,80.44499460868855,80.50876456420399,109.672559,218.153025,-1.515546871618096,0.0816281223043397,1.362243720837854,0.0665501453049006,-0.4551607737813033,-0.0230884748669934,-0.9983758907903624,0.0005227359428863,0.0006801687682001,0.7685385853125764,True,A,N_433,test
752,433,14379,2022-07-12 00:54:44.536,False,0,0.0025438124999999,0.0287190118458547,0.0288314519828173,0.075002,0.105608,0.4599260338705564,1.0924267905719691,2.6013951723520194,0.0095966875,0.0553037646760131,0.0561302306989068,0.112575,0.173557,-0.9989647748746372,0.5915415395695167,2.0056037290114417,-2.0861629374999997,82.1825816929256,82.2090555201566,110.864652,219.345118,-1.547805294918132,0.0800043386694923,1.3485698296681858,-0.120497750510863,0.37306474465765,0.027117804228688,-0.9926166015521222,0.0003507089553625,0.0006827743044091,0.5136528324188561,True,A,N_433,test
753,434,14397,2022-07-12 00:54:48.044,False,0,-0.0013304375,0.0568222477940735,0.0568378211080658,0.107834,0.214713,-0.8161183075614806,0.0140843101505184,1.8972226221511015,0.0095466874999999,0.1079869942398844,0.1084081646703213,0.180554,0.287215,-1.505484011851031,0.4489494574810773,1.6655018609445191,7.5995930625,109.58820163782536,109.85138939917088,166.893025,333.78605,-1.3862535930648685,-0.0607743772642425,1.5192618492384735,0.691841929308391,0.0277344798356421,-0.0570180270826501,-0.9980940550153092,0.0005174064836042,0.0009868620257172,0.5242946532755597,True,A,N_434,test
754,434,14413,2022-07-12 00:54:49.644,False,0,-0.0098915,0.0547500264394913,0.055636383485764,0.123443,0.232991,0.3721329332719207,0.3814251374938123,2.218745940443558,-0.0065771874999999,0.1041252971533687,0.1043328179562284,0.199389,0.335546,-0.872246443554741,0.5539255741186833,1.9110861175402285,6.929040812499999,108.25853851632566,108.48005700713868,163.316746,318.288841,-1.4128786716661017,-0.0383893418474979,1.5055001859858232,0.1908900102532416,0.1196755209331548,-0.0686092924840415,-0.9993935345461772,0.0005128719971275,0.0009617695716122,0.5332587058954511,True,A,N_434,test
755,434,14429,2022-07-12 00:54:51.244,False,0,0.007508875,0.0591896551000204,0.0596640467503252,0.099885,0.198477,-0.9883030027312634,-0.311799470576121,1.6741237887866776,0.0074326874999999,0.1096224821670483,0.1098741709408426,0.199241,0.330789,-1.275962618868547,0.4686006647796851,1.8133561172195185,6.631017499999999,111.8488625759044,112.04525180751234,171.661397,336.170236,-1.4114312346426774,-0.0302533302651666,1.532072035456754,0.4944232973035186,0.0883327289884097,-0.0430880080472669,-0.999557073620144,0.0005324995552049,0.0009806231782994,0.5430215876891487,True,A,N_434,test
756,435,14446,2022-07-12 00:54:56.093,False,0,0.0093709374999999,0.1065269686930666,0.1069383445194589,0.217948,0.40404,0.0540102898623766,0.1304395107875837,2.0380715727307828,-0.0053430625,0.1911736360195453,0.1912482873800769,0.325742,0.606197,-1.0444047989902043,0.4473847304482801,1.7032413961053527,4.470349062500001,177.88793376099946,177.94409514928648,256.300003,504.255354,-1.4956276490545042,-0.0489919281926824,1.4403400280575576,0.6286681861321611,0.1150602346317539,0.0333278124559693,-0.9805475816107808,0.0006009659631006,0.001074766134946,0.5591597497913026,True,A,N_435,test
757,435,14462,2022-07-12 00:54:57.693,False,0,-0.02203725,0.0867303141507483,0.0894862435251921,0.207379,0.3512929999999999,-0.2700812889108297,-0.2087270687471804,2.317439997820656,-0.012385,0.2007255493799307,0.2011072708752098,0.292001,0.568004,-1.4770610214393205,0.1575152225351736,1.451966399470416,6.407500000000001,175.38605497391947,175.5030607583945,253.915817,506.639541,-1.4537654205221917,-0.0736980169123038,1.4467885397711215,0.6403620312832403,-0.0508259908214158,-0.028829434517176,-0.992872123930564,0.000509884233007,0.0011458903907782,0.4449677186496145,True,A,N_435,test
758,436,14481,2022-07-12 00:55:04.088,False,0,0.0057392499999999,0.0511491674058581,0.0514701497654222,0.101133,0.196593,-0.5755406624558876,-0.222656195717737,1.9648864528453596,-0.00169125,0.0618277054113889,0.0618508325166282,0.173231,0.281583,1.999157708524657,0.9127191894973984,2.8007868762870376,-1.043081374999999,84.2851452583374,84.29159940334449,112.056745,222.921397,-1.572354410128211,0.0404142833205122,1.3293939822377348,0.2219262046555549,-0.1891346008423094,0.0167118975417547,-0.9659905050156304,0.0006106201582334,0.0007337722021463,0.832165836273664,True,A,N_436,test
759,438,14513,2022-07-12 00:55:21.168,False,0,0.0087778125,0.0810882826100808,0.0815619983137827,0.158497,0.291983,-0.5095321114259512,-0.5220901328166679,1.943270190490372,0.0059450625,0.1260165194227867,0.1261566761434467,0.213123,0.348784,-1.4427385737212348,0.4189329867497194,1.6893517371816933,3.650784875,134.28947142311154,134.3390872579616,199.079537,391.006516,-1.4612502919442272,-0.0521790935514503,1.4819181897352185,0.2639368335952542,0.0187414114922081,-0.0243548116305025,-0.9801061520465284,0.0006071352722321,0.0009390913599196,0.6465135322766629,True,A,N_438,test
760,438,14529,2022-07-12 00:55:22.768,False,0,-0.0082994375,0.0858146350680995,0.0862150349688933,0.157486,0.283956,-1.353070128073404,-0.159139827960805,1.8266651525087412,0.00636225,0.1216116982841803,0.1217780086248128,0.20479,0.328711,-1.422054304148661,0.4625248516753293,1.6816665201919965,5.811453499999999,130.41361261712964,130.54303255108417,194.311165,387.430237,-1.4173347226901714,-0.0750380142851819,1.488483614963993,0.4769152181798127,0.0279631367559204,-0.0933854286058225,-0.9908588996678628,0.0006604338300104,0.0009328572061259,0.7079688356090147,True,A,N_438,test
761,438,14545,2022-07-12 00:55:24.368,False,0,-0.0002301874999999,0.0700119013670343,0.0700122797751401,0.157465,0.260547,-0.2397520654877727,0.5706632637685902,2.249105449868701,0.003044375,0.1188974354937244,0.1189364047973748,0.206606,0.362668,-1.326117360475956,0.3129597779290158,1.7371132106438136,6.9290408125,125.47184040522647,125.6630189883082,187.158607,371.933028,-1.3861693352752935,-0.0768726434156428,1.4893690164917444,0.1341761992141998,-0.0734547928476599,-0.076103324312395,-0.9957999904594624,0.0005571430667414,0.0009464710123544,0.5886530696334407,True,A,N_438,test
762,439,14563,2022-07-12 00:55:28.258,False,0,-0.0195915625,0.0483616557007831,0.052179297267331,0.108278,0.158764,-1.1095953653771076,-0.3026917228992215,2.075114186480082,-0.015319,0.0514197250332982,0.0536531442088905,0.096749,0.172297,-0.8815211919653154,0.3489115104429352,1.8032307598474049,2.533197750000001,84.60488738430836,84.64280276640244,112.056745,224.11349,-1.5495156957648235,-0.0607283322838547,1.3238780066068307,0.4244268003112866,-0.2278440222863551,0.0105324349974364,-0.988778917038013,0.0006164646675433,0.0006338772164357,0.9725300918838742,True,A,N_439,test
763,439,14579,2022-07-12 00:55:29.858,False,0,0.0094321875,0.0719228144047655,0.0725386613671461,0.165948,0.280096,-0.4646300483044121,0.1614708230654504,2.2877179820023588,-0.008945625,0.0514893096900645,0.0522606278090877,0.104287,0.188736,-0.7207981331916478,-0.1145581334572043,1.9955175506304417,3.129244249999999,84.12587426255793,84.18405365635384,114.440931,227.689769,-1.514273073569641,-0.0772198050937314,1.3594134046711177,-0.0446093843493435,-0.1482743441111721,0.1551807229965812,-0.9938924665329848,0.000861667479963,0.0006207901085687,1.3880174121163569,True,A,N_439,test
764,439,14595,2022-07-12 00:55:31.458,False,0,0.0103326875,0.0389087860221164,0.0402573975896045,0.081276,0.135093,-1.0671017898671484,-0.0940758596455063,2.018908445810402,0.0173415624999999,0.0421784899652191,0.0456043288042648,0.106475,0.195118,1.2055025568911777,-0.2136115298211822,2.334756431938598,3.9488081250000007,84.19008691100234,84.28264245792364,115.633024,230.073955,-1.493383321625755,-0.0778310449254865,1.3719672358128472,0.2230453450361942,0.2874672129283939,0.0008679073800682,-0.9956295959931925,0.0004776475489565,0.0005410880280246,0.8827538666864398,True,A,N_439,test
765,440,14612,2022-07-12 00:55:36.468,False,0,-0.0122038125,0.0840324097805563,0.0849139501675814,0.174887,0.3130779999999999,-0.4348577702207237,0.5432023300369102,2.059579134580982,-0.0194524375,0.2068784074616563,0.2077909353137487,0.356537,0.682149,-1.0395526434847049,0.3655110108801234,1.715844819994943,-0.3725289999999983,179.36678765029117,179.36717450481424,257.492096,509.023727,-1.5079778001070947,0.0100624491599962,1.4355586339076154,0.4999746043679929,-0.1423408040339473,0.0167614988526673,-0.9587211464193972,0.0004734085286341,0.0011584669039215,0.4086508876788476,True,A,N_440,test
766,440,14628,2022-07-12 00:55:38.068,False,0,-0.0050364375,0.1159108216539598,0.116020189101671,0.209276,0.3907,-0.8870250053620641,0.2557058561952797,1.803789509570674,-0.0222586875,0.2132183539926613,0.2143770408615682,0.328712,0.655152,-1.3167251781598024,0.3355452448596286,1.5333358398778456,2.3096802500000004,180.03242888925334,180.04724400729188,257.492096,513.792099,-1.501060127124194,-0.030814146376433,1.4301362812838814,0.5631134497914873,0.0291316174039741,0.0405122034573241,-0.9691858894389208,0.0006443874758614,0.0011906710488325,0.5411968960640232,True,A,N_440,test
767,441,14646,2022-07-12 00:55:44.751,False,0,-0.005565875,0.0740830739456346,0.0742918623386841,0.144191,0.273739,-0.746158777516531,0.1007846214291566,1.9408720613659856,-0.0068706249999999,0.1359311052545898,0.1361046320432372,0.262768,0.406231,-0.8883223161444063,0.7642062695192583,1.93063230879993,2.6077034999999995,134.3488181149566,134.37412342571616,199.079537,396.966981,-1.4848567799845658,-0.0502191854677863,1.4815318003548046,0.2084852211945627,-0.0307079332133802,0.0227564504936796,-0.97301310260081,0.0005528732798004,0.0010128782876747,0.5458437470010823,True,A,N_441,test
768,443,14667,2022-07-12 00:56:02.752,False,0,-0.0193969999999999,0.0645915315763219,0.0674411562799378,0.122486,0.205494,-1.0675445873757108,-0.1924630184841509,1.816190687650424,-0.0183629375,0.0742264837090414,0.0764641638771882,0.13054,0.245514,-1.2378584234677903,0.1615036633186187,1.7072049621789471,-2.831221,82.0304621303335,82.07930634250584,110.864652,219.345118,-1.5338750784391368,0.0885240400985276,1.350701619448108,0.0494788292443329,0.0792701581668588,-0.2882594817589013,-0.9945612020325172,0.0008216584579615,0.0009315888167733,0.8819969101899475,True,A,N_443,test
769,443,14683,2022-07-12 00:56:04.352,False,0,-0.034674875,0.0394386055215492,0.0525142891197243,0.109611,0.158514,-0.3088086884102745,0.2151424533043331,2.087260474003639,-0.0064831875,0.0563224790561223,0.0566943856760746,0.112874,0.193801,-0.2930829032859234,0.7320753184059408,1.9909202411136355,-3.501773374999999,81.27075007290384,81.34615684949264,109.672559,219.345118,-1.5286572371081788,0.0882105841407296,1.3482205336745916,0.081249273837557,-0.0577381531518368,0.0433194885118125,-0.9960383824037,0.0006455657052967,0.0006969522331702,0.926269656042603,True,A,N_443,test
770,443,14699,2022-07-12 00:56:05.952,False,0,0.0405965,0.0615463709947629,0.0737294486272276,0.164922,0.236773,-0.4893532667158879,0.2117404369568172,2.236853836163041,0.0199699375,0.0608497542409465,0.0640428840304487,0.190292,0.252077,1.4001662382160749,1.0882449956931857,2.971321527455371,-3.8743023124999993,81.0289014326601,81.12147117620827,112.056745,221.729304,-1.5248652319625433,0.079448164193585,1.3813450788706183,-0.144367933486029,0.1183183655342148,0.0434254434637315,-0.9964414733023635,0.0009088771142608,0.0007894689667466,1.151251223979444,True,A,N_443,test
771,444,14717,2022-07-12 00:56:09.664,False,0,-0.0098161249999999,0.078623263913961,0.0792336666985694,0.165393,0.31586,0.2084243990862599,0.5818755562501358,2.0874081295418083,0.0059003125,0.2139813728992312,0.2140627049147924,0.344737,0.654641,-1.29229733316434,0.1278593970323655,1.610448677350043,-5.438924625000001,173.83008135778192,173.91514909843107,251.531631,498.294889,-1.4336709548730475,0.0830800222010005,1.4462893675676305,0.6937168413841606,-0.0152332857406209,0.0143039212333381,-0.9933340783872197,0.000455588067568,0.0012308456510228,0.3701423222233336,True,A,N_444,test
772,444,14733,2022-07-12 00:56:11.264,False,0,-0.0158004375,0.0967915533853346,0.0980727211406795,0.195323,0.359966,-0.5960046049377725,-0.0484864178999327,1.9916139547083695,-0.004284125,0.2161944379877969,0.2162368810907959,0.360541,0.6476930000000001,-1.3578307382309798,0.3377444849124674,1.6673427686399718,-3.278255624999999,175.50888045437603,175.53949435466453,252.723724,498.294889,-1.4733341482520448,0.0609743333045884,1.439697231264609,0.623262773820403,-0.0575980980344618,0.0148433780998958,-0.984701627039749,0.000558693196088,0.0012318417680633,0.4535429878841979,True,A,N_444,test
773,444,14749,2022-07-12 00:56:12.864,False,0,0.0175240625,0.0763131571597165,0.0782993660394993,0.134239,0.2317989999999999,-1.3106289510843134,-0.0321952221513935,1.714432782664946,-0.0124395,0.205330448885449,0.2057069138355587,0.317136,0.6244639999999999,-1.2838473673957953,0.14769450072847,1.5416885805477454,-0.9685756875000004,176.93659657405,176.93924761361038,252.723724,505.447448,-1.5049980013202084,0.0250601055420594,1.42830789329388,0.7405512178101327,-0.1539016370357964,-0.0131129959569391,-0.9637445908117448,0.0004425211878965,0.0011625849923628,0.3806355585213412,True,A,N_444,test
774,445,14767,2022-07-12 00:56:16.827,False,0,0.008236625,0.1014765431515302,0.1018102686440567,0.190338,0.37493,-0.3895341660010651,-0.2234444762604929,1.8695363693170175,0.009093375,0.1670484934475895,0.1672958117586928,0.321149,0.487283,-1.086482157568339,0.6380528421301759,1.919647578883951,-7.972122187499997,138.40972698932558,138.63912599779354,216.960933,430.345586,-1.3817403421653132,0.0639953958813903,1.5649329252367976,0.4725992604866458,0.0475462716493282,0.0753175262328213,-0.9987389647712815,0.0007343545186924,0.0012066998443235,0.6085643601819969,True,A,N_445,test
775,445,14783,2022-07-12 00:56:18.427,False,0,-0.0114259375,0.0727567040102394,0.0736484217494679,0.171786,0.307594,0.0441855319298434,0.0135459003707748,2.3325143420502568,0.0022061249999999,0.1542088916554728,0.1542246713503549,0.311067,0.484421,-0.9320459728383002,0.5988853245601593,2.0169730126598453,-6.034970874999999,137.70897862016704,137.8411537461571,209.808374,414.848376,-1.36892238950031,0.1002070993922224,1.522102567324523,0.551983627335345,0.0728217206549305,0.0472382838310419,-0.995534677631996,0.0005342992259415,0.0011188579546741,0.4775398196969374,True,A,N_445,test
776,446,14811,2022-07-12 00:56:24.832,False,0,0.01166,0.0370033531419789,0.0387969553412377,0.073929,0.112227,-1.2225914929468653,0.2339346610537574,1.9055361264758808,0.004786125,0.0542515180615655,0.0544622273185737,0.097728,0.161375,-1.2381392723310851,0.3916513201979416,1.7944179812614998,3.203749937500001,82.95301541830574,83.01485879438512,112.056745,222.921397,-1.5518375794689012,-0.07957535803387,1.3498396145869154,-0.4143257078282921,0.078994753475364,0.0247004696683054,-0.9899700422496548,0.0004673495312126,0.0006560539656336,0.7123644634343944,True,A,N_446,test
777,447,14842,2022-07-12 00:56:32.839,False,0,-0.0116701874999999,0.0846126201913895,0.0854136334078904,0.189726,0.326111,-0.1123561955301366,0.8155458103897973,2.2212613189509067,-0.0011414999999999,0.2069042188978997,0.2069073677276862,0.33404,0.617084,-1.3081703091744867,0.1528240377228289,1.6144422679023918,-9.387732625,166.08634622856658,166.3514470252477,249.147445,495.910703,-1.4065342839375818,0.059666231178837,1.497717329517345,0.621114682729861,0.0625853760672147,0.0798486381981151,-0.9986568485402704,0.0005134529030873,0.0012437966211155,0.4128109808071434,True,A,N_447,test
778,449,14870,2022-07-12 00:56:49.884,False,0,-0.0120493125,0.0982422618560354,0.0989784216196262,0.208884,0.4040399999999999,-0.2340257387912658,0.184203135383933,2.1103993838449,-0.008274125,0.139930633731447,0.1401750455715995,0.275419,0.476769,-0.8774436992340608,0.4781148477553963,1.9648219044759985,8.195639562499998,127.09207038471436,127.3560476087084,193.119072,377.893493,-1.4242340957873263,-0.0326834775611161,1.5163714297521496,0.1983918848270798,-0.1091271510994552,0.0759247121821601,-0.9994793721000058,0.0007771788107285,0.0011006548036279,0.7061058636793481,True,A,N_449,test
779,449,14886,2022-07-12 00:56:51.484,False,0,0.0196710625,0.0923773802585546,0.0944485631617151,0.146725,0.289997,-1.1963865488992815,-0.3423439856909466,1.5534910758650389,0.0201111875,0.137997035388545,0.139454801418551,0.271934,0.436079,-1.1875171982171624,0.4052471074492974,1.949979471727432,8.046628,132.22194109689278,132.46656155272004,195.503258,389.814423,-1.3993428417386549,-0.0587310637236881,1.4758687453527064,0.5888092433614206,0.1693155380535841,-0.033739154934617,-0.9986181512317132,0.0007129992811365,0.001052754746435,0.6772700703093263,True,A,N_449,test
780,449,14902,2022-07-12 00:56:53.084,False,0,-0.0041928125,0.0768807629914814,0.0769950088954634,0.152379,0.281868,-0.2282290509628159,-0.3177354681675039,1.9790763347645788,0.0050085625,0.1456375748313123,0.1457236730976216,0.246321,0.432775,-1.4321774856774965,0.2843560590168667,1.6903293388369869,6.4820059375,135.22768426603523,135.38294941730405,200.27163,399.351167,-1.4019686559008926,-0.0777424567033227,1.4792972886318445,0.3736634251265222,-0.4033683242037713,0.0336544031151187,-0.9958148271836924,0.0005687201322386,0.0010763812852713,0.5283630810203623,True,A,N_449,test
781,450,14920,2022-07-12 00:56:56.793,False,0,-0.015303,0.0916503457378912,0.0929191459435298,0.194745,0.385307,0.2811211453942874,0.1815875218844758,2.0958543906371374,-0.00185025,0.2009623119481921,0.2009708293475075,0.344651,0.616562,-1.2002135242161105,0.2481068377900122,1.7149304758256667,0.4470348749999999,170.74671679735422,170.74730199114526,249.147445,491.142331,-1.5072964696283302,-0.0112310857311837,1.4591588979421792,0.575208288754595,0.0090356359851155,-0.0348779621464402,-0.9517960779569552,0.0005441910054212,0.0011770073494802,0.4623514081382391,True,A,N_450,test
782,450,14936,2022-07-12 00:56:58.393,False,0,0.0116986249999999,0.0753424401000815,0.0762452694081737,0.159539,0.315349,0.0560123440235558,-0.2600250168552264,2.092444570507306,0.0167335,0.1907665437642303,0.1914990450158956,0.282276,0.528597,-1.4861721577411355,0.1626359897600024,1.474033460462267,-1.639127875000001,168.2503630493493,168.2583472117459,245.571165,489.950237,-1.496519338823528,0.0280316616221453,1.4594887508966152,0.5525495047423631,0.1254478795442994,0.0377354436376115,-0.96389113552632,0.0004531440530092,0.0011381250808015,0.3981496064476194,True,A,N_450,test
783,450,14952,2022-07-12 00:56:59.993,False,0,0.0131708749999999,0.0889430270045627,0.0899129245492548,0.172561,0.344538,-0.1590668150920393,-0.5400703259476629,1.9192012812959935,0.0141421874999999,0.1974449145357442,0.1979507406990751,0.37426,0.6169479999999999,-1.203162504460611,0.4543180966468035,1.890672389900022,-3.5762791875,165.87932833156555,165.91787528942828,241.994886,479.2214,-1.4633943713854751,0.0603729543089497,1.4585220885806456,0.4997348784892362,-0.0868547717649742,-0.0074338769876824,-0.9852216762887296,0.000541912222492,0.001193064583028,0.4542186820403999,True,A,N_450,test
784,451,14968,2022-07-12 00:57:04.747,False,0,0.004822375,0.0389728862445979,0.039270105205805,0.081152,0.154518,-0.5199659035925248,0.0456745150540507,2.0665083420251125,0.0017593125,0.0583773680501685,0.0584038721399317,0.123327,0.215519,-0.2014387672971196,0.7125779089637077,2.111623690027208,4.693866250000001,80.09728537661374,80.2347026234633,110.864652,218.153025,-1.5304515982001805,-0.0572286109379152,1.3817543827672825,-0.0780480579433072,-0.172148359557179,-0.1138219130155539,-0.9977455835569036,0.0004894404032391,0.0007279128635151,0.6723887264138332,True,A,N_451,test
785,451,14984,2022-07-12 00:57:06.347,False,0,0.02415775,0.0291268136420292,0.0378413551290119,0.068913,0.098376,-1.1066670329804569,0.0103836976374047,1.8211028586332585,0.0080106874999999,0.0618403070110008,0.0623569938774914,0.141413,0.215224,-0.660362572683697,0.532117274611764,2.267796941555981,4.917383750000001,80.19747196069903,80.34808754308887,109.672559,218.153025,-1.5258739349375798,-0.0671391823481142,1.3649678835378016,-0.2348459688884346,0.1993623323992758,0.0978998202166691,-0.9973716478179262,0.0004709677141813,0.000776085601839,0.6068502148027907,True,A,N_451,test
786,452,15005,2022-07-12 00:57:12.712,False,0,0.0551899375,0.0945482491241038,0.1094773977297939,0.200027,0.343845,-0.7470254036802553,-0.450245043597922,1.8271077331751664,0.0216759374999999,0.1503593647600926,0.1519137414375753,0.26835,0.505482,-1.1986475502994376,0.0801055139273934,1.7664629773487002,4.842878000000001,120.92729826615728,121.0242328348957,176.429769,351.667445,-1.4085099917863122,-0.0664700639921806,1.4578053078071556,-0.0857096169908473,-0.1586018152302736,-0.0751679429128362,-0.9934424033568358,0.0009045907184484,0.0012552340789866,0.7206550025942229,True,A,N_452,test
787,454,15040,2022-07-12 00:57:30.180,False,0,0.0046871875,0.0825673898697442,0.08270032404146,0.167856,0.292823,-1.0427336812502217,-0.0114254871382845,2.029689749653809,0.0098160625,0.0713691621592168,0.0720410465659161,0.145481,0.235682,-0.8984212185960421,0.352676616875365,2.0194181919176826,0.0,94.38354739676694,94.38354739676694,134.706513,267.02884,-1.5284450811858687,0.0277330753067752,1.4272245186306094,0.2200397165786325,0.2600687649253771,-0.1126636539272752,-0.958553649661252,0.0008762154668101,0.00076327970873,1.1479611691341949,True,A,N_454,test
788,454,15056,2022-07-12 00:57:31.780,False,0,0.0180260625,0.0656176949224338,0.0680486650580854,0.13802,0.255403,-0.5323746233880926,-0.1367754229128243,2.028254336542648,-0.0011079999999999,0.0645819180750308,0.0645914220794836,0.107163,0.2047109999999999,-1.3780615820539146,0.007960911154341,1.6590902715863654,-0.8940698749999991,95.20665422479722,95.21085216308845,138.282792,269.413026,-1.4851613684704303,0.0584816411003669,1.452384773987033,0.2364604504891453,-0.1578763443058586,-0.0454418058298484,-0.983261316265961,0.0007147154290933,0.000678403990848,1.0535248004657265,True,A,N_454,test
789,454,15072,2022-07-12 00:57:33.380,False,0,-0.0202935624999999,0.07883740059449,0.0814073977684921,0.159765,0.285841,-0.9852597664196212,-0.0359527627989962,1.9625366290953392,-0.0066518125,0.0777289824954459,0.0780130843468741,0.13918,0.253904,-1.2223501850477818,0.2599849017573087,1.7840597018463695,-1.6391278750000011,97.25323651792496,97.26704865164795,140.666978,278.94977,-1.4599047105764769,0.0680200777330982,1.4461935460156137,-0.0685296921759964,-0.1975913849064636,0.1009773055119768,-0.990318761813496,0.0008369473413349,0.0008020504932381,1.0435095400987564,True,A,N_454,test
790,455,15090,2022-07-12 00:57:36.947,False,0,-0.0163891875,0.0922457464196986,0.0936903580921617,0.221784,0.322558,-0.6054187948186005,-0.6358837587487354,2.367201967376777,0.012891375,0.1914200353015832,0.1918536355252357,0.302068,0.576791,-1.3126267980476762,0.0918043676147363,1.5744710762088585,-1.117587312500001,189.27666654250348,189.27996592044047,267.02884,532.865587,-1.5179271237004008,0.0144950636625661,1.4107612430162817,0.7145700092365684,-0.3442312428262399,-0.1445336531634918,-0.9529626309909234,0.0004949829615435,0.0010135971580102,0.4883428861572865,True,A,N_455,test
791,455,15106,2022-07-12 00:57:38.547,False,0,-0.05227675,0.0860100105609079,0.1006507849311171,0.260385,0.348693,0.3175927689117528,-0.5018894484149223,2.587014102057932,-0.0110514375,0.1970418702829962,0.1973515465240581,0.323594,0.638315,-1.1941361884128137,0.1579829922780923,1.6396831223238082,-5.0663954375,181.90139593032757,181.97193795783707,262.260468,514.984192,-1.4897179423496982,0.0527640708577412,1.441213798914236,0.487076656072022,0.2528874254304633,0.0714174214292378,-0.9739674724230948,0.0005531115734693,0.0010845163751005,0.5100075814143534,True,A,N_455,test
792,455,15122,2022-07-12 00:57:40.147,False,0,0.0588170624999999,0.1173259770598932,0.1312434064408094,0.23145,0.361693,-1.4559084407830825,0.0358942263134923,1.7635171646080643,0.0135213124999999,0.2061035572250994,0.2065466102180389,0.366441,0.605254,-1.2295658996388412,0.4519903772235721,1.7741322387870233,-6.332994187499999,173.7333580618212,173.8487460950348,250.339538,500.679076,-1.445727986094291,0.079460116445167,1.4399847201840117,0.6486528201616757,0.0476517646755038,-0.0514822363833594,-0.991443992924498,0.0007549286916861,0.0011880822545888,0.635417866709425,True,A,N_455,test
793,456,15140,2022-07-12 00:57:44.792,False,0,0.006209125,0.0587500695817407,0.0590772706641479,0.113634,0.208446,-0.7648389411506997,-0.1295228618576911,1.9234808704350093,0.0011792499999999,0.0516115977839525,0.0516250681004393,0.090124,0.175499,-1.0442021003634545,-0.0402241405200585,1.745741038533042,6.631017562499999,89.15625554242338,89.40250721461945,129.938141,252.723724,-1.4502130982926276,-0.0746320717495278,1.4534060067025951,0.5144597794424495,-0.1862269934934023,0.1514899266149546,-0.9962271089775236,0.0006608010502695,0.0005774454174591,1.1443524016125262,True,A,N_456,test
794,456,15156,2022-07-12 00:57:46.392,False,0,-0.0050065624999999,0.0643542884633269,0.0645487421386931,0.129576,0.22031,-0.560662194101937,0.7296332621607517,2.007413246281168,0.001507125,0.0511268135349189,0.0511490223562484,0.108107,0.1847059999999999,-0.6931665616739822,0.391039450882874,2.113569233973708,6.034971000000001,88.17809612942042,88.38437368664299,126.361862,250.339538,-1.4664259940362685,-0.069539804024454,1.4296855510681332,0.2151306714043512,0.1947074942726202,-0.0042078777406088,-0.9969702613129052,0.0007303184878307,0.000578711147941,1.2619741133880698,True,A,N_456,test
795,457,15179,2022-07-12 00:57:52.787,False,0,-0.0089431874999999,0.0886953835503987,0.0891451157709299,0.173501,0.3344669999999999,-0.6529126283638247,0.1983992113433973,1.9462760073791767,-0.0119095625,0.067498485642243,0.0685411062278506,0.102445,0.190338,-1.5472225561233188,0.2609561704097702,1.4946505190541128,-4.544854624999999,91.79911605588222,91.91155211508354,137.090699,269.413026,-1.4347244667393295,0.0661985225671836,1.491550255057679,0.0897626389358996,-0.2610702827049318,0.2534640521686609,-0.9975115891319146,0.0009699011029572,0.000745728960621,1.3006080683113808,True,A,N_457,test
796,458,15206,2022-07-12 00:58:00.779,False,0,-0.0151549375,0.0646633916471181,0.0664155580413015,0.161418,0.272388,0.0104589616735788,-0.3768154978795558,2.430424508360219,-0.0210590625,0.1605349871291569,0.1619103647267138,0.238876,0.46637,-1.3570725717483068,0.3097658648677248,1.475359532437564,-9.089709375,155.6445550826847,155.90975063609343,234.842328,469.684656,-1.4211877103000683,0.0587702380921163,1.5062709486858323,0.3294759262764702,-0.0512719045830749,-0.131885712039005,-0.9985530811092548,0.0004259871994556,0.0010384877409279,0.4101995456152757,True,A,N_458,test
797,460,15229,2022-07-12 00:58:17.587,False,0,-0.0665896875,0.0790292378867773,0.1033431513082144,0.27574,0.333593,1.03644470813673,-0.910261010917094,2.668198100303937,-0.0190545625,0.2038292019967234,0.204717903317437,0.290912,0.558705,-1.4862331138236629,0.3314157705002161,1.4210383912974616,-10.8033431875,171.9206620451636,172.25976390926078,256.300003,503.063261,-1.4159344824679678,0.0516365432023456,1.4878692341353033,0.6600053395876277,0.1526458604993952,0.0644773674119948,-0.9988403563698672,0.0005999262332824,0.001188425542167,0.5048075895344131,True,A,N_460,test
798,460,15245,2022-07-12 00:58:19.187,False,0,-0.0090955625,0.1006735020648238,0.1010835460160925,0.181599,0.325271,-1.4302399401502035,-0.1827447903737617,1.7965238375302877,0.001332375,0.2032439737285816,0.2032483409037451,0.301823,0.5777,-1.401304848724137,0.1400446274092993,1.4849961316187967,-9.238720937499998,169.95558637984325,170.2065078258683,252.723724,504.255355,-1.4151813117141616,0.0522873570661451,1.484806469671253,0.4065559183865445,-0.0786009625934543,0.0209662927627522,-0.9989295107453924,0.0005938876680291,0.0011941279067406,0.497340079464481,True,A,N_460,test
799,460,15261,2022-07-12 00:58:20.787,False,0,0.070321375,0.124525527974626,0.1430094503844064,0.332216,0.474363,-0.4516121061173139,0.3438663012103202,2.3230352896749853,0.0334583125,0.2033675261136591,0.2061014540291686,0.34635,0.5848409999999999,-1.4321916785919262,0.3525074291496158,1.6804830496294445,-8.642674625000001,174.37366110580248,174.5877129471455,255.10791,507.831634,-1.413190383243651,0.0565899194461622,1.461201969449197,0.639753454765445,-0.1625971967376583,0.1269128714215301,-0.9983857306983834,0.0008191266611511,0.0011805037740059,0.6938789008454397,True,A,N_460,test
800,461,15279,2022-07-12 00:58:24.593,False,0,-0.0012805625,0.0614373892297768,0.0614507334023565,0.100926,0.192529,-1.1858416432075316,0.1726048954444731,1.6423888603440104,0.0005784374999999,0.0712705398762075,0.0712728871604588,0.1277,0.228178,-1.250428932079818,-0.3305283250061523,1.791705164300487,5.73694775,88.28454921662214,88.47075335877052,123.977676,243.18698,-1.4778677202524306,-0.0781173104892943,1.4013407967403673,0.0951022527362809,0.068215234635455,-0.0274889926472366,-0.9957716145544352,0.0006945881104138,0.0008056095879666,0.8621894783637799,True,A,N_461,test
801,461,15295,2022-07-12 00:58:26.193,False,0,0.0060628124999999,0.044072846270718,0.0444879025557791,0.081784,0.154677,-0.9202897578850564,0.1037439461025285,1.8383424549507328,-0.0013665625,0.0525050714657269,0.0525228523852951,0.102462,0.163544,-1.235858290903465,-0.3803056850226439,1.9508079882707667,6.3329942500000005,86.45728071849112,86.68891627772554,121.59349,238.418608,-1.49800991534955,-0.0672103727541069,1.4026417127012014,0.2417212134107868,-0.3688256988006401,-0.0061508955883038,-0.9969007164641166,0.0005131902031541,0.0006058773674944,0.8470199262870666,True,A,N_461,test
802,461,15311,2022-07-12 00:58:27.793,False,0,-0.00228825,0.0408065251422796,0.0408706322712286,0.075731,0.14598,-0.6031492482544474,-0.0385883878404299,1.85294417510912,0.0018514374999999,0.0544456656114248,0.0544771357973921,0.119154,0.2009409999999999,-0.7089675102441206,0.2171035757838918,2.1872295276893774,6.034971125,85.00244946627589,85.21641445018894,116.825118,231.266049,-1.5071385951834504,-0.0684584858813366,1.3709227119416896,0.3841415526933485,0.1527109590755404,-0.1574536922337135,-0.99688998367067,0.0004796098560931,0.000639279840027,0.7502346015993232,True,A,N_461,test
803,462,15327,2022-07-12 00:58:32.643,False,0,-0.001404625,0.0870231925077124,0.0870345276635945,0.142129,0.266915,-1.4160248996279694,-0.0648232889516515,1.6330185710820009,-0.0163711875,0.0730874238482746,0.0748985133693419,0.133663,0.2459,-0.779351740970351,0.5583803984459383,1.7845881578567075,-2.235174499999999,91.605073479934,91.63233868187342,133.51442,262.260468,-1.457404815919326,0.0845302771649004,1.457066598109338,-0.3817387446367739,0.2417656289192621,-0.3402021537134679,-0.9962528636013585,0.0009498232710807,0.000817380789869,1.1620327794012015,True,A,N_462,test
804,462,15343,2022-07-12 00:58:34.243,False,0,0.0039825625,0.0827273929488962,0.0828231993356179,0.14977,0.271673,-1.0804571422181652,-0.1706250560580598,1.8083097634649303,0.0224328125,0.0542040806238547,0.0586627090487432,0.102668,0.183786,-1.131380326631909,-0.2197502129148967,1.750140790714123,-3.4272674999999992,92.56093404433028,92.62436328350884,134.706513,265.836747,-1.4374993091469646,0.084459555611565,1.4543313252009542,0.1104287449069097,0.0688226171690273,-0.0349648783940161,-0.996564142595506,0.0008941837374051,0.0006333399439323,1.4118543224248232,True,A,N_462,test
805,463,15361,2022-07-12 00:58:40.588,False,0,-0.00490225,0.0353404973481203,0.0356788846220702,0.070567,0.139532,-0.3342092218214816,-0.0019095973932755,1.9778364920171487,-0.0063539999999999,0.0552566222920384,0.0556207481352507,0.099659,0.193425,-0.9454245651714484,0.3132649413085837,1.7917594304496445,-4.842877937500001,82.52873583675756,82.6707064535609,113.248838,225.305583,-1.5075147547762242,0.0755841913178084,1.3698786772024978,0.2354622740018857,0.0297016302303864,-0.1328893819699653,-0.9979785996882684,0.0004315783202132,0.0006727987520766,0.6414671829891845,True,A,N_463,test
806,463,15377,2022-07-12 00:58:42.188,False,0,0.0111925,0.0389748408944796,0.0405500959185055,0.086042,0.1468209999999999,-0.6072806151330927,-0.2344814521762113,2.121869210196705,0.0114606875,0.0585742605370724,0.0596849340741656,0.124352,0.208389,-0.884338847045659,0.1780330212974404,2.0834738603460266,-4.246831375000001,82.19173366495966,82.30137702116136,112.056745,221.729304,-1.5053711092346922,0.0952982487208413,1.3615415568464662,-0.2554684734983486,-0.3988764003972681,0.0905239357711982,-0.9978998423268236,0.0004927025207376,0.0007251997018083,0.6794025418226517,True,A,N_463,test
807,464,15395,2022-07-12 00:58:48.559,False,0,-0.00512825,0.0681092421743371,0.0683020337737098,0.149496,0.256595,-0.3575748549466406,-0.3665106716435826,2.1887488811137352,0.0006281874999999,0.0703906885179236,0.0703934915284254,0.132313,0.249784,-0.8628264648051864,0.0887525953870544,1.879619793352217,-1.341104749999999,93.13202999790197,93.14168547691514,133.51442,262.260468,-1.4934160410393926,0.0621641165712191,1.4334550563087147,0.0429744109485888,-0.2693745108229649,-0.1716482073477606,-0.9853180821618626,0.0007333132681031,0.0007557678516121,0.9702890464827844,True,A,N_464,test
808,466,15423,2022-07-12 00:59:05.768,False,0,0.0022380625,0.049337168951852,0.0493879050369369,0.105087,0.190815,-0.5091226324940443,-0.0089363338850027,2.127788168406942,-0.0096981875,0.0487045047380357,0.0496606848781055,0.074045,0.133026,-1.5389422525683338,0.1151604196225218,1.4910185024984433,-0.4470348749999995,86.01146925914126,86.01263095787542,115.633024,228.881862,-1.5830602838736856,0.0447917024648283,1.3443725963531,-0.0216275757402521,0.1688389373495182,0.0681220825387729,-0.9718138803856454,0.0005741936328063,0.000577365025637,0.9945071268783716,True,A,N_466,test
809,466,15439,2022-07-12 00:59:07.368,False,0,0.0005640625,0.0341658454407847,0.0341705013306433,0.075137,0.1240459999999999,-0.5629919564825441,0.2727299987607705,2.1988849175185723,0.0087906875,0.0413633101200791,0.0422871092747246,0.083786,0.148206,-0.4776470393193066,-0.4940780141019828,1.9813603113816924,-1.6391278750000011,86.2373182970115,86.25289448621811,118.017211,232.458142,-1.5396240113809312,0.0742593287087611,1.3682695717400806,-0.3376038226801979,-0.3560536824317555,0.0535822607774669,-0.9899224990680054,0.0003961664305202,0.0004902688718635,0.8080595225521218,True,A,N_466,test
810,466,15455,2022-07-12 00:59:08.968,False,0,-0.013241625,0.0696433622715358,0.0708910328682337,0.144708,0.236897,-0.825401355435166,-0.1146043808351044,2.041273686461459,0.0027734375,0.0501980350200194,0.0502745927426319,0.128974,0.196661,0.236615709917908,0.6909707939433778,2.5653912436496458,-2.5331976875,86.23319867997182,86.27039842902924,118.017211,234.842329,-1.5092852373036596,0.0814996012337696,1.3679919549355903,0.5269961767710664,-0.1606823335453696,-0.2453915013448671,-0.9937236349806796,0.0008217306765605,0.0005827560050506,1.4100767206835962,True,A,N_466,test
811,467,15473,2022-07-12 00:59:12.485,False,0,-0.0281080624999999,0.0947245957733977,0.0988069441989655,0.20196,0.375044,-0.2421142907177804,0.215998717518275,2.0439858922599323,-0.0124140625,0.1975552945546096,0.1979449503127384,0.334114,0.629459,-1.2301649026963737,0.290910981286512,1.687913732945066,9.0152035,161.9015125893158,162.15231627348032,237.226514,470.876749,-1.4128597318467997,-0.0678522230325669,1.4629856634295757,0.7375706459595418,0.1061258550970382,0.0721797960286695,-0.9983719107551068,0.0006093464864992,0.001220734645436,0.4991637525628103,True,A,N_467,test
812,467,15489,2022-07-12 00:59:14.085,False,0,0.0058908125,0.0573423988132022,0.0576441876823891,0.097317,0.184888,-1.1828326606504196,-0.0454424216402007,1.688236124276782,-0.0140134375,0.2038599457406263,0.2043410235560581,0.314544,0.627847,-1.4152445613217268,0.1265019568493677,1.539309114372275,7.4505815625,164.80632324404905,164.9746506189404,238.418607,476.837214,-1.4235797055938968,-0.0739393354008012,1.445183281828558,0.6834838358688945,0.0471316933999345,0.1061244165843645,-0.9962819969363972,0.0003494123943655,0.0012386207383341,0.2820979687741224,True,A,N_467,test
813,467,15505,2022-07-12 00:59:15.685,False,0,0.019218125,0.1025091658053531,0.1042950881040186,0.225082,0.417857,0.4128562779098805,0.0114421864961052,2.158126562734332,0.000996375,0.2127703595742587,0.2127726925065808,0.334148,0.637872,-1.3879245815919676,0.2851268399512517,1.570445887879457,6.0349710625,168.1947108737755,168.30294602780472,244.379072,482.797679,-1.4522466222462629,-0.0675189465494284,1.4520189798675718,0.5285115940466596,-0.1165626143142157,0.0021086099138214,-0.9915757539403072,0.0006196866458106,0.0012642244091878,0.4901713978206713,True,A,N_467,test
814,468,15522,2022-07-12 00:59:20.419,False,0,0.0012864999999999,0.0745140230518725,0.0745251280684911,0.128024,0.233594,-1.2537318449303214,-0.2852936480926934,1.717863535670031,-0.0091096875,0.1164037262202754,0.1167596415047275,0.241178,0.380913,-0.6599681242970674,0.7869301269502383,2.0655938720935074,4.9918896875000005,130.1895897428165,130.28525718612616,196.695351,385.046051,-1.3993417726223845,-0.0891234299284026,1.5097283856069763,0.5239723310708669,0.0516900172616864,0.0687265729385825,-0.9924091575548404,0.0005720150512657,0.0008961846031276,0.6382781508067032,True,A,N_468,test
815,468,15538,2022-07-12 00:59:22.019,False,0,-0.0049031875,0.0727614865744738,0.0729265053062842,0.145008,0.26226,-0.6808835409844916,-0.3568630163578267,1.9884128464812696,-0.0004079374999999,0.1119563091341153,0.1119570523367666,0.225159,0.34892,-0.6820217429401065,0.8104468401336244,2.011119400703067,4.097819812499998,128.26082417117516,128.32626833304565,194.311165,386.238144,-1.4299063821566893,-0.0621509935955251,1.51419633348726,0.2731016526616167,-0.0539356486797623,0.0516550994537236,-0.9878695631662124,0.0005682897683661,0.0008724406451702,0.6513792903989772,True,A,N_468,test
816,469,15558,2022-07-12 00:59:28.347,False,0,-0.0146009375,0.1106380725482127,0.1115973587190239,0.223525,0.393765,-0.7028837572540101,0.5826515611122236,2.0029595912102525,-0.0197949375,0.2054498369035215,0.2064012476568698,0.331392,0.657672,-1.1516946785907,0.2569910189391061,1.6055716899101315,-5.4389244375000025,177.169736103448,177.25320107124224,256.300003,510.21582,-1.4264443702584948,0.0832541607049909,1.445954157391984,0.6201274641407631,-0.0217822393611107,-0.0650863911455751,-0.9949424156354506,0.0006295929102807,0.0011644429912095,0.5406816091758714,True,A,N_469,test
817,469,15574,2022-07-12 00:59:29.947,False,0,0.0018719999999999,0.1015193576183872,0.1015366158351262,0.212433,0.410681,-0.2162634001327958,0.2322412825278287,2.0921812121938936,0.0027648749999999,0.1953851695104042,0.1954047312589308,0.301044,0.570649,-1.4457136502703063,0.0565301590491736,1.540617763246922,-7.74860475,175.98267137578443,176.15317624195444,259.876282,516.176285,-1.3999034172577771,0.084910420052442,1.4752858139954743,0.6367041426624891,0.0861618605913318,-0.0075647647835136,-0.9973972345206668,0.0005764109282688,0.001109288719214,0.5196220950278834,True,A,N_469,test
818,470,15595,2022-07-12 00:59:36.371,False,0,-0.0037065,0.0784930533630206,0.0785805164687786,0.128852,0.2420399999999999,-1.3892804618112438,0.1703845441468553,1.6397448857592452,0.0033832499999999,0.0981475038573957,0.0982057986780821,0.195845,0.321434,-1.1536725371875074,0.3288231855076871,1.9942305101756608,-5.736947750000001,104.55836629676948,104.71563652165636,158.548374,313.520469,-1.4014422014269798,0.0600384553738555,1.514084995006552,-0.0204827773247175,0.0332781846999785,-0.0206761708732841,-0.9977164066893732,0.0007504181713351,0.0009378331827049,0.8001616760570831,True,A,N_470,test
819,472,15630,2022-07-12 00:59:53.992,False,0,0.0010178749999999,0.0288648112086217,0.0288827525631647,0.060346,0.114077,-0.0795990912427742,-0.3406766000780188,2.0893438001806484,0.0009288749999999,0.0298963924012476,0.0299108189017786,0.064692,0.115997,-0.2091371651234359,0.1662436726961005,2.162829450187773,5.2899129375000005,84.05415011375976,84.22044484703693,115.633024,230.073955,-1.5618979428109887,-0.0690395482305907,1.3729804468501123,-0.1421848096475912,-0.0933842711102667,0.233907790000998,-0.9971852720385148,0.0003429422940667,0.0003551491440837,0.9656289471047288,True,B,N_472,train
820,472,15646,2022-07-12 00:59:55.592,False,0,-0.0009603749999999,0.0308110187836166,0.0308259825248928,0.079889,0.12769,0.7512408008902711,-0.4449908295402812,2.591612446918354,0.003020625,0.0291872463155463,0.0293431341692567,0.061977,0.116144,-0.479682102648332,-0.2938428575658786,2.112146563571057,5.662441749999999,83.90241335729486,84.09327091837083,115.633024,226.497676,-1.563565182993557,-0.0636115808005029,1.3750567998745673,0.3141186413461874,0.0097152424519707,-0.2898346079111918,-0.9976427047680904,0.0003665689559728,0.0003489355788971,1.0505347638422948,True,B,N_472,train
821,472,15662,2022-07-12 00:59:57.192,False,0,-0.0043529374999999,0.0249020881666295,0.0252796768163182,0.04662,0.077679,-0.2388535120401109,1.0659738014295488,1.844169145782209,0.0003959375,0.0548910451058147,0.0548924730660998,0.133673,0.2152009999999999,0.0416495963881446,-0.5770398143307904,2.435179042471542,5.215407000000002,83.95889640341872,84.12072726418648,115.633024,230.073955,-1.5661137063333403,-0.0680977986749735,1.3746079921164631,0.4799600518589949,0.2045394089266621,0.0258841237567358,-0.9976989975858388,0.0003005166222223,0.0006525439668835,0.4605308415577716,True,B,N_472,train
822,473,15680,2022-07-12 01:00:00.660,False,0,0.0024479999999999,0.0393452374945176,0.0394213193272371,0.07002,0.127032,-1.2606077157348872,0.1917423220229746,1.7761962611845286,0.0049245,0.0497467958038505,0.0499899429185511,0.099663,0.175261,-0.551901788038192,0.5261299014098964,1.9936610082228228,-4.321337125,84.49984259150814,84.61026741795322,114.440931,227.689769,-1.5673073786231455,0.0605336604079027,1.3525655277117952,0.2675053947188152,0.0409621853109804,0.0847033426954452,-0.9978821540499002,0.0004659164960737,0.0005908259652651,0.7885850038169977,True,B,N_473,train
823,473,15696,2022-07-12 01:00:02.260,False,0,0.0001736249999999,0.0331937004092549,0.0331941544929223,0.062007,0.122195,-0.645400644134174,0.250486039019749,1.8680096223936369,0.0013021249999999,0.0456784259933984,0.0456969816371935,0.082031,0.162159,-1.0154522051233594,0.1952138640747984,1.7951076211395476,-4.172325562500001,84.5661674648838,84.66903200284187,116.825118,232.458142,-1.5615445128089986,0.0640700916256246,1.379785681216703,0.2361190309683523,0.1769794155644211,0.0150869826879086,-0.9978604934094496,0.0003920459902247,0.0005397130515872,0.7263970902162419,True,B,N_473,train
824,473,15712,2022-07-12 01:00:03.860,False,0,0.003058125,0.0388787481165401,0.0389988356701196,0.065561,0.1280879999999999,-1.2047205306653277,-0.1019515033078917,1.6811014706839524,-0.0060768749999999,0.0598092313452478,0.0601171569843002,0.128999,0.217835,-0.4644484715449866,0.5198623761053818,2.145793421895989,-3.9488081249999993,84.80185582347092,84.8937443909315,115.633024,231.266048,-1.5554258034416937,0.0732261899225293,1.3620912215570988,-0.162823253540484,0.0170209498594659,-0.2599657605549098,-0.9981544375692696,0.0004593840918422,0.0007081458995077,0.6487139050887643,True,B,N_473,train
825,474,15730,2022-07-12 01:00:08.365,False,0,0.0005988125,0.0475004069064396,0.0475041812126837,0.085599,0.145333,-1.288378297381764,0.2322579770359654,1.8019255950704556,0.00425225,0.0418711123023678,0.042086478535273,0.087075,0.144391,-0.8659670614421806,0.5266089220568093,2.0689542824786744,1.7881395624999996,87.46259129052532,87.4808682990084,115.633024,231.266048,-1.6284225281195992,-0.050232316675523,1.321809285257297,-0.0244792267939066,0.0238918539069785,-0.1011136340676613,-0.9722438018623792,0.0005430236591881,0.000481093516258,1.1287278685687638,True,B,N_474,train
826,474,15746,2022-07-12 01:00:09.965,False,0,0.0083119375,0.0472595126224191,0.047984891771395,0.085872,0.139146,-1.438799939323424,0.2044940308572417,1.7895632735633324,-0.0035715625,0.0605977758409588,0.0607029364657303,0.122745,0.218676,-0.6891725528915025,-0.2414498592206807,2.022060334252449,3.0547383125,86.56431063675156,86.61819267436763,115.633024,230.073955,-1.5919598804659207,-0.0759679216014349,1.3349738713056587,0.0523000920945579,-0.0391700284745638,-0.0538750733244304,-0.9894908764452692,0.0005539816785578,0.0007008104716977,0.7904871586975826,True,B,N_474,train
827,475,15769,2022-07-12 01:00:16.392,False,0,-0.002870125,0.0384088086541925,0.0385158954166977,0.068102,0.1273719999999999,-1.100551685257755,0.1275825036817064,1.7681531031075493,-0.0021839999999999,0.0291694390651414,0.0292510859862501,0.06104,0.107981,-0.6313635552482975,-0.164612398897165,2.086760130160385,-3.948808187500001,84.87932483583062,84.97112963052874,115.633024,231.266048,-1.554967255658177,0.0803302099478895,1.3608507325110923,0.1828174873025857,-0.0944449523564481,0.0058565388629428,-0.9979489348617802,0.0004532821392886,0.000344247347463,1.3167338619428577,True,B,N_475,train
828,477,15810,2022-07-12 01:00:34.124,False,0,-0.002527125,0.03919057417587,0.0392719679287911,0.083679,0.160183,0.0609405231843962,0.180627472152337,2.130756476266449,-0.0010075,0.0420712830131789,0.0420833448127047,0.06876,0.135887,-1.042548180163068,-0.1731649427810326,1.63390054440829,4.4703488125,85.31953581486981,85.43656834266152,115.633024,230.073955,-1.5581541600712578,-0.0837188027817018,1.3534371317002012,-0.1739592647698875,0.0689442603835336,0.0829678115105335,-0.9958736745633046,0.0004596622815102,0.0004925682951581,0.9331950229615584,True,B,N_477,train
829,477,15826,2022-07-12 01:00:35.724,False,0,0.0019086874999999,0.0458563908805505,0.0458960964850225,0.078332,0.156085,-0.96960373213587,-0.1091123375116034,1.7067246672178833,0.0002716874999999,0.0466372875949582,0.0466380789517803,0.097359,0.190019,-0.3538325871693133,-0.1654170545738422,2.087543101864477,4.842878000000001,84.51938438650009,84.65801677570671,116.825118,231.266049,-1.5496990592252742,-0.0797917627858175,1.3799652112040013,0.2076062843684585,0.0870288038266963,-0.0704430442715985,-0.9965158869603532,0.0005421352664877,0.0005508997343434,0.9840906297293042,True,B,N_477,train
830,477,15842,2022-07-12 01:00:37.324,False,0,0.0019575,0.042066395907244,0.0421119160199936,0.071281,0.141098,-1.0267883421686763,-0.0088111928411824,1.692656301037397,-0.0059860625,0.0553461204460944,0.0556688960972597,0.097883,0.193596,-0.7402445620595568,0.2290100111982381,1.7583068259335977,4.991889625000001,84.34239213448568,84.4899880044703,115.633024,231.266048,-1.558685946740989,-0.0658241370254417,1.3686003126652349,-0.2643533332824848,0.0351255811488314,0.1464994461544605,-0.9975007740531646,0.0004984249260133,0.0006588815717942,0.7564711889817161,True,B,N_477,train
831,478,15860,2022-07-12 01:00:40.804,False,0,0.0020471875,0.045567504234403,0.0456134675157732,0.073318,0.134139,-1.6477052630237177,0.0661870402519492,1.6073761543045697,0.0060291874999999,0.0534440205848825,0.0537830311361074,0.10625,0.206652,-0.2378891619152683,0.0757642797217283,1.975530158036569,3.4272673125,85.79537850659037,85.86380572930855,114.440931,228.881862,-1.5809411983077677,-0.076297767113367,1.3328192249104678,-0.2451516949471202,-0.0179514340150695,-0.1817816381761224,-0.9911357152183412,0.0005312304425402,0.0006263760461033,0.8481014653179426,True,B,N_478,train
832,478,15876,2022-07-12 01:00:42.404,False,0,-0.00044625,0.0399167631132272,0.0399192574642865,0.080164,0.143959,-0.8810484541366272,0.2781683501030508,2.008153585314507,-0.0015512499999999,0.0602513595733531,0.060271325744503,0.100947,0.197456,-1.0686390915353703,-0.0854536395859146,1.6748760501457305,4.172325625000001,84.82518899206906,84.92773980662187,115.633024,228.881862,-1.55831041014117,-0.0799683330911822,1.3615459950222768,0.2602220917516596,0.0147691270278076,0.0038306509822753,-0.9948334951689246,0.0004700379117021,0.0007096777317015,0.6623258568014381,True,B,N_478,train
833,478,15892,2022-07-12 01:00:44.004,False,0,0.001447625,0.0343315025411701,0.0343620093253435,0.059104,0.115974,-1.107825991636568,0.0001157870131652,1.720039111810846,-0.003873625,0.0557548959541615,0.0558892958758651,0.121405,0.19573,-0.8432716719840117,-0.1193471476641545,2.172240642817378,4.842878125,84.04622461789515,84.18563619202082,115.633024,230.073955,-1.5489348462509702,-0.0841741183617869,1.373548139925559,-0.0385355360148254,-0.1500489842135213,0.1405685795506903,-0.9961613554024704,0.0004081695034882,0.0006638816121598,0.6148227274443483,True,B,N_478,train
834,479,15910,2022-07-12 01:00:50.060,False,0,0.004384875,0.0547753571986014,0.0549505858476504,0.105609,0.178269,-1.2304642747674028,0.3150028094036312,1.9218903378537064,0.0063561875,0.0581096763104247,0.0584562708392991,0.104218,0.193358,-1.2861139958787002,0.1485532691836353,1.7828369566458209,-1.937151125,85.97118731093435,85.99300903057672,115.633024,230.073955,-1.5937454443625303,0.0721027908755782,1.3446793559565304,0.0820221012440981,-0.0013611721366955,0.1825001873936071,-0.9909500974229672,0.0006390122460781,0.0006797793390217,0.9400289320321826,True,B,N_479,train
835,479,15926,2022-07-12 01:00:51.660,False,0,-0.0005579375,0.0419985577155167,0.0420022635632593,0.084263,0.14472,-0.7579800086759696,-0.2878292047315773,2.00615378438098,-0.00166,0.0503325315079621,0.0503598980141937,0.078162,0.15076,-1.297765956433084,-0.0043470036513968,1.5520682742044127,-0.2980233124999993,86.55356871585903,86.5540817948277,114.440931,228.881862,-1.636195361606781,0.0273518807399401,1.3221898797479794,0.2509355736684356,-0.0428281324030977,-0.0789828374084187,-0.9585774305196254,0.0004852718981275,0.0005818315782445,0.8340418710026197,True,B,N_479,train
836,479,15942,2022-07-12 01:00:53.260,False,0,-0.0023908125,0.0473717874705224,0.0474320802048834,0.09632,0.156743,-0.9995184369416056,-0.338019921567083,2.030693142361552,-0.007233,0.049406138377483,0.0499327828022332,0.099187,0.150113,-1.212924484480718,-0.4186176155970291,1.9864104188393807,1.192093062500001,86.85217932517968,86.86036000042154,115.633024,228.881862,-1.6413166932125776,-0.0194639900035398,1.3312519542797063,0.1119178958502193,-0.0123307713140673,-0.032822015058428,-0.9456861394921728,0.0005460728024228,0.0005748627199103,0.9499186214544822,True,B,N_479,train
837,480,15960,2022-07-12 01:00:56.832,False,0,-0.0067534375,0.033349173501694,0.0340261119041318,0.062037,0.114907,-0.9485000725244684,0.0235100085728041,1.8232174212201668,-0.0016699999999999,0.032330644296472,0.0323737464718713,0.057471,0.10252,-1.1901255432886328,-0.1216621842643481,1.775234758508257,5.140901250000001,83.73522191865348,83.89288560675689,114.440931,227.689769,-1.5615364485611891,-0.071147628942581,1.364131537165563,0.0104938850820336,0.2651514153707189,-0.0199822475121209,-0.9981251219685632,0.0004055899574563,0.0003858938244611,1.051040290739788,True,B,N_480,train
838,480,15976,2022-07-12 01:00:58.432,False,0,0.0028045625,0.0389080355421099,0.0390089835879185,0.067425,0.132516,-1.0479887372539591,-0.1183661977849103,1.7284480085987717,0.0058663749999999,0.0505216145499564,0.0508610646012743,0.100577,0.176373,-0.7827296955244694,0.1209164580710737,1.977485150742992,4.395842999999999,84.41344392694344,84.52782353336606,114.440931,228.881862,-1.556462425342498,-0.0818911661344158,1.353884747249244,-0.1726104644434987,-0.0021332581956781,-0.256522612203594,-0.998032313916146,0.0004614928192551,0.0006017079640196,0.7669714327399508,True,B,N_480,train
839,480,15992,2022-07-12 01:01:00.032,False,0,0.00313025,0.0436127825693053,0.0437249730531649,0.085885,0.153315,-0.4439953956112101,0.2603667358790891,1.964209329427669,-0.0031842499999999,0.049657717949353,0.0497597065907748,0.128257,0.196718,0.6555999915328288,0.8723133691320689,2.5775272562354323,3.5017732500000007,85.52329660208005,85.5949570803197,115.633024,228.881862,-1.576287724939418,-0.0831410869921017,1.3509326710859086,-0.267545771831194,-0.0617431126716058,0.1885985785888212,-0.995194790441627,0.0005108358546419,0.0005813392317503,0.8787224854993678,True,B,N_480,train
840,481,16010,2022-07-12 01:01:04.524,False,0,-0.0064920625,0.0388118204456914,0.039351039145269,0.07357,0.1453789999999999,-0.628591840782418,-0.019334359203826,1.8695821405988164,-0.0017874375,0.0340359604205036,0.0340828627694696,0.068184,0.130051,-0.4811335030161894,0.0814082620317492,2.000536177409284,3.7252908125,86.69954532208506,86.77954223602461,116.825118,232.458142,-1.5754998600539194,-0.0803959924243151,1.3462287883733803,0.1631386532668403,0.0560060295900093,0.167248820593343,-0.9925902877201904,0.0004534598608303,0.0003927522765304,1.154569656059482,True,B,N_481,train
841,481,16026,2022-07-12 01:01:06.124,False,0,-0.001254,0.0431701848777023,0.0431883940240315,0.068484,0.134956,-1.1421626015970745,0.0854028950600265,1.5857037879642657,0.0055334375,0.0501244437562263,0.0504289479608438,0.091799,0.172524,-0.9871410080562236,0.1174013296236629,1.820363178531473,4.1723255625,85.588211952597,85.68984960800293,115.633024,230.073955,-1.555104678826176,-0.0856851127678594,1.349436654737699,-0.2278281992906048,0.1278082617375378,-0.2366688852804271,-0.9954333051279762,0.0005040082836135,0.0005885055020114,0.8564206823740527,True,B,N_481,train
842,482,16051,2022-07-12 01:01:13.118,False,0,0.0038209374999999,0.0353727244788776,0.0355784935099492,0.070101,0.117927,-1.0658430936028942,0.2619857546343224,1.9703195128370687,0.001697375,0.0495631132860858,0.049592169548226,0.092187,0.167665,-0.9518663117441086,0.3878593182510192,1.8589023396194124,-4.2468313125,84.4137069589547,84.5204679278878,114.440931,227.689769,-1.5733242510619874,0.0607135318596788,1.3540025724613844,-0.0076413349684355,0.2233474710005253,-0.0158386269403472,-0.997828306084789,0.0004209452974196,0.0005867474561373,0.717421597684909,True,B,N_482,train
843,482,16067,2022-07-12 01:01:14.718,False,0,-0.0027874374999999,0.0239883258220763,0.0241497325774531,0.042308,0.0834459999999999,-1.057886794845247,0.0619292836649024,1.7519034574941823,-0.0015468749999999,0.0222052129123855,0.0222590274439383,0.062092,0.090553,1.0448616815700182,-0.9069128465209596,2.7895198995726624,-3.9488080625000017,84.50493388075549,84.59714495953939,116.825118,232.458142,-1.5658860363555762,0.0634888488614434,1.3809581642013382,0.1824631458217036,-0.2097941054216762,-0.0472632133395766,-0.9978329789391132,0.0002854674657047,0.0002631179510205,1.0849410486723516,True,B,N_482,train
844,482,16083,2022-07-12 01:01:16.318,False,0,-0.0014620625,0.0317497124759987,0.0317833583666437,0.080341,0.129427,0.5842105774045296,0.7247925832776259,2.527769377710476,0.0002583125,0.0382350693044336,0.0382359418618464,0.09305,0.1696059999999999,0.5623587595172612,0.2170193257031665,2.433574157430382,-3.6507850625,84.89580405129415,84.97426538128062,115.633024,231.266048,-1.562042805932388,0.0713182775659179,1.3608005139103367,-0.0129148970815568,-0.1285342252819479,0.2283946299588924,-0.9980311999397384,0.000374035106088,0.000449970843411,0.8312429828846087,True,B,N_482,train
845,483,16101,2022-07-12 01:01:20.296,False,0,-0.0041361249999999,0.0433411001041087,0.0435380119923958,0.080886,0.147513,-1.0767934531575696,-0.2895502736015126,1.8578248362402785,0.0001742499999999,0.0448297207797182,0.0448300594272414,0.093243,0.151452,-0.9845846849170874,-0.4939308642286691,2.0799214007586158,4.544854749999999,85.0773868368272,85.19869397873265,115.633024,231.266048,-1.553162473631483,-0.0842083475368499,1.357215921981907,0.0107142355717623,0.0104290938782862,-0.161566543510863,-0.9960052330548648,0.0005110173637551,0.0005261824722152,0.971178993484436,True,B,N_483,train
846,483,16117,2022-07-12 01:01:21.896,False,0,-0.0001511874999999,0.0435910012763797,0.0435912634588342,0.080206,0.154677,-0.8868498258839783,0.0710195646787787,1.839955845183132,-0.0027675624999999,0.0568285186789704,0.056895869247578,0.119824,0.2219,-0.4023041293861609,0.3671344387256069,2.1060228375911603,4.991889499999999,84.53173093031629,84.67899677520751,115.633024,230.073955,-1.5596341376778196,-0.0732137019705903,1.365545511916779,0.0952300207398237,0.0719009130002732,0.2089735819128505,-0.997034132869751,0.000514782474036,0.0006719006059863,0.7661586690792997,True,B,N_483,train
847,484,16145,2022-07-12 01:01:28.171,False,0,0.00170325,0.0240231388470054,0.0240834437036109,0.044204,0.08029,-1.1540373622057207,-0.3263992177901827,1.8354517960142136,-0.000446875,0.0450639499543079,0.0450661656095789,0.083137,0.130494,-1.052415874998963,0.676631135722247,1.8447764276250944,4.470348937499999,85.52540599510178,85.64215720222137,115.633024,231.266048,-1.5556663915371096,-0.0859301279438927,1.350188129042139,-0.3589803944102455,-0.0089291791670795,0.092615182934724,-0.995429051560324,0.0002812101480202,0.0005262147414522,0.5344018817188202,True,B,N_484,train
848,484,16161,2022-07-12 01:01:29.771,False,0,-0.00141675,0.0278544990295553,0.0278905054947019,0.048802,0.096536,-1.0021622895498496,-0.1201843462928232,1.7497710828249549,0.0010738125,0.0332033319642373,0.033220691245254,0.065363,0.112567,-0.957154603090554,-0.4008681621555149,1.9675388304672263,4.842877875000001,84.89057285246496,85.0286000433491,115.633024,230.073955,-1.5628780347872857,-0.0759823286877565,1.3599309401901034,-0.1645156271133596,0.1057893370932112,-0.0535648592016211,-0.9965048264683788,0.0003280132270845,0.0003907002023826,0.8395522323361173,True,B,N_484,train
849,485,16189,2022-07-12 01:01:36.160,False,0,0.0015019374999999,0.0508504601422995,0.050872636190171,0.103299,0.192336,-0.7553487147339055,-0.0420049266764075,2.0305415196855496,-0.0001944999999999,0.0507671072336705,0.0507674798185314,0.096053,0.18323,-0.5374671657458334,-0.4483343666317099,1.892018283029644,-3.8743023124999993,84.8309476190862,84.91937289194257,115.633024,230.073955,-1.5608895946445536,0.0715679059924851,1.3616801450846754,-0.1253070286540574,0.0716979852845669,-0.0976497166270202,-0.997169195983238,0.0005990698524694,0.0005978315440827,1.0020713333026467,True,B,N_485,train
850,485,16205,2022-07-12 01:01:37.760,False,0,0.00369025,0.0381813061826399,0.0383592242736346,0.086541,0.158423,-0.1347751812599766,0.057165935560645,2.2560675206219454,-0.0001413749999999,0.0440052573547681,0.0440054844508045,0.085202,0.14539,-0.9090002812821972,0.6843203383868665,1.936167754163704,-4.246831375000001,84.35160596478724,84.45844543659571,115.633024,231.266048,-1.5661837021808505,0.0669221295853967,1.369111441754011,0.0619121389860616,0.0422745964391827,-0.1167145211239886,-0.9975036551965704,0.0004541786682828,0.000521031191414,0.8716918982341374,True,B,N_485,train
851,486,16233,2022-07-12 01:01:44.306,False,0,0.0004070624999999,0.0329708055567132,0.0329733182882387,0.054024,0.107027,-1.1590177585963044,-0.0487684426471294,1.6384156282890647,-0.0050608125,0.044982537423175,0.0452663285035079,0.077717,0.15336,-0.9162686410959576,0.5003104050684428,1.716883223563784,1.5646219999999995,87.48261325050619,87.4966037234619,115.633024,231.266048,-1.6342144413071562,-0.035783804683864,1.3215715705430682,-0.2303010562618546,-0.040152039939944,0.1528937764121327,-0.955075459274343,0.000376852550671,0.0005173495493216,0.7284292625076371,True,B,N_486,train
852,486,16249,2022-07-12 01:01:45.906,False,0,-0.0011773749999999,0.0457557987266026,0.0457709441567464,0.092182,0.181947,-0.383526980625442,0.0959574734017461,2.0139851099491204,0.0058709999999999,0.061959491098015,0.0622370241747225,0.126433,0.225566,-0.4416085033681294,0.2692177976855087,2.0314756638276177,2.905726875000001,86.91961507049929,86.9681708021726,116.825118,231.266049,-1.6061983240636672,-0.0677825423313268,1.3433089016640734,-0.172125335014829,-0.0456662661707666,0.0122144951606947,-0.9864422815452496,0.0005262953530534,0.0007156299092031,0.7354295094227241,True,B,N_486,train
853,487,16276,2022-07-12 01:01:52.260,False,0,0.0047423125,0.0358548987687156,0.0361671576649658,0.089506,0.134173,0.0166035917484168,0.6976872542812149,2.474786678818888,-0.0050587499999999,0.0452018290248027,0.0454840224556931,0.11116,0.191052,0.4989326640838722,0.7432616284031952,2.443935122674848,5.513430312500001,84.45989146345241,84.63965488959035,116.825118,231.266049,-1.5663980264263964,-0.0645264606509985,1.3802645834555274,-0.4093474516085547,-0.2680988523044133,0.2189960473102446,-0.9976024984749776,0.0004273074803074,0.0005373843089864,0.7951618109457443,True,B,N_487,train
854,487,16292,2022-07-12 01:01:53.860,False,0,-0.0007135624999999,0.0459574639408126,0.045963003201624,0.07251,0.140519,-1.2516548012528252,0.1494786314776071,1.577573155564343,-0.00095675,0.0409694804435264,0.0409806502922415,0.108277,0.1677219999999999,0.9066030875122476,0.8839654566509004,2.6421493858163325,5.4389245625,84.27786742007801,84.45318725348861,116.825118,230.073956,-1.5671917659865708,-0.0634966967353765,1.3833121259159369,-0.1163555472913999,0.1119024254910447,0.2030858977355728,-0.9977836737417528,0.0005442423749344,0.0004852469353138,1.1215781807719556,True,B,N_487,train
855,488,16311,2022-07-12 01:02:00.218,False,0,-0.0043469375,0.0325800719122686,0.03286878384482,0.06535,0.124284,-0.5607535001257284,-0.0658697926361386,1.988208639191831,0.0032354375,0.0393597300088693,0.0394924853888369,0.088756,0.152838,-0.4450290123114895,0.3573818012147873,2.247414897444971,-1.564621999999999,87.39119186321928,87.40519696949883,116.825118,231.266049,-1.6104772463196104,0.0697193354068267,1.3365923543512823,0.0807827192561316,-0.0169490018297701,0.1238034337727354,-0.9847109100058892,0.0003760506810171,0.0004518322337585,0.8322794456008276,True,B,N_488,train
856,489,16334,2022-07-12 01:02:08.325,False,0,0.0024841249999999,0.036298772900876,0.0363836747886328,0.066547,0.117393,-1.125896513338656,0.2392604290294632,1.8290345982531389,0.0011255624999999,0.030029816603604,0.0300509030843916,0.055556,0.104654,-0.9473153589657128,0.0377122434661271,1.8487297983685425,5.364418687500001,83.98970128943053,84.1608395308802,115.633024,228.881862,-1.5677859079290606,-0.0661259076692214,1.3739528341749974,0.0723060905370862,-0.1281346126199655,0.0639800452470565,-0.997628794580646,0.0004323112149479,0.0003570651534834,1.2107348217275522,True,B,N_489,train
857,491,16363,2022-07-12 01:02:33.380,False,0,-0.0031614375,0.0405823797570582,0.0407053342181648,0.106184,0.1796539999999999,0.7947470646178334,-0.4271267755161702,2.608601600736033,-0.0032564375,0.0344921419329257,0.0346455226589598,0.06402,0.114123,-0.4151128144973937,0.9504933995021904,1.8478578207693304,0.5215407500000007,86.81430178177953,86.8158683571834,115.633024,228.881862,-1.644861907379937,-0.0026693709102873,1.3319341980691273,0.1227304989442947,-0.003460825763497,0.1407108356719703,-0.937471968970528,0.0004688697468381,0.0003990690102461,1.1749089375517856,True,B,N_491,train
858,491,16379,2022-07-12 01:02:34.980,False,0,-0.004279625,0.0407010282131714,0.0409254063846652,0.09684,0.1514069999999999,-0.5375525653407931,-0.4567980179706725,2.36625628319444,0.0043424374999999,0.0528435834905345,0.0530217038538229,0.130403,0.2099789999999999,0.1764167964941645,0.5100221142188772,2.459426810566326,2.160668625,86.25723864511576,86.28429583410593,115.633024,230.073955,-1.6273298191574064,-0.0477767288424368,1.340139858385369,-0.2374535900659986,0.082649235255388,-0.0964864746218909,-0.9677558826662108,0.0004743088645395,0.0006145000470973,0.7718613965611837,True,B,N_491,train
859,491,16395,2022-07-12 01:02:36.580,False,0,0.0043921875,0.0493194073859605,0.0495145963927557,0.107962,0.187238,-0.7191281947687456,0.4038554210931594,2.1804075538379117,-0.0024900624999999,0.0593273556659033,0.0593795885937457,0.13592,0.244969,0.2031358248992556,0.1652958506888917,2.289002049675972,3.427267375,85.47281595023392,85.54150120334751,114.440931,227.689769,-1.5892999606880471,-0.0749916216411127,1.3378410407826882,-0.0569047766882455,0.0403614794667769,-0.0458227986424245,-0.9895255360163026,0.0005788371222881,0.0006941611704076,0.833865602059273,True,B,N_491,train
860,492,16413,2022-07-12 01:02:40.198,False,0,0.00113925,0.0472311883710065,0.047244926134983,0.082978,0.155018,-1.2505723761143228,-0.0293375672799464,1.756336749536329,0.004246625,0.0420229516512628,0.0422369777490648,0.087226,0.151328,-0.6626073820058132,0.2446027885086344,2.065157230666941,-4.172325624999999,83.72703425936685,83.83092846312881,114.440931,228.881862,-1.5678246479045712,0.059854606402505,1.3651397294297454,-0.4239503886872517,-0.0068918304376382,0.3560717913524268,-0.9980233958859862,0.0005635739338824,0.0005038352613217,1.118567867608118,True,B,N_492,train
861,492,16429,2022-07-12 01:02:41.798,False,0,0.0042890624999999,0.0467129530784406,0.0469094451303519,0.08605,0.154246,-1.1015435245359986,0.048877700581904,1.834385372943216,0.0002594375,0.0446135870587211,0.044614341394472,0.139031,0.185025,3.1714832859237427,1.7090648708250085,3.116284935615496,-4.023313875,84.06144739670941,84.1576734051418,115.633024,228.881862,-1.5609836337649956,0.0660461360519458,1.3740045241428354,-0.0212821007125464,0.1330281056744277,-0.1096185058838961,-0.9981593121509408,0.0005573995006317,0.0005301280274193,1.051443183159133,True,B,N_492,train
862,492,16445,2022-07-12 01:02:43.398,False,0,-0.0009596874999999,0.0487013020061049,0.0487107566887181,0.094717,0.176804,-0.4447510598632305,-0.3563018180512706,1.94447810789064,-0.001145375,0.024061030266478,0.0240882764301433,0.049022,0.092268,-0.503180742502618,0.4013847798903992,2.0350978677185605,-3.576279125,84.63650664833432,84.71203001943378,115.633024,230.073955,-1.5541823167985362,0.0758226729649746,1.3650130208598783,-0.1679870969654226,-0.0885588242213472,0.0918624354665215,-0.9983490065468044,0.0005750158115387,0.0002843548481203,2.0221769220384296,True,B,N_492,train
863,493,16463,2022-07-12 01:02:48.171,False,0,-0.0026661249999999,0.0332433907244639,0.0333501311747795,0.064092,0.120151,-0.841021351925904,-0.0619181659338368,1.9217915415117928,-0.000860125,0.0287110366080602,0.0287239175274717,0.056469,0.094561,-0.7218925497095796,0.6384355647106364,1.965922647772283,-2.3096802499999995,85.75457430759336,85.78567268217806,115.633024,230.073955,-1.5777850183995,0.0768108604451604,1.347929326478578,-0.4220180956145005,-0.0253714723675315,-0.1604608497711208,-0.9926251813403296,0.0003887610848298,0.000334833505752,1.161057893404797,True,B,N_493,train
864,493,16479,2022-07-12 01:02:49.771,False,0,0.0042545,0.0331715522925895,0.0334432751349206,0.06118,0.105608,-1.1774044176862022,0.3812080081869303,1.829366285245113,0.0020505625,0.0531334260423332,0.0531729796942253,0.124838,0.210557,-0.0092930705797247,0.4849034556227158,2.3477713815905936,-3.2782558125,84.91675808435798,84.98001391344654,114.440931,228.881862,-1.558820935025441,0.0827749003559095,1.3466805396920725,-0.4051412022991007,0.0605521409020335,0.0794228986122358,-0.9959410126509188,0.0003935428295997,0.0006257115908263,0.6289524365051261,True,B,N_493,train
865,494,16502,2022-07-12 01:02:56.132,False,0,-0.0029333749999999,0.0378318507838881,0.0379454031817425,0.065559,0.130653,-1.15166208488847,0.1095029653539843,1.7277191570741748,-0.0004938125,0.0406858787483734,0.0406888753876597,0.092194,0.155415,-0.1383256427906962,-0.6715932319476658,2.2658281685504877,4.7683722500000005,84.4063742638033,84.54095688053103,115.633024,230.073955,-1.5533044684460802,-0.0846370784033355,1.3677751975697023,-0.306094313084449,0.1570641687351834,-0.1143733159955802,-0.9961145569177148,0.0004488404742729,0.0004812918718812,0.9325743909169536,True,B,N_494,train
866,497,16557,2022-07-12 01:03:22.041,False,0,0.0028536249999999,0.0388009301191269,0.038905723920138,0.073915,0.138669,-0.9276573013597648,-0.05861337363424,1.8998489824203169,0.0071213125,0.0451599736377784,0.0457180086036946,0.127289,0.194698,0.929633618555298,0.7879693533584285,2.784220133107749,-1.7881394375000008,87.41383392192327,87.43212112020117,118.017211,233.650235,-1.5930389484524514,0.0752511236430846,1.3498152565434232,-0.0372173722620118,0.1010138962361312,0.18396741016106,-0.9891092961806882,0.0004449820434603,0.0005228971688887,0.850993407376757,True,B,N_497,train
867,497,16573,2022-07-12 01:03:23.641,False,0,0.0004770624999999,0.0416001052499701,0.0416028405933717,0.075618,0.135842,-0.9615825996452184,0.4055179399875287,1.817616271424688,-0.001249625,0.0357133486333804,0.0357352043963652,0.059575,0.109287,-1.059292968614336,-0.0490272954667631,1.667123527242498,-0.2235174375000004,88.10831586168116,88.10859937614853,115.633024,231.266048,-1.6380695448113178,0.0300502555959757,1.312392034588425,-0.0948136526023616,0.0746913205305232,-0.1597716338051686,-0.9591991410024252,0.0004721768463911,0.0004055813467628,1.1641976391662487,True,B,N_497,train
868,497,16589,2022-07-12 01:03:25.241,False,0,0.0001414999999999,0.0403721252258287,0.0403723731962836,0.062858,0.1248519999999999,-1.294986151364931,-0.0286216129716496,1.5569557849471738,-0.0052586874999999,0.0488690227978301,0.0491511463084789,0.101423,0.1852059999999999,-0.7871512668101119,-0.1163432910510395,2.063492057000181,0.9685756875000008,88.13149808002342,88.13682030055082,116.825118,231.266049,-1.6449999520601546,-0.0205821488124781,1.3254973075000969,-0.2848023649573465,-0.0164751480995222,0.0108313394273064,-0.9528834715135398,0.0004580647799479,0.0005576687035097,0.821392301674948,True,B,N_497,train
869,498,16607,2022-07-12 01:03:29.848,False,0,0.0019979999999999,0.0302205609126468,0.0302865367098154,0.062157,0.100522,-0.8819592508709837,0.5777158951965076,2.052298042379198,-0.0009303125,0.0330696799703269,0.0330827631053922,0.062087,0.104938,-1.2630402910406404,0.3176305369101073,1.876717485846288,4.619360437499999,85.49775167787494,85.62245051867593,116.825118,233.650236,-1.5459598331754068,-0.0820555973463338,1.3644215657494894,-0.3272383058552442,-0.1227846336449811,0.1959260834412977,-0.9980036409964184,0.0003537219096901,0.0003863795407044,0.9154778460714188,True,B,N_498,train
870,498,16623,2022-07-12 01:03:31.448,False,0,-0.0032379375,0.0287913541503103,0.028972854762044,0.064779,0.126838,0.2802160604168335,0.3411349292278481,2.235851473112819,-0.002737,0.0412770413744129,0.0413676844121713,0.089729,0.155506,-0.6171260266726932,-0.4753000191420011,2.1690602525869136,3.725290750000001,86.58473283884383,86.66483572906601,118.017211,233.650235,-1.567819930051556,-0.0841592067401034,1.3617658189412445,-0.5282552213067316,0.1853466267464084,-0.0283105951606509,-0.994613074419624,0.000334309233016,0.0004773295196854,0.7003741005508062,True,B,N_498,train
871,498,16639,2022-07-12 01:03:33.048,False,0,0.0036186875,0.0291301348879445,0.0293540398891277,0.052438,0.101997,-0.8333575290353594,0.014657183027573,1.7863980630285323,0.0049570625,0.0402248484016235,0.0405291364028707,0.081513,0.132129,-0.7852981527575436,0.5268371568795946,2.0112197602667488,1.9371513125,87.58423922468164,87.60565915381143,116.825118,232.458142,-1.6225008557282792,-0.0491325037431001,1.3335339192515776,-0.2061878388427355,-0.0435773604591434,-0.1814668277608988,-0.9658054730131564,0.0003350701332843,0.0004626314874443,0.724270055925705,True,B,N_498,train
872,499,16657,2022-07-12 01:03:36.502,False,0,-0.0009814999999999,0.0508204060958784,0.0508298831200702,0.103926,0.168289,-0.7954665650832666,0.4828633856839416,2.04458467383264,-0.0001934375,0.0391775692599871,0.039178046801589,0.062923,0.119868,-1.353582462322945,0.3606436121648513,1.6060780242226855,5.215407062500001,84.63532604329714,84.79586596811656,115.633024,231.266048,-1.559078611661978,-0.0741345546583555,1.3636634602384778,-0.0865555176396275,-0.0085714575495996,0.0354306984550168,-0.997666064593653,0.0005994382218961,0.0004620277929152,1.2974072795790477,True,B,N_499,train
873,499,16673,2022-07-12 01:03:38.102,False,0,-0.0028441875,0.042287659385184,0.0423831987798526,0.068345,0.131073,-1.1274082909502678,0.0310229822826505,1.6125493584143689,-0.0034439374999999,0.0475623215351037,0.0476868444679714,0.110146,0.179336,-0.3740198460832973,-0.2645232118716374,2.309777491651368,4.6193605,85.18136103495422,85.30652237195102,116.825118,232.458142,-1.5543417493825322,-0.0782452462850194,1.36947462810197,-0.4056980405713775,0.0074569422417173,0.153204549993987,-0.998389986611923,0.0004968342115161,0.000559005843188,0.88878178568345,True,B,N_499,train
874,499,16689,2022-07-12 01:03:39.702,False,0,-0.002707875,0.0535844939136722,0.0536528710788155,0.104676,0.189748,-0.8252092150523862,0.1375173437479799,1.9509859937640992,0.0026016249999999,0.0497034039790976,0.0497714458274018,0.11181,0.176225,-0.6324835472935462,0.4538829823374192,2.246468796340301,3.725290812500001,86.35362140167267,86.43393847801404,116.825118,231.266049,-1.5742803469364244,-0.0805658262410108,1.3516116476598654,-0.3552556455035087,0.0638377056156557,-0.121232801120277,-0.9959494397324246,0.0006207384740713,0.0005758322101689,1.0779849808838928,True,B,N_499,train
875,500,16707,2022-07-12 01:03:44.460,False,0,0.0020820625,0.044478333734624,0.0445270384829543,0.092667,0.1585599999999999,-0.5026600370136292,0.4938039236168591,2.081139980496891,-0.0054345625,0.0389546900561549,0.0393319507136056,0.065459,0.124216,-1.2010435870579337,0.1973160865706701,1.6642703657552536,-1.8626453125000009,86.88997675012845,86.90993905876384,116.825118,232.458142,-1.5895000749997024,0.0722600443092608,1.344208950842885,-0.4466501543426222,0.0030011052146357,0.0463352581948412,-0.9922697377928492,0.0005123354010505,0.0004525598699017,1.1320831455113085,True,B,N_500,train
876,500,16723,2022-07-12 01:03:46.060,False,0,-0.0002318749999999,0.0447973992672496,0.044797999365206,0.107892,0.191882,0.7264502984055059,0.7314067178345393,2.408411123908319,0.0063763125,0.0382102186802149,0.0387385876444598,0.074924,0.135763,-0.9591402693662628,0.0753686212883496,1.93409219478127,-0.2235176250000004,87.72948146561427,87.72976620483064,115.633024,231.266048,-1.6338708167777036,0.0320629808668203,1.3180591833565485,-0.1350252556303191,0.0385691977190977,0.1625926900957596,-0.961557768379325,0.000510636256121,0.0004415672048414,1.1564179824096583,True,B,N_500,train
877,501,16744,2022-07-12 01:03:52.400,False,0,7.087499999999932e-05,0.0333003567283351,0.0333004321518505,0.064957,0.11888,-0.7146740504122802,-0.0878988079947797,1.9506353462259889,-0.0035781875,0.0401566243402298,0.040315727752175,0.095284,0.1781329999999999,0.5626587628540118,-0.0400523273876026,2.363444871582637,-4.246831500000001,84.1966802961478,84.30371611430375,114.440931,227.689769,-1.5672830295706035,0.0622220905224594,1.3574838248510244,-0.73730479698675,0.1160365701262121,-0.1208574072716778,-0.997878977990951,0.00039500550731,0.0004782200549441,0.8259910959948856,True,B,N_501,train
878,504,16792,2022-07-12 01:04:17.855,False,0,-0.0008595625,0.0377092488687602,0.0377190442341465,0.06176,0.118517,-1.1968136378887035,0.080214125951075,1.6373691660004888,0.0003250624999999,0.0472872236384585,0.0472883408998719,0.092268,0.15546,-1.1060856751248396,0.1852814499147111,1.951178625517181,-2.235174312500001,86.74870419251154,86.77749525820118,116.825118,232.458142,-1.5869629487159218,0.0782622182205742,1.346260544308106,-0.4194687244466723,-0.0278807392856149,0.1714624071996916,-0.9937698715511696,0.0004346638966925,0.0005449378408441,0.797639407861921,True,B,N_504,train
879,504,16808,2022-07-12 01:04:19.455,False,0,-0.002129625,0.0366558302369401,0.0367176414411383,0.066108,0.1156099999999999,-0.9666092543642106,0.5044421379898627,1.8004424414345082,0.0069353125,0.0448637334028259,0.0453966202961464,0.101975,0.155858,-0.8098074633312891,0.4112730773676002,2.2463125962849744,-0.5960466875000003,87.68065092110854,87.68267683871753,115.633024,231.266048,-1.635240795560263,0.0382180113280747,1.3187670377889351,0.2125498135021608,-0.0068222742378579,0.0809259776362924,-0.9596987821396812,0.0004187559363484,0.000517737618568,0.8088188328031798,True,B,N_504,train
880,504,16824,2022-07-12 01:04:21.055,False,0,-0.002270875,0.0368515868499495,0.0369214886837597,0.073817,0.140519,-0.5755132001428818,0.163029760912116,1.999296416031812,4.543750000000034e-05,0.0320932653682372,0.0320932975333246,0.059832,0.108992,-0.9358001974846072,0.3855707301762525,1.8643145017389515,1.1920931875000007,87.63404196700456,87.6421496635175,116.825118,230.073956,-1.6495238782195014,-0.0135407820082026,1.3329786917427746,-0.7421609513709716,0.0633123754282106,-0.1508344666968675,-0.942712793787652,0.0004212754801828,0.0003661856499017,1.150442351566451,True,B,N_504,train
881,505,16842,2022-07-12 01:04:24.809,False,0,0.0006739375,0.0438279803385758,0.0438331615596285,0.073007,0.1360009999999999,-1.174637778634814,-0.1047900293155095,1.6655654623653993,0.0012241874999999,0.0490943443766931,0.0491096048122208,0.09013,0.14681,-1.312349309617399,0.4801457556105303,1.835282534743008,-4.246831375000001,84.98625199301435,85.0922946250001,115.633024,231.266048,-1.569256661003115,0.0621339460508966,1.358912983949866,-0.303300246889883,-0.0038840278100315,-0.0412423571249889,-0.9977273709508732,0.0005151249211553,0.0005771333941415,0.8925578148558182,True,B,N_505,train
882,505,16858,2022-07-12 01:04:26.409,False,0,0.0042989374999999,0.0385477327469929,0.0387867060158825,0.066263,0.122502,-1.1305779932807487,-0.3684230947381836,1.7083946229635052,0.002163,0.045963489459026,0.0460143557191666,0.10951,0.161603,-0.4749242156020257,0.6868850007657108,2.379909449745598,-4.172325625000001,85.12203745724507,85.22423107305613,116.825118,233.650236,-1.5672386663412383,0.0603928069350382,1.370796973220619,-0.1675029638887226,0.142429241150093,0.0486119008653477,-0.9981368476186098,0.0004551135930183,0.0005399210428747,0.8429262000886069,True,B,N_505,train
883,505,16874,2022-07-12 01:04:28.009,False,0,-0.0014896249999999,0.0416589924819284,0.0416856166711013,0.06472,0.126771,-1.4026888621644875,-0.0430934422550556,1.552573889229935,0.000870875,0.0401386378690704,0.0401480843036127,0.072824,0.142654,-0.7129964460239302,-0.2108915171640568,1.8138848033017307,-4.172325625,85.27632338908846,85.3783323325153,116.825118,232.458142,-1.563716013029598,0.0690271957591036,1.3683227911387603,-0.370258157874975,-0.0047637665210198,0.0588484576265517,-0.9980570654138194,0.0004882458526918,0.0004702373916985,1.038296531307975,True,B,N_505,train
884,506,16892,2022-07-12 01:04:32.499,False,0,-0.002986125,0.0357021635949332,0.0358268255344371,0.057723,0.106652,-1.4826797210216325,0.1121043179190675,1.6111670274698475,-0.0026833124999999,0.0487703869726788,0.0488441481800788,0.090278,0.1792679999999999,-0.5482159260334525,0.0526137948035517,1.848286915909816,1.1920930625000006,87.39351041494277,87.40164042234203,116.825118,231.266049,-1.6423724878034265,-0.0249283077080983,1.336646742961321,-0.2340775992026888,0.0656682997319428,-0.1506797165587804,-0.9568128991318232,0.0004099102186333,0.0005588470415893,0.7334926878517906,True,B,N_506,train
885,506,16908,2022-07-12 01:04:34.099,False,0,-0.0024569375,0.0324919673351521,0.0325847277599107,0.069604,0.1330609999999999,-0.2736497206433941,0.3843520584592905,2.1360927276377093,0.0062274999999999,0.0384731924494185,0.0389739437765797,0.078874,0.130903,-1.1841135489656605,0.3007039014015669,2.0237623488182126,-0.0745057500000001,87.40516516503719,87.40519692005856,115.633024,230.073955,-1.6413001881128189,0.0227585342288102,1.3229536466322342,-0.5522668082733491,-0.1258541409149468,-0.0353183984846478,-0.9566035436276852,0.0003728008048504,0.0004458996163835,0.8360644215711014,True,B,N_506,train
886,507,16930,2022-07-12 01:04:40.439,False,0,-0.0007003749999999,0.0353714345921871,0.0353783678290844,0.066033,0.13121,-0.8309281233906636,-0.0139830456484231,1.866479548152428,-0.003347625,0.0501791201134433,0.0502906620407805,0.112145,0.196423,-0.1043892497004694,0.3573544804304077,2.2299368401446387,4.097819937500001,86.19826895000882,86.29561807078171,116.825118,231.266049,-1.5642392354638257,-0.0842504374497077,1.353778101504265,0.0160599951070391,0.0888261219991741,0.2159386325655075,-0.9971613306854532,0.0004099671410901,0.0005827719085287,0.7034778703131072,True,B,N_507,train
887,509,16970,2022-07-12 01:04:58.256,False,0,0.0013146249999999,0.0424393567942467,0.0424597131879149,0.085112,0.149341,-0.9367148032442748,0.2375871123300208,2.00453544335822,0.0032693124999999,0.0424170797950524,0.042542884981657,0.097866,0.158049,-0.440555280905103,0.4968469886848005,2.300408165600342,-3.725290750000001,85.94948938453896,86.0301837533491,116.825118,233.650236,-1.554665970963244,0.0746638746955114,1.3579549979219017,0.0679672011987618,0.095124820336468,0.051306963270371,-0.9969390524659124,0.0004935443740263,0.0004945111485944,0.9980449893377488,True,B,N_509,train
888,509,16986,2022-07-12 01:04:59.856,False,0,-0.0076956874999999,0.0359941094446694,0.0368076013998807,0.067045,0.1179829999999999,-1.3600258353514048,-0.0169946040300799,1.8214987516197485,-0.000956,0.0398113835856027,0.0398228602563904,0.082483,0.134105,-0.558947029273261,0.7993532424840838,2.071247506305473,-4.172325687500001,85.40433566374097,85.50619189162566,118.017211,234.842329,-1.557921591747962,0.066246762366306,1.3802183021971115,-0.4404283173369226,-0.1310802878850615,0.0907472946753764,-0.9975093364411038,0.0004304670876529,0.0004657307193245,0.9242832173003982,True,B,N_509,train
889,509,17002,2022-07-12 01:05:01.456,False,0,0.0032502499999999,0.0391867641693276,0.03932132514457,0.067556,0.133855,-0.8750749093575796,0.0235075380647856,1.7180499322345155,0.0010193749999999,0.0512517869699133,0.0512619234227511,0.120982,0.2099,0.051374518823958,0.427728571049169,2.360075313645092,-4.321337125,85.09372980085479,85.20338494431302,115.633024,230.073955,-1.5652627893157964,0.0600425226050536,1.357141198974373,-0.2723997278322103,0.1503222521257885,-0.1251238937307013,-0.997915917192452,0.00046149956566,0.0006016418650063,0.7670669089080349,True,B,N_509,train
890,510,17020,2022-07-12 01:05:04.844,False,0,0.001733375,0.0498998371413612,0.0499299342641766,0.089681,0.1618629999999999,-1.0445315653529383,0.3575923133684348,1.7961369531452331,-0.0025515624999999,0.0594204033118767,0.0594751612098487,0.097724,0.192586,-1.2980570900250663,-0.1228503695545785,1.6431060969334106,-4.395842937500001,84.86153417971337,84.97531064059623,116.825118,232.458142,-1.5683398139900635,0.0679640382491047,1.3748124851712844,-0.4477897959652333,0.0019675911772592,-0.1733286408532639,-0.997725053828079,0.000587581662106,0.0006999110772468,0.8395090193704006,True,B,N_510,train
891,510,17036,2022-07-12 01:05:06.444,False,0,-0.0029879999999999,0.0531242326438697,0.0532081970940568,0.082025,0.158911,-1.3231821219458608,0.2302884737234099,1.541585779630971,0.0006685,0.0273185456375334,0.0273267236967771,0.056397,0.09446,-0.6077959756105709,0.4942581527802231,2.06380393880337,-3.725290750000001,85.44371518412508,85.52488676191231,115.633024,231.266048,-1.5613182171383249,0.0770985281797226,1.3520394867274594,-0.0279187966865106,-0.0655940565553027,0.1531974219400563,-0.9978364615582636,0.0006221370072336,0.00031951780039,1.9471121999280203,True,B,N_510,train
892,510,17052,2022-07-12 01:05:08.044,False,0,-0.0034513749999999,0.0426238872154966,0.0427633926478009,0.084807,0.140849,-1.2085189323128775,-0.1901657561281405,1.98316819010292,0.0036245,0.0482623475185366,0.0483982560455436,0.081067,0.1564019999999999,-1.267977704563306,0.0547126716547036,1.6749983702659554,-2.980232625,86.19520992958789,86.24671588706923,116.825118,231.266049,-1.5651715623474576,0.0830290388821838,1.354545698330936,-0.3779667634315355,-0.0716690800533456,0.1984841328400416,-0.9973356513965136,0.0004958263304053,0.0005611605676547,0.8835730074149754,True,B,N_510,train
893,511,17070,2022-07-12 01:05:12.740,False,0,0.000237625,0.0291281301255225,0.0291290993724488,0.053186,0.101396,-0.8719273386811612,0.0735477585801297,1.8258717621151328,0.003073875,0.023039390074053,0.0232435410920969,0.053664,0.084695,-0.6627222589563324,0.4907730832762405,2.3087704144290777,-2.0116570000000005,87.63071647182355,87.65380330168666,118.017211,234.842329,-1.5851758342654183,0.0766814266480677,1.3464014857838926,-0.5118416907060598,-0.0063983205671906,-0.0418415214739671,-0.9906917790451722,0.0003323198569284,0.0002651743588592,1.25321263472858,True,B,N_511,train
894,511,17086,2022-07-12 01:05:14.340,False,0,-0.0013616875,0.0330985927622284,0.0331265910665057,0.076449,0.132106,-0.0674516820177082,0.492058823105528,2.307783491712718,-0.0029519374999999,0.0369970801761246,0.0371146585133488,0.068679,0.131357,-0.7558321533343197,0.37359529124693,1.850454853984404,-0.4470349375000007,88.31940782198271,88.3205391642343,116.825118,233.650236,-1.6346459187468725,0.0284515601549141,1.3227400908724154,-0.629857203546109,-0.1020466681465639,0.0179766370159145,-0.958482606492233,0.0003750723374197,0.0004202268109384,0.8925473759806053,True,B,N_511,train
895,512,17108,2022-07-12 01:05:20.820,False,0,-0.0025585625,0.0350177175476371,0.0351110635599735,0.060995,0.1176089999999999,-1.024665749430249,-0.0747112700652472,1.737201719788804,0.0019750625,0.0644644225382,0.0644946714470467,0.126441,0.1999429999999999,-0.9657200500208268,0.583152724381325,1.960487543592098,-1.0430815000000004,88.03838609555282,88.04456510952434,118.017211,234.842329,-1.617586272797232,0.0541121979551731,1.3404258497181598,-0.1389454580631636,-0.0286922810502617,0.1256294770173868,-0.9820707625488578,0.0003987874040413,0.0007325230281598,0.5444025494230392,True,B,N_512,train
896,514,17147,2022-07-12 01:05:45.204,False,0,-0.0009695625,0.041726865220396,0.041738128043343,0.070686,0.130892,-1.1816456441821606,0.1731489809699751,1.6935594218934773,-0.0035525624999999,0.0375784198293527,0.037745971138487,0.063491,0.12072,-0.9062718368321504,0.3627280908766981,1.6820603122663442,-2.384186062500001,86.27142781089019,86.30436605242087,115.633024,231.266048,-1.5765974990757068,0.0809298533954388,1.3398282067185925,-0.2669191086347762,-0.0719320124803861,0.1137514805508536,-0.9943016436437389,0.0004836154872859,0.0004373587671747,1.1057637884109288,True,B,N_514,train
897,514,17163,2022-07-12 01:05:46.804,False,0,-0.0016883125,0.0376971271828483,0.0377349148261593,0.072832,0.132845,-0.9850594862897776,0.0527895473674244,1.9300957835874049,0.005059,0.0417481052174826,0.0420535107957706,0.098538,0.157697,-0.4793360268924966,0.5375904963548668,2.343157518489752,-0.9685756249999996,87.5815455227551,87.58690116048044,116.825118,231.266049,-1.63014317554257,0.051286562967448,1.3338195147005836,-0.3885764050917201,0.0506779589842251,0.0904229275945207,-0.9704772135941692,0.0004308282896893,0.0004801347032328,0.8973071239977033,True,B,N_514,train
898,514,17179,2022-07-12 01:05:48.404,False,0,0.0003964375,0.0352146443453727,0.0352168757708928,0.060729,0.111466,-1.269640236532171,-0.0860648824630065,1.7244289469366614,-0.0001728125,0.027910475397283,0.0279110103912864,0.051626,0.097047,-0.8410601648510347,0.238892654846243,1.849664317996784,0.5215408125000005,87.51839401488216,87.51994798766316,116.825118,231.266049,-1.6492006883115502,-0.0023167127308211,1.3348398929175291,-0.4148065859680223,-0.0639812997129414,-0.1410658933926291,-0.9404830850015238,0.0004023868452921,0.0003189102716928,1.261755675526789,True,B,N_514,train
899,515,17197,2022-07-12 01:05:53.230,False,0,0.0019039999999999,0.0317850890434492,0.0318420649691567,0.055384,0.107436,-1.0547563101368254,-0.0232643438317048,1.7393344324134354,0.0007169375,0.0351293030628789,0.0351366181221599,0.080194,0.135149,-0.151216682054188,0.6496688767289376,2.282348281817801,3.427267500000001,87.03082864714104,87.09828527315896,118.017211,233.650235,-1.5753837103077677,-0.0822271634057927,1.3549889143037963,-0.2973517064841126,-0.0896355307909582,0.0476762203840593,-0.9949159319554884,0.0003655877365357,0.0004034134312973,0.9062359063257316,True,B,N_515,train
900,515,17213,2022-07-12 01:05:54.830,False,0,5.400000000000023e-05,0.0490335568463067,0.0490335865810364,0.087804,0.169981,-0.7587218306488257,-0.0956765574855923,1.790690955369718,-0.0026436875,0.0305274497700814,0.0306417080637241,0.064537,0.1189929999999999,-0.4622866799401395,-0.13560630096381,2.106181543985253,2.0861629374999997,87.91180990312189,87.93655892883483,116.825118,232.458142,-1.6274053331126448,-0.0432452909128957,1.3285159144621983,-0.3165699342568596,0.0811351948566936,-0.1547700475955646,-0.9716034093606084,0.0005576018345307,0.0003484524347663,1.600223671574167,True,B,N_515,train
901,515,17229,2022-07-12 01:05:56.430,False,0,0.0011120625,0.0418012834738192,0.0418160732621141,0.082461,0.154041,-0.6393508024070806,0.01333867447813,1.9719929100734237,0.0012185625,0.055920574387886,0.055933849630054,0.113766,0.183299,-1.0888896657898886,0.4074519296304055,2.033938317359653,0.3725290000000001,88.14913264454925,88.14991981755955,116.825118,233.650236,-1.6474365362302277,0.003760171479935,1.3253003320001695,-0.4123838407368139,-0.0310244792026068,-0.03507769600594,-0.9439191351849874,0.000474374490058,0.0006345309189823,0.7475986998693147,True,B,N_515,train
902,516,17247,2022-07-12 01:06:01.096,False,0,0.0005209999999999,0.0330063893303251,0.0330105010205086,0.057159,0.109139,-1.02833436772866,-0.2393697186709889,1.7315399110267526,0.0010796249999999,0.0369924030002698,0.0370081540998061,0.084388,0.144708,-0.1752236182164797,0.4410587899983037,2.2802542318759422,-3.2782557499999987,85.65615669294964,85.71886688570696,116.825118,231.266049,-1.5574605893745803,0.0825284329956574,1.362886867785694,-0.4502700257983587,0.0838071432454816,-0.0562685854443907,-0.9979286020646962,0.0003851019293631,0.0004317387226915,0.8919791279371457,True,B,N_516,train
903,516,17263,2022-07-12 01:06:02.696,False,0,0.0017399999999999,0.0356462386252042,0.0356886806722383,0.066458,0.126623,-0.9132984359204208,-0.1003611241789679,1.8621590585077747,-0.001472125,0.042548427679344,0.0425738869496314,0.077633,0.148455,-0.7306383553224691,0.4451710870095232,1.8234886584785288,-2.086162750000001,86.8127992511375,86.83786149392319,116.825118,232.458142,-1.586439087519347,0.0766987099954681,1.3453246773951857,-0.2695474032870568,0.0305507214923105,-0.2311034593114083,-0.9929589993187896,0.0004109806489734,0.0004902687170919,0.8382763057190695,True,B,N_516,train
904,517,17287,2022-07-12 01:06:09.221,False,0,-0.0016379375,0.0374831243486131,0.0375188945757667,0.07454,0.127656,-1.114681416994746,0.3497705916973321,1.9867323076236092,0.00015675,0.0288606344730586,0.0288610601459821,0.054299,0.098217,-0.7864692586730762,0.3417488821580628,1.881393120188592,4.097819875000001,85.65456886280067,85.75253520917155,115.633024,230.073955,-1.561979991896924,-0.0825420368673993,1.348450208707446,-0.4012322595604544,-0.0449350605691093,0.0320109252316127,-0.9976196549179844,0.0004375251936779,0.0003365621794805,1.2999832433733336,True,B,N_517,train
905,519,17325,2022-07-12 01:06:26.758,False,0,0.0024578125,0.0464381189302209,0.046503115294166,0.075615,0.136863,-1.5988268159333068,0.0675391725129617,1.6260200961092628,0.0034108124999999,0.0426772888478444,0.0428133697028451,0.075,0.13247,-1.0668056860116344,0.2731653981349975,1.7517892312740773,-2.309680187500001,86.16065150450899,86.19160336279849,115.633024,231.266048,-1.5864357549173076,0.0791121995107023,1.3415810762131484,0.0577382216117652,0.1702922183186195,0.2044814511434159,-0.9918170628969672,0.0005395318508976,0.0004967232077425,1.0861820879068924,True,B,N_519,train
906,519,17341,2022-07-12 01:06:28.358,False,0,0.0032445,0.0516539210793817,0.0517557179751667,0.108108,0.216075,-0.190053431833129,-0.0719998346681158,2.088812680598344,0.00162775,0.0526439000080968,0.0526690590206906,0.107993,0.175408,-0.909216647580986,0.3953192126870461,2.050406861409384,-0.894069875,87.00390779929023,87.00850150007629,115.633024,230.073955,-1.6341243719481553,0.0390200775105871,1.328985352079631,-0.2713244596631401,0.0163174804782043,-0.1289919719908464,-0.9638326663149864,0.0005948351837219,0.0006053323308946,0.982658869125322,True,B,N_519,train
907,519,17357,2022-07-12 01:06:29.958,False,0,-0.006158875,0.0462192748697377,0.046627814775625,0.09801,0.176918,-0.6491843030412037,0.0758940967506896,2.1019642561339853,-0.001856875,0.064360219443841,0.0643870004863171,0.135591,0.229506,-0.754094986128595,-0.1695985969938543,2.1058753937266337,0.8195640625000005,87.415580270182,87.4194220938641,116.825118,230.073956,-1.644009976164719,-0.0074786436788166,1.3363748604350458,-0.0036225012294197,0.0265420168682713,-0.0681660906668865,-0.9457680985524888,0.0005333804966768,0.0007365296972243,0.7241805709761857,True,B,N_519,train
908,520,17375,2022-07-12 01:06:33.408,False,0,-0.002232625,0.0424436191418612,0.0425022989995835,0.092029,0.167914,-0.3618794880674154,0.3739175819606384,2.1652711068853416,-0.0014519375,0.0263373870820283,0.0263773782020219,0.04814,0.087386,-0.9749142145132909,0.5286094773033345,1.82504870769567,-3.8743024375,85.00561662511903,85.09386039658754,115.633024,231.266048,-1.555682429196405,0.077332788664139,1.3588879792394182,-0.4261809844277959,-0.0851080699047222,0.0483318884901916,-0.9980810137875558,0.0004994755062409,0.0003099798044076,1.6113162829930392,True,B,N_520,train
909,520,17391,2022-07-12 01:06:35.008,False,0,0.00173975,0.0320596228095013,0.0321067928132038,0.057527,0.112647,-1.1139875152389922,0.0904281567054002,1.7917392227461006,0.0012990624999999,0.0301398775596151,0.0301678600946023,0.069889,0.132345,0.4699292645878632,-0.1240695991220025,2.316670780785828,-3.203749874999999,85.65638350459984,85.71627644939231,116.825118,230.073956,-1.5592336635996609,0.0878949220776507,1.362928055664838,-0.4977252813079555,-0.0254629370496234,0.3040789671247024,-0.9977472299568926,0.0003745705499953,0.0003519501936416,1.064271470118242,True,B,N_520,train
910,520,17407,2022-07-12 01:06:36.608,False,0,0.0012188124999999,0.0444462273416129,0.0444629354497934,0.064884,0.1290859999999999,-1.5762902998958854,0.0938002820229327,1.4592828688349997,-0.00136975,0.031684332245015,0.0317139263553884,0.053964,0.1041779999999999,-1.111351101342514,0.3467742350679325,1.7015868484802463,-2.0116569375000006,86.9877961544257,87.01105357044075,116.825118,232.458142,-1.5919155658500517,0.0744155088474707,1.3426468615900962,-0.3774244597435922,0.0329836290060421,-0.1547830215204853,-0.9901982328569624,0.0005110032992968,0.000364481580834,1.4020003373766712,True,B,N_520,train
911,521,17425,2022-07-12 01:06:41.133,False,0,0.0043424375,0.023585306768645,0.0239817317725909,0.037036,0.072944,-1.154843876916834,-0.2257524218230077,1.544342183091585,0.0016716249999999,0.0539166027999203,0.0539425100234036,0.085904,0.167563,-1.4183929229806331,0.03165921951014,1.5925102477198316,-4.2468313125,84.72352965456328,84.82990070325731,118.017211,233.650235,-1.5559499175046212,0.0679376064696835,1.3912218453825016,-0.4055872884659758,0.2387525972368507,0.0802170623068143,-0.9978781685805008,0.0002827037586249,0.0006358902884031,0.4445794562059907,True,B,N_521,val
912,521,17441,2022-07-12 01:06:42.733,False,0,-0.0006153125,0.0319163075357229,0.0319222382703265,0.062479,0.124761,-0.584432369578229,0.0284836058043841,1.9572249123294607,0.0014331249999999,0.0328456092230662,0.0328768595291582,0.066546,0.1311979999999999,-0.1861647692151509,-0.0454870227866057,2.024098437412519,-3.7252906875000007,85.29806257457608,85.37937262408686,116.825118,232.458142,-1.5525357503933594,0.0785612963914401,1.3683061190243722,-0.0326216267964132,-0.0293119504640414,-0.0952911522223384,-0.9980671233630338,0.0003738870091125,0.0003850679446183,0.9709637333825932,True,B,N_521,val
913,522,17464,2022-07-12 01:06:49.173,False,0,0.0007905625,0.050914376725745,0.0509205140040583,0.080893,0.159979,-1.4439973644598434,0.0258303036547044,1.5886131862995905,0.0033608125,0.0538477803015346,0.0539525579010161,0.087243,0.168096,-1.385656349313713,-0.0524515137517508,1.6170317663169935,-0.8940697499999994,87.18441099397484,87.18899518336121,116.825118,231.266049,-1.625104040689378,0.0500398182591438,1.3399066906816977,-0.0625712587393113,0.0155464596254396,0.1103048050434467,-0.9762093182562565,0.0005840245537521,0.0006188000881023,0.9438016654832094,True,B,N_522,val
914,524,17500,2022-07-12 01:07:07.819,False,0,-0.0019188749999999,0.04164588048186,0.04169006407257,0.081729,0.15999,-0.193668375410966,0.1436681882361387,1.9603951641267316,0.000932375,0.0298554635386787,0.0298700188525216,0.061934,0.108662,-0.6510290639059888,0.185079797452329,2.0734503150396053,5.289912875000001,84.78640591704908,84.951267245143,118.017211,233.650235,-1.5612478754977994,-0.0626629576653236,1.3892342613258368,-0.259177497089063,0.1471857865187847,0.007975043969632,-0.997704949439496,0.0004907527035737,0.0003516135758908,1.3957160281152805,True,B,N_524,val
915,524,17516,2022-07-12 01:07:09.419,False,0,-0.0034231875,0.035510574333955,0.0356751888879021,0.091799,0.129382,0.1656868968996709,-0.8476372560382339,2.5731888985493208,0.0003000625,0.0313956541966176,0.0313970880805449,0.057609,0.100216,-1.2283727559899122,0.4502579816257512,1.8348516859975008,5.513430375,84.67729245468767,84.8565953356407,116.825118,230.073956,-1.5610360523409037,-0.0629492462977624,1.3767358628744344,-0.4959726063840844,-5.520822617240421e-05,-0.1285180409348756,-0.9978080231597212,0.0004204173965122,0.000370001741837,1.1362578846924376,True,B,N_524,val
916,524,17532,2022-07-12 01:07:11.019,False,0,0.0037201249999999,0.0381450094276351,0.0383259843219975,0.073039,0.141814,-0.5057513268981753,0.0448300509874801,1.9057305713627464,-0.0027099999999999,0.0362951917459461,0.0363962229341864,0.089409,0.156811,0.6807982407417623,0.6827565482103957,2.456546113635857,5.513430187500001,84.73915490237417,84.91832715027422,116.825118,233.650236,-1.5538322317361013,-0.0713681504556103,1.3757350376587434,-0.0828336836007746,-0.2144590240367449,0.2426807247091141,-0.9977209986795248,0.0004513275945035,0.0004286026839621,1.0530209244871525,True,B,N_524,val
917,525,17550,2022-07-12 01:07:14.504,False,0,0.0030629374999999,0.0343934572492878,0.0345295741023184,0.069502,0.124943,-0.7079869689228437,0.0948920819008006,2.012825289824047,-0.0018656875,0.0474763559044377,0.0475129999033159,0.082175,0.1497609999999999,-1.1835261533274988,0.5334215111596544,1.7295266593820149,2.831221062500001,87.19803542650298,87.24398658329648,116.825118,231.266049,-1.6050676294908004,-0.0685450245007882,1.33906212422401,-0.2287204241520029,-0.0759282815119126,0.0609604047545459,-0.9837054655451424,0.0003957817089129,0.0005445991381647,0.7267395065052209,True,B,N_525,val
918,525,17566,2022-07-12 01:07:16.104,False,0,0.00069775,0.0380651908022605,0.0380715852818739,0.064966,0.125215,-1.2493820997268896,-0.1938334156664088,1.706416991018512,0.0020909375,0.0495991721900032,0.0496432261397514,0.088078,0.162453,-1.0035212487179432,-0.016174476137999,1.7742199056936838,3.725290875,86.35876389419141,86.43907619494817,116.825118,232.458142,-1.5731141394760444,-0.0849187384803014,1.351531311331017,-0.341307524490788,0.004968112022408,0.0751887165098927,-0.9935542402982104,0.0004404441481536,0.0005743146308943,0.76690393115665,True,B,N_525,val
919,525,17582,2022-07-12 01:07:17.704,False,0,-0.00182125,0.0294398372309953,0.0294961178420143,0.050411,0.099693,-1.143677552004575,0.1240623716588248,1.7090723691168048,-0.0011568749999999,0.0338048368985027,0.0338246264946118,0.058038,0.106301,-1.1762101607117783,0.2414302715961623,1.7158504325020472,4.246831374999999,85.92788249286113,86.03276449373595,115.633024,231.266048,-1.5636182992266456,-0.0812914709634548,1.344057983960509,-0.0954006163768452,0.016013069219444,-0.0560440698148234,-0.9957461580815502,0.000342847495551,0.0003931598233958,0.8720308514482192,True,B,N_525,val
920,526,17600,2022-07-12 01:07:21.267,False,0,-0.0006847499999999,0.0463652322819858,0.0463702884089046,0.085018,0.165621,-0.6684800766568637,-0.2271661584637241,1.8334585122760123,0.0047060625,0.0644117687979735,0.0645834575099344,0.102651,0.181561,-1.5854858212761929,0.111218482854122,1.5894317826544044,5.0663955625,85.09020715828618,85.24090402052161,116.825118,231.266049,-1.5538029365576993,-0.0730388654242746,1.370528848120552,-0.2196031532905162,0.0501707990743316,-0.0832810891295409,-0.9981429509514304,0.0005439910444607,0.0007576580545695,0.7179901819559891,True,B,N_526,val
921,526,17616,2022-07-12 01:07:22.867,False,0,-0.0019434999999999,0.0458823056962049,0.0459234490021165,0.089902,0.175522,-0.6700471993181134,0.1843621792203899,1.957649130313721,-0.000375125,0.0354685317744388,0.0354705154318343,0.087325,0.139487,0.0304755094780517,0.7136363299229926,2.461903892200756,4.395842999999998,86.02369856573296,86.13593994732243,116.825118,232.458142,-1.5541296302826275,-0.0781196721235961,1.3562877246297649,-0.0937721709318711,-0.0263385250670342,0.1033232562906489,-0.9983701233404,0.0005331508430766,0.0004117969276648,1.2946935910860995,True,B,N_526,val
922,526,17632,2022-07-12 01:07:24.467,False,0,0.0036500624999999,0.0428078961560667,0.042963227643678,0.076743,0.12861,-1.3335938250605857,0.33728091966472,1.7862484782679642,-8.70625000000012e-05,0.0439561691140571,0.0439562553348496,0.069839,0.122831,-1.4832231835662173,-0.4287985201592579,1.5888296095284034,3.203750062500001,87.01740121889037,87.076358039093,118.017211,233.650235,-1.5845171037916623,-0.0778239462007659,1.355330122408382,-0.2274956999908853,-0.0061993249247578,-0.130342866486529,-0.99301344629089,0.0004933971586683,0.0005048012609245,0.9774087286642832,True,B,N_526,val
923,527,17649,2022-07-12 01:07:29.260,False,0,-0.0009314375,0.038096636298315,0.0381080211118669,0.068929,0.136784,-0.6229412332792723,0.0759247441220752,1.808779306531224,0.002721375,0.0515712466482959,0.05164299916494,0.113394,0.190871,-0.6814972116427507,0.2245408017141267,2.1957284014012517,0.0745058124999991,87.71555984119279,87.71559148389737,115.633024,231.266048,-1.6448386231295546,0.0201177067457911,1.3182721799376758,-0.3759575374669671,-0.0614634527439551,-0.1560587472018249,-0.955144493885326,0.0004344497992567,0.0005887550695524,0.737912625681472,True,B,N_527,val
924,527,17665,2022-07-12 01:07:30.860,False,0,-0.0014056249999999,0.0329342929916428,0.0329642751550826,0.06865,0.137295,0.0013424165978164,0.0509776772945211,2.0825575468300586,-0.0047163749999999,0.0379089578709224,0.0382012209228972,0.077711,0.136977,-0.4563061930762142,0.775910413384719,2.034254354248171,1.4901162500000007,87.75608481550177,87.76873514289728,116.825118,231.266049,-1.6430322761695493,-0.0241061822903614,1.3310561877164535,-0.0906684003530135,0.0030471829812182,0.0599764722838343,-0.9498844638633682,0.0003755810665542,0.0004352486208295,0.8629115603822073,True,B,N_527,val
925,528,17685,2022-07-12 01:07:37.255,False,0,-0.0028287499999999,0.0432477579122606,0.0433401706387965,0.091237,0.156426,-0.7641796062698623,-0.1053585698137768,2.105137073879631,-0.0020341875,0.0481202313653243,0.0481632077984585,0.102438,0.1724109999999999,-0.5703816845703762,0.6588311363914068,2.126893217508624,5.289912999999999,85.38142062115499,85.54513526106646,116.825118,232.458142,-1.5482089862852897,-0.0905128073974743,1.365654723012283,-0.3066971153619114,0.1453489670522359,0.1951891527406744,-0.99496672925658,0.0005066351290056,0.0005630151574542,0.8998605495745986,True,B,N_528,val
926,531,17722,2022-07-12 01:07:54.616,False,0,-0.001645625,0.0401345511356409,0.040168274502398,0.071225,0.141167,-0.8618736344512623,0.1165482020277823,1.773165536292775,-0.0028816874999999,0.0426331615466744,0.0427304409796166,0.074953,0.142177,-1.2199946290811634,-0.0511302866413789,1.7540890822014743,5.438924437500001,83.64103192966913,83.81768382207161,115.633024,228.881862,-1.5692050661887524,-0.0643570816898125,1.3795778972545467,-0.0767278621075516,0.1558030147962299,0.0542772215175886,-0.9975846386493236,0.0004792338880142,0.0005098022163237,0.9400388477516342,True,B,N_531,val
927,531,17738,2022-07-12 01:07:56.216,False,0,0.001501625,0.0345180693457698,0.0345507161864989,0.055183,0.11032,-1.26296748628016,0.0851357343991955,1.597159367178714,0.0013921249999999,0.0453407450573915,0.0453621116613303,0.105008,0.159025,-0.3057379624136418,0.8582784157626759,2.3148834160098377,5.2154071250000005,83.62394032677088,83.78641815506161,115.633024,228.881862,-1.569066114290128,-0.0614979805987466,1.3800926993441898,-0.1397481236250171,-0.0555289186536537,-0.192216917735011,-0.9978556005091286,0.0004123665499407,0.0005414017290652,0.7616646342315734,True,B,N_531,val
928,531,17754,2022-07-12 01:07:57.816,False,0,0.0003285,0.0379157228007063,0.0379171458281078,0.064095,0.115769,-1.4075892335637057,-0.0645078774378176,1.690396220500503,0.0025274375,0.0430870854708356,0.0431611500621508,0.068856,0.137556,-1.2215400126218146,-0.036256083858703,1.595323569943094,4.991889499999999,83.83539800344815,83.9838848778548,114.440931,228.881862,-1.5598534789267666,-0.0659636077198276,1.362653456272493,0.0092404360408668,-0.0615374444305406,0.0417135372910023,-0.998130060462154,0.0004514812083681,0.0005139218092247,0.8785017492237419,True,B,N_531,val
929,532,17772,2022-07-12 01:08:01.324,False,0,0.0037553749999999,0.0221085548257767,0.0224252321699241,0.03969,0.075919,-0.4613759519250364,-0.4976810435679856,1.769881341662573,-0.0018287499999999,0.0445427933137056,0.0445803181095649,0.112495,0.168812,0.5062284945021327,1.1000472958037697,2.523422998542124,-4.023313937499999,84.12376268124133,84.21991749396038,115.633024,228.881862,-1.561049792420345,0.0722093777141265,1.372989043931233,-0.2325372252428992,0.0190036007914534,0.0902950306917962,-0.997476358072478,0.0002662699375303,0.0005293322462915,0.5030298822635071,True,B,N_532,val
930,532,17788,2022-07-12 01:08:02.924,False,0,0.0022352499999999,0.0215766464478959,0.0216921187185576,0.039168,0.076078,-0.9725284471697724,-0.071968758181964,1.805632751147156,0.0009501875,0.0481313826874144,0.0481407608548878,0.116492,0.177804,-0.1889913779654355,0.7265486237527174,2.4198204999531563,-4.470348812500001,83.6660158930645,83.78535811180818,114.440931,228.881862,-1.570187037189965,0.0687653164024651,1.3658822207011778,-0.1698963531799976,0.1864160425187447,-0.0508474402653555,-0.9974238797136674,0.0002589010682464,0.000574572478292,0.4505977540310359,True,B,N_532,val
931,532,17804,2022-07-12 01:08:04.524,False,0,-0.0034483749999999,0.0240234437734138,0.024269675335179,0.048114,0.078462,-0.8837970372446904,-0.4870308106520402,1.9824739859728728,0.00014675,0.0213733730038686,0.0213738767921264,0.039914,0.0629089999999999,-0.8815201146557179,0.6755257695497792,1.867419766109221,-4.097819875,83.9240785273722,84.02406253208946,114.440931,228.881862,-1.5705897226833174,0.0669291243390342,1.3620018784058925,-0.3557511586103934,-0.2964501795340237,0.0487030394078638,-0.9975278816977744,0.0002888419650729,0.0002543780453838,1.1354830745594742,True,B,N_532,val
932,533,17822,2022-07-12 01:08:09.198,False,0,-1.2437499999999428e-05,0.0362851581658547,0.0362851602974618,0.065117,0.1250669999999999,-0.7945186651901608,-0.2244550811719771,1.794590390842368,0.0010194999999999,0.0432519829877775,0.0432639967250484,0.080499,0.141632,-0.9677869143391744,0.2349334932249418,1.8606464056381031,-4.0978198125,85.31377769977043,85.41213492602537,116.825118,232.458142,-1.5581020811917243,0.0722686248316363,1.3677812655213584,0.2122020956641944,0.020477676361258,-0.0463931076186189,-0.9979738792995784,0.0004248244155106,0.0005065322013378,0.838691823320473,True,B,N_533,val
933,533,17838,2022-07-12 01:08:10.798,False,0,-0.0010868124999999,0.0413837751271841,0.041398043494681,0.098859,0.176634,0.4833880989729353,-0.1881422543043607,2.3880114047588226,-0.0023616875,0.0390708596890296,0.039142172201955,0.069339,0.123285,-1.0973140182607484,0.3768346151889025,1.771465304537615,-3.650784812499999,85.92943301664789,86.00695139527826,116.825118,232.458142,-1.5540122175882438,0.0865084799327441,1.3583218112578472,-0.4604939188437604,-0.0917408786290551,-0.007243664658958,-0.9975229523339502,0.0004813336924874,0.0004551047510341,1.0576327568405444,True,B,N_533,val
934,534,17860,2022-07-12 01:08:17.218,False,0,0.0028593125,0.0272709927274355,0.0274204797972701,0.057683,0.102486,-0.6328158694412114,0.4286170016812712,2.1036466329718517,-0.0023494374999999,0.0439115510116198,0.0439743580830067,0.08031,0.15764,-0.7747552461735063,0.0138224148372879,1.8262915822081016,-2.0861626875000003,87.16301490929045,87.18797648091109,116.825118,232.458142,-1.5913838235219382,0.0824329707033575,1.3399223461227785,-0.5146472751417814,-0.0112160540706868,-0.0853779306622277,-0.992517957607414,0.0003144984079688,0.0005043626410189,0.6235561129854535,True,B,N_534,val
935,536,17895,2022-07-12 01:08:34.704,False,0,-0.0039265625,0.0286432025028817,0.02891108684722,0.055322,0.098614,-1.0697302203326051,-0.0984713478506484,1.9135219748862369,-0.005532375,0.0320477893404424,0.032521807679617,0.062789,0.122615,-0.7260097334431226,0.2712491469586756,1.9306737380208048,-4.246831374999999,85.15747369912225,85.2633033816095,116.825118,233.650236,-1.5585891093123825,0.0636663679446673,1.3701687990803098,-0.2090261862880831,-0.1469450664312182,-0.4049552982078255,-0.9976384553119289,0.0003390800696264,0.000381427957747,0.8889753955878649,True,B,N_536,val
936,536,17911,2022-07-12 01:08:36.304,False,0,-0.0050306875,0.0284282782690025,0.0288699640121441,0.060681,0.110274,-0.245271600997242,-0.3535479032175599,2.1018730738449998,-0.0009016874999999,0.0446980997145275,0.0447071935871342,0.080682,0.156925,-0.8243422300611143,0.1155571173006488,1.8046760157904087,-4.3213374375,85.18970220325116,85.29923398675604,116.825118,232.458142,-1.5620977131457745,0.0673167512007735,1.3695916427354884,-0.1707897527971165,-0.2961988712606303,0.1115742755317621,-0.99752923749774,0.0003384551380218,0.0005241218648467,0.6457565706037138,True,B,N_536,val
937,536,17927,2022-07-12 01:08:37.904,False,0,0.0025127499999999,0.0314127301652928,0.0315130691777237,0.084868,0.137227,1.0588859709829208,0.8232020448530526,2.6931048677414253,0.0045713125,0.038544030388503,0.0388141620618363,0.096338,0.15143,0.3478351947572706,0.6979750540824708,2.482032198621732,-4.1723254375,85.31172801352693,85.41369466432421,118.017211,233.650235,-1.5537322130488875,0.0672244584115767,1.3817129848299807,-0.2686150108292205,0.1492172101691319,0.2123785869174071,-0.9981055384789668,0.000368946329995,0.0004544255135476,0.811896161187738,True,B,N_536,val
938,537,17945,2022-07-12 01:08:41.601,False,0,6.93125000000008e-05,0.0316637844483227,0.0316638603112839,0.068989,0.125635,-0.2454634870545353,-0.2899533861687174,2.178793088454054,-0.00779925,0.0350830294506831,0.0359394943759647,0.067578,0.1228539999999999,-0.7150409537111058,0.3983235800677885,1.880326954326719,-3.9488081875,85.6014097493839,85.6924409570855,116.825118,232.458142,-1.561017762903688,0.0679491272240522,1.363307156327892,-0.6905456010428076,0.0493832145420016,-0.3747968380021305,-0.9982211528932224,0.0003695058742362,0.0004194009877016,0.8810324369076199,True,B,N_537,val
939,537,17961,2022-07-12 01:08:43.201,False,0,-0.0028086249999999,0.0294292642192151,0.0295629830510217,0.062936,0.102384,-0.4849433101845202,0.6623315766248583,2.128878533380101,0.0018866249999999,0.0520026885409242,0.0520369000746105,0.08837,0.170764,-1.2260686419124427,-0.072683536582279,1.6982179928722712,-3.576279,86.10964198626894,86.18387444579903,118.017211,233.650235,-1.5552712228967471,0.0840066085851603,1.3693653454187755,-0.1065240075293953,-0.2777866188674128,0.1231812529843049,-0.997638124398456,0.0003430222096781,0.000603789286676,0.5681157603284276,True,B,N_537,val
940,537,17977,2022-07-12 01:08:44.801,False,0,-0.0006204999999999,0.0464986259339993,0.0465027658747305,0.077981,0.154336,-1.1302014869368993,0.0519304331967963,1.6769110080476888,0.0057374999999999,0.0537256732798668,0.0540311657807325,0.102921,0.2006919999999999,-0.3368921208163331,-0.0267275236649074,1.904845074371902,-2.533197687500001,87.54873917801913,87.58538018519288,116.825118,233.650236,-1.5804519175833347,0.0790477596878381,1.3338426773164864,0.0605319910082056,0.0210809064983469,0.113826482767344,-0.994166328461938,0.0005309421021682,0.0006168970856378,0.8606656029493512,True,B,N_537,val
941,538,17995,2022-07-12 01:08:49.676,False,0,-0.0049060625,0.0426489129938688,0.0429301668854489,0.072437,0.137022,-1.2401429996589082,0.3062653751450572,1.687321649442557,0.0016849999999999,0.0498682685457395,0.0498967276757704,0.112259,0.198172,-0.1657185757289001,0.0050970870044852,2.24982689705546,0.8195639374999999,88.61742402984049,88.62121375117925,118.017211,234.842329,-1.641507246625893,-0.0055725809846075,1.3317038438601794,-0.0021144509784713,0.0270441544030782,0.0639177710596061,-0.941890010818783,0.0004844231428152,0.0005630336751634,0.8603804073968477,True,B,N_538,val
942,538,18011,2022-07-12 01:08:51.276,False,0,-0.0021968749999999,0.0321616247293941,0.0322365687535134,0.055344,0.107482,-1.0818488589904658,0.0983381661075248,1.7168080270319734,-0.0030216875,0.036169186612569,0.0362951877741733,0.072743,0.125272,-1.084406627070944,-0.181348880095032,2.004205087809519,-0.7450580624999992,88.34856658525817,88.35170812828856,118.017211,233.650235,-1.625606560995493,0.0389012930605675,1.3357660366751087,-0.5219689716722032,0.1411609039438529,-0.0554238149792416,-0.9698815550752592,0.0003648663895292,0.0004108034642801,0.8881774893709775,True,B,N_538,val
943,539,18030,2022-07-12 01:08:57.709,False,0,-0.003089375,0.0296346592309473,0.0297952557569993,0.046916,0.08281,-1.467621917915047,-0.1876513452817116,1.5746130988984317,0.0014512499999999,0.0495810285725548,0.0496022632636354,0.084493,0.147082,-1.187593320197993,0.393678806800785,1.703410176082504,-4.246831375000001,84.734012318445,84.84037022732794,116.825118,232.458142,-1.5636170567118208,0.070463011991915,1.376999153669057,-0.2221516333126444,-0.3196378561621962,-0.1340176051624391,-0.997099095822854,0.0003511919582288,0.0005846540170761,0.600683392179866,True,B,N_539,test
944,542,18071,2022-07-12 01:09:23.128,False,0,0.000168375,0.0236441568412657,0.0236447563505103,0.04168,0.077429,-0.9417685703508014,-0.3252906795992106,1.7627587014277,-0.0023578749999999,0.0359585615620171,0.0360357839393706,0.079801,0.144289,-0.2420583860463843,0.4386239198822373,2.2144932418915437,5.215406937499999,84.50404690326536,84.66483574987313,115.633024,228.881862,-1.5696542504093527,-0.0654691104707781,1.3657739128156672,-0.6719626124963037,-0.0607124050731339,0.0911563273761015,-0.9975198139338296,0.0002792748151117,0.0004256286995681,0.6561465789197797,True,B,N_542,test
945,542,18087,2022-07-12 01:09:24.728,False,0,0.00157775,0.0338794917086649,0.0339162093032225,0.064995,0.119039,-0.8449177331625624,0.0074644570337318,1.9163403380054176,0.00703275,0.0481995822563588,0.0487099507518741,0.107401,0.162988,-0.9978419701039848,0.3405068866403414,2.2049088192902304,5.215407062500001,84.61328548831922,84.77386715229751,116.825118,232.458142,-1.5635663885645268,-0.0664921200738092,1.3780793766329185,-0.2419585141140262,0.0289570749472984,-0.3305391926858603,-0.997631474513563,0.0004000785907559,0.0005745868672519,0.6962891314752077,True,B,N_542,test
946,542,18103,2022-07-12 01:09:26.328,False,0,-0.00202275,0.0248006865240158,0.0248830377893254,0.039444,0.072979,-1.3488414346032438,0.0264606868099462,1.585176228640419,-0.0004064999999999,0.032457650159477,0.0324601955651071,0.074808,0.145844,0.5644451340008301,0.0244250569905424,2.304607187284305,4.9918896875000005,85.00636761780314,85.1528126266259,116.825118,231.266049,-1.5593871519686693,-0.0705172486613236,1.3719466732384913,-0.3335912485240853,-0.0169493128465162,0.0269496040585266,-0.9981486897838364,0.0002922162759136,0.0003811993352167,0.7665707909681648,True,B,N_542,test
947,543,18121,2022-07-12 01:09:29.681,False,0,0.0002994999999999,0.0388253084759155,0.038826463636288,0.089697,0.17241,0.5133472358936402,0.1297779029620481,2.3102026710505563,0.000749375,0.0314187409376851,0.0314276764174509,0.055521,0.093755,-1.4602871796580952,0.2261545562331743,1.7666275820878297,2.3096803124999994,87.41431013364604,87.44481825292567,115.633024,231.266048,-1.6221767430019178,-0.0516828948316766,1.3223542150381362,-0.4516968870781813,-0.0517954938844457,0.0076819455431647,-0.9775557914668896,0.0004440110278917,0.0003594000999184,1.2354226612416317,True,B,N_543,test
948,543,18137,2022-07-12 01:09:31.281,False,0,0.0033038749999999,0.0331293963985819,0.0332937305772423,0.064709,0.112659,-0.9903533864498448,0.0294806489361004,1.9435791327100893,-0.0054062499999999,0.0464631400258581,0.0467766065477712,0.084408,0.159956,-0.9630356167095891,0.0331599810461431,1.8044917369924447,0.8195640000000006,87.66922273135114,87.67305343986459,116.825118,232.458142,-1.6476463519072624,-0.0016344294794449,1.3325088315776634,-0.5257470520952499,0.0187661372237226,0.1888579138667946,-0.9488286126737996,0.0003797487286111,0.0005335345891637,0.7117602800716338,True,B,N_543,test
949,543,18153,2022-07-12 01:09:32.881,False,0,-0.0029730625,0.0333316629281917,0.0334639933986889,0.056476,0.10957,-1.37845790394897,-0.0584609722488436,1.6876646886444986,-0.000223375,0.0480337097592344,0.0480342291457352,0.083132,0.1535409999999999,-1.0777616426879542,0.2405188734322704,1.730682504506913,-0.8195638749999992,87.61551192125992,87.61934497683514,116.825118,231.266049,-1.63166847055199,0.0419630642053244,1.333325626103303,-0.1610388212855441,-0.0125965106142681,-0.039353413549946,-0.9690116508513515,0.0003819247154556,0.0005482148851767,0.6966697289376637,True,B,N_543,test
950,544,18171,2022-07-12 01:09:37.774,False,0,-0.0030775625,0.0381966329896509,0.0383204144378358,0.063444,0.126078,-1.114242754449545,0.1917853907151967,1.6556188373933196,-0.0031625,0.036808768939955,0.0369443754464059,0.074368,0.145764,-0.4522779063273625,-0.0078761641276715,2.012972180511845,-4.172325500000001,84.48210350296081,84.58507026871193,116.825118,232.458142,-1.565472968780904,0.0674243880714298,1.381155298788156,-0.471776059777268,-0.1358049065362721,-0.0955491194740983,-0.997704496133534,0.0004530399314689,0.0004367718242597,1.037246237750754,True,B,N_544,test
951,544,18187,2022-07-12 01:09:39.374,False,0,0.000214875,0.038924023312851,0.0389246164030552,0.08987,0.160683,-0.0850643139643434,0.1814034243278006,2.3088217252911942,0.0066785625,0.0447080704291305,0.0452041453692302,0.088537,0.146003,-0.9979955294869778,0.2639255597394756,1.95860355896178,-3.948808125,84.79766629008385,84.88955939249827,115.633024,231.266048,-1.5560517201627808,0.0736045605961448,1.362158371742221,-0.302212064077155,-0.0311898885514417,0.3542711403376504,-0.9980608013676802,0.0004585324353385,0.0005325053598196,0.861085108127067,True,B,N_544,test
952,545,18207,2022-07-12 01:09:45.835,False,0,0.00153775,0.0280979145255924,0.0281399622556605,0.049617,0.083776,-1.225545617932839,0.2309979777898434,1.7632219812242005,-0.0030138125,0.052716681063989,0.0528027606114254,0.105989,0.180483,-0.9224350663482208,0.3097465467175495,2.0072624759143025,4.768372187500001,85.74891011054089,85.88138889459198,116.825118,232.458142,-1.5582440247518274,-0.0779487552949447,1.360307739589393,-0.2254607316265164,-0.0820618415544495,0.115824667583094,-0.998374508549856,0.0003276607728153,0.0006148335662833,0.5329259669346084,True,B,N_545,test
953,548,18244,2022-07-12 01:10:11.168,False,0,0.000641625,0.0344406156011238,0.0344465917853276,0.081247,0.135093,-0.005278599746314,-0.5286254485477246,2.358636828465765,-0.004849625,0.0376023279380329,0.0379137696490338,0.066703,0.127668,-1.1670376955293202,0.1614156673976276,1.7593344217013194,-3.7997964375,84.80552147020123,84.89060563336322,116.825118,231.266049,-1.5519903577311616,0.076894968273896,1.3761842918704077,-0.4422734990791688,0.1084835903153054,-0.3263856404757771,-0.9970489250900016,0.0004057762520166,0.0004466191443229,0.9085509593004928,True,B,N_548,test
954,548,18260,2022-07-12 01:10:12.768,False,0,-0.0013026249999999,0.0220856868012832,0.0221240681922425,0.044405,0.073728,-1.020689255026976,-0.3229007834591924,2.007090179534424,-0.0028401249999999,0.0378548207281367,0.0379612139212512,0.077159,0.146116,-0.3179831618198192,-0.2077325171344213,2.0325746210345828,-4.246831375000001,84.6595576846737,84.76600901359151,116.825118,232.458142,-1.5631220764161309,0.0697068771036674,1.378207129950734,-0.4761256085189832,-0.2057560963648734,-0.1540581216519906,-0.997302901784151,0.0002610016497142,0.0004478353335611,0.582807184146901,True,B,N_548,test
955,548,18276,2022-07-12 01:10:14.368,False,0,-0.0012131249999999,0.0313044024776767,0.0313278994946996,0.056219,0.102974,-1.2215881244281792,0.1876697531635862,1.7945346131333106,0.0048886875,0.0392638733900495,0.0395670446086449,0.07527,0.133015,-0.8508151159631416,0.2393800456756647,1.9023407167376447,-4.2468315,84.51150248955516,84.61814008137662,115.633024,230.073955,-1.565266823379972,0.0647890392431759,1.3665276013960672,-0.3533535186858623,0.0198154764059761,0.1450484618892653,-0.9975132722750888,0.0003702267559245,0.00046759530014,0.7917674874270193,True,B,N_548,test
956,549,18294,2022-07-12 01:10:18.055,False,0,0.0006564999999999,0.0452003789254028,0.045205146247413,0.076254,0.142677,-1.3405276415254377,-0.1095876263718047,1.68684334262858,-0.0012745625,0.0656650456635499,0.0656774141662299,0.147532,0.2318,0.3067906252993158,1.118654936837408,2.2463125546720764,5.140901124999999,84.51018874431401,84.66640931311902,115.633024,231.266048,-1.5587617427624008,-0.0681834597700204,1.365748529294046,-0.0070774635539067,0.0087748375097986,-0.0379218372760326,-0.9979903042512452,0.0005339206730762,0.0007757198480372,0.6882905915418431,True,B,N_549,test
957,549,18310,2022-07-12 01:10:19.655,False,0,-0.0004618749999999,0.0433878900672108,0.0433903483853264,0.095986,0.1600929999999999,-0.4596756744266237,0.5419366543318848,2.2121509407483844,0.0034413125,0.051770984282606,0.0518852334032766,0.08778,0.149148,-1.3686790496671772,0.3817946503995358,1.6918108340716542,4.991889625,85.07843089302884,85.22475206914987,116.825118,232.458142,-1.5519993338588338,-0.0763656734173379,1.3707885932623207,0.2816835904750817,-0.0397384482953305,-0.034249208172835,-0.9985102706463224,0.0005091284788968,0.0006088047444383,0.836275478382761,True,B,N_549,test
958,549,18326,2022-07-12 01:10:21.255,False,0,0.00029375,0.0558614884060342,0.055862260749096,0.085724,0.1688239999999999,-1.5168944113418477,-0.0624918057079509,1.5345601637038493,-0.0011482499999999,0.0407386070338996,0.0407547859904208,0.090046,0.160319,-0.4354870424234809,-0.3757272053426012,2.20945829579782,3.9488083125,86.1062575071378,86.19675555944315,116.825118,231.266049,-1.5640148079604506,-0.0856828691294583,1.3553308038309502,-0.2119045761699762,0.0520207284253917,0.0104358115913917,-0.9970290174107932,0.0006480784617301,0.0004728111368683,1.3706920400030125,True,B,N_549,test
959,550,18343,2022-07-12 01:10:26.247,False,0,-0.0031134374999999,0.0211518886242125,0.0213798008745989,0.046835,0.087727,-0.1370792704769865,-0.036581697659448,2.190619092979679,0.0003136874999999,0.04303332841345,0.0430344716963912,0.088221,0.138169,-0.9079439928143715,0.6582715051604993,2.050007738503223,3.05473825,84.58713747846274,84.6422781627265,113.248838,226.497676,-1.5889675194206887,-0.0726500190889894,1.3379701073531696,-0.5284677858293231,0.1412622747749072,-0.0293948582988662,-0.9925325370519592,0.000252590092548,0.0005084276159681,0.4968063980297857,True,B,N_550,test
960,550,18359,2022-07-12 01:10:27.847,False,0,0.0006160625,0.0367327001686997,0.0367378659517329,0.092123,0.168448,0.9359912702885786,-0.4312986766332372,2.5075762462913134,0.003609125,0.0392360406289214,0.0394016835617464,0.092785,0.169004,0.2683614782378685,0.3179741557084551,2.3548486159124766,2.9802326250000006,84.92773980311273,84.9800139713117,115.633024,230.073955,-1.564382460512061,-0.0691567639381754,1.3607084606862552,-0.0122613577416548,0.0374310243344485,-0.1115583741357501,-0.9970497010720736,0.0004323118370412,0.0004636582382187,0.9323933048231552,True,B,N_550,test
961,551,18389,2022-07-12 01:10:34.272,False,0,-0.0016853125,0.0421925117004172,0.0422261568439812,0.06434,0.126726,-1.4241477792279165,-0.0467172352910461,1.5237001140720872,0.0027284375,0.0403281897591014,0.0404203817453212,0.079714,0.138158,-0.8814355453223062,0.359499483555935,1.97212387805385,-4.246831312500001,84.25889567546882,84.36585255093657,116.825118,232.458142,-1.5618385201622629,0.0710327634393734,1.3847441170521675,-0.2276251305826716,0.0219902044124105,0.0322781908241507,-0.9975052777785888,0.0005005124178468,0.0004791083183912,1.0446748650232371,True,B,N_551,test
962,551,18405,2022-07-12 01:10:35.872,False,0,-0.0006840624999999,0.0413836293002268,0.0413892826171522,0.088498,0.162931,-0.4165985098811942,-0.1803856448933066,2.1381863710613174,-0.0016895,0.0278135846777253,0.027864850670244,0.05204,0.099295,-0.7600431117879207,0.1065467530997278,1.8675858204247189,-4.0978199375,84.59868686259038,84.69787451356022,115.633024,230.073955,-1.559376365022808,0.0747512849188396,1.3652411546819516,-0.6305861357623784,-0.1581507959990673,-0.0288390158221201,-0.9977815741463202,0.0004886696727026,0.0003289911444682,1.4853581347683475,True,B,N_551,test
963,552,18434,2022-07-12 01:10:42.242,False,0,0.0026566875,0.0259624340627924,0.0260980070299917,0.045377,0.082811,-1.1032558753593658,-0.4507861644246038,1.7387151420356677,0.0004171875,0.0345957532188178,0.0345982685432016,0.060705,0.118244,-1.0030108250199588,0.2788373381162584,1.7545675710389874,1.1175872500000006,87.87236761120056,87.87947422953401,116.825118,231.266049,-1.6451009842183937,-0.0154910771203747,1.3293788910805535,-0.5656259460559225,0.1003987862953023,-0.2249707573344524,-0.9508575416137444,0.0002969750019421,0.0003937013602611,0.7543154073564134,True,B,N_552,test
964,553,18465,2022-07-12 01:10:50.426,False,0,0.0056921875,0.0486231595065802,0.048955210539201,0.10891,0.17517,-0.5125366930740847,0.3493371756384413,2.224686581886723,-0.0027290625,0.053392769000667,0.0534624687391772,0.087547,0.159195,-1.3392252052468403,0.4045251198295932,1.6375412895185986,-4.246831374999999,84.42948809587695,84.53622913792353,114.440931,228.881862,-1.5662152302105277,0.0645379964339033,1.353750127809534,0.0524378726340156,0.2036454668802639,-0.1633046288828994,-0.9976430291593124,0.0005791033150926,0.0006324207891027,0.9156930402528668,True,B,N_553,test
965,555,18485,2022-07-12 01:11:00.537,False,0,0.0006241249999999,0.0438909707540671,0.0438954080257832,0.083436,0.1531779999999999,-0.9583862756751368,0.1433416349426298,1.9007910793537075,0.00340025,0.0485577345930851,0.0486766400738074,0.090506,0.157186,-1.056578104550288,0.3854115556579902,1.859331290384206,3.799796624999999,86.17791635169249,86.26164687223788,116.825118,232.458142,-1.563028011544455,-0.0862395221922738,1.35431124069576,-0.0888329348977344,0.0711161525688656,-0.0158545336737149,-0.9941476022987132,0.0005088635519652,0.0005642906417715,0.9017756352785544,True,B,N_555,test
966,555,18501,2022-07-12 01:11:02.137,False,0,0.00179425,0.0295122385746574,0.0295667306063758,0.061627,0.1056199999999999,-0.8016194404120482,0.3033920283418897,2.0843359660033114,-0.0006704375,0.0430665716274942,0.0430717898187142,0.079471,0.139486,-1.038002084272816,0.3654506691219379,1.845082369097896,4.619360562499999,85.46034538584033,85.5850987349638,115.633024,231.266048,-1.549230441247494,-0.0837873128032036,1.3510882818291454,-0.4715456619882709,-0.2210800913915811,-0.1309970297655021,-0.9952861597710478,0.0003454658701503,0.0005032627227795,0.6864523329729229,True,B,N_555,test
967,555,18517,2022-07-12 01:11:03.737,False,0,0.0014458125,0.0254161906597417,0.0254572803228762,0.043893,0.086898,-1.2295696409933932,0.0715278141551107,1.7241826087980516,-0.0052267499999999,0.0451241090860805,0.0454258091438666,0.094314,0.184763,-0.1396337755603705,-0.1155155566882116,2.076220584234418,5.066395375000001,84.9826268577986,85.13351413954233,116.825118,231.266049,-1.5534337341254143,-0.0722559039414335,1.3722576729125968,-0.1668039030745324,-0.0599025318456107,0.3373731434673234,-0.9969926001348428,0.0002990277164073,0.000533583155858,0.560414460472267,True,B,N_555,test
968,556,18535,2022-07-12 01:11:07.348,False,0,-0.0001238124999999,0.0380273113600915,0.0380275129191024,0.078508,0.135184,-0.6947541734724734,-0.3874233481269789,2.0645052482662622,0.0042246249999999,0.0400203710516203,0.040242732952671,0.089719,0.14975,-0.060582858266609,0.5448387421171645,2.229445999741549,-4.246831375000001,84.55037902073013,84.65696763572863,116.825118,232.458142,-1.5634522606853365,0.0681143100420959,1.3799823128875588,-0.4666077366329718,0.0102869196169336,0.1454386309028665,-0.9974820691733174,0.0004491953111612,0.0004753623248807,0.9449535389116344,True,B,N_556,test
969,556,18551,2022-07-12 01:11:08.948,False,0,-0.0034851874999999,0.0376416676191736,0.0378026675389779,0.065156,0.119765,-1.3571668650807651,0.0741455046466029,1.7235820708371503,-0.0037481875,0.0377982846737433,0.0379836706205772,0.07236,0.136035,-0.9752706155298836,0.1319590910846235,1.905029156418596,-4.1723256875,84.91414323047377,85.01658674757525,115.633024,231.266048,-1.5569859344315002,0.0720552674908104,1.3601231056632366,-0.1685667528510337,-0.035142459539908,-0.2398570431317727,-0.9981199872725564,0.0004446504968638,0.000446779529427,0.9952347132690972,True,B,N_556,test
970,556,18567,2022-07-12 01:11:10.548,False,0,0.000650875,0.0329709351927477,0.0329773589868867,0.077259,0.146525,0.5915352764203381,0.2308100580000552,2.3427891854748464,0.0015338749999999,0.0399757529226702,0.0400051695940662,0.076254,0.143255,-0.9408000946174386,0.0797211745811181,1.9061036554463304,-3.3527615624999987,85.52719094092345,85.5928817153632,116.825118,231.266049,-1.5556394641437203,0.0848038476751295,1.3648929170126407,-0.7697196061249473,-0.0768910056628728,0.0747897932350516,-0.9980923143855625,0.000385281559938,0.0004673889789936,0.8243274387162735,True,B,N_556,test
971,557,18585,2022-07-12 01:11:14.704,False,0,0.0007475624999999,0.0315932881122888,0.0316021313116299,0.055746,0.10764,-0.9669277575841572,0.2818873091196336,1.7639949486408493,-0.0044134999999999,0.0496791033735513,0.049874766107221,0.098854,0.168766,-0.9100361835686764,-0.1717553005570443,1.9820443826740608,4.6938665,85.10061198668082,85.22996270811942,116.825118,232.458142,-1.5488768064305185,-0.0821311589646784,1.3707047884097066,-0.2120692796550949,-0.018285361383287,0.2008437387363149,-0.9963175938448768,0.0003707866377913,0.0005851787859866,0.6336296644217141,True,B,N_557,test
972,557,18601,2022-07-12 01:11:16.304,False,0,-0.0002982499999999,0.0294264091474393,0.0294279205581196,0.057446,0.104746,-0.8951889664453034,-0.4481474349733729,1.9520917180181028,-0.0022265625,0.0319697894424735,0.0320472310436096,0.063895,0.11435,-0.4872829875125433,0.398145578525572,1.993775996217959,4.991889437499999,84.62204324916267,84.76915219476588,115.633024,231.266048,-1.5535108231560726,-0.0700075647105104,1.3640931990722427,-0.4554999102260939,0.1110746033960715,0.0026977463272581,-0.9972453774137012,0.0003471536496024,0.0003780529852413,0.9182671825242652,True,B,N_557,test
973,558,18630,2022-07-12 01:11:22.827,False,0,0.0012245625,0.0373013397764891,0.0373214348925319,0.063404,0.104643,-1.4891729504456477,0.3118116419218583,1.6988628701595616,0.0071844375,0.0613838458950813,0.0618028533246038,0.127148,0.222921,-0.8224657088550353,-0.0827094410655204,2.057316016336451,2.0861629375,86.3820299127098,86.40721710390913,115.633024,230.073955,-1.6169558557417674,-0.0566333504763224,1.3382334008158756,-0.411642188198367,0.0110118939811709,-0.0986261618383395,-0.978666088454398,0.0004319249727444,0.0007152510565209,0.6038788322039199,True,B,N_558,test
974,559,18660,2022-07-12 01:11:30.788,False,0,-0.0019068125,0.0422038913256508,0.0422469451787641,0.065576,0.127441,-1.38612717318606,0.1462649288563482,1.552206904487913,0.0049106875,0.0328103138485422,0.0331757674600377,0.065038,0.119482,-0.8765948444830434,0.1484297472331631,1.960406796266047,-1.4901162499999994,85.45164093665953,85.46463236454188,115.633024,228.881862,-1.5976646045128369,0.0663266790169512,1.3529927035405418,-0.2147392825065482,0.0357299567080125,0.007750237661964,-0.9892967705098537,0.0004943207969182,0.000388181245764,1.273427818351245,True,B,N_559,test
975,561,18684,2022-07-12 01:11:47.790,False,0,0.0043936249999999,0.0575773516431102,0.0577447431622567,0.101319,0.200351,-1.040777389788866,-0.0663999277938775,1.7546012753975555,0.0161924375,0.037265377756989,0.0406313107290732,0.084268,0.120333,-0.9617466170531364,0.5420261318807088,2.0739670586039725,-3.50177325,86.06782608766834,86.13903356406745,121.59349,238.418608,-1.4867856263610992,0.0754860523903996,1.4115957071838132,0.7402848018060733,0.0622112276493667,-0.1227763018314086,-0.9965940948984758,0.0006703667405242,0.0004716945274159,1.4211882936116618,True,A,N_561,test
976,561,18700,2022-07-12 01:11:49.390,False,0,-0.0069589375,0.059500143580151,0.059905708385658,0.109221,0.218108,-0.9359138589155428,0.1205674284675127,1.8232152317916412,-0.011807625,0.0482654514972601,0.0496887695196308,0.107875,0.164032,-0.3784710464136314,-0.8097145010612432,2.171013712814544,-3.94880825,86.10110005381348,86.19160351839423,121.59349,241.994887,-1.4846841831391082,0.0644290483143356,1.4107347471966991,0.6940345683195756,-0.1680227410741003,0.0839891996067908,-0.9974973929182112,0.0006950295149442,0.0005764919956388,1.2056186732897596,True,A,N_561,test
977,561,18716,2022-07-12 01:11:50.990,False,0,0.0037386875,0.0679029918612931,0.0680058386312344,0.126291,0.220514,-1.145563726408803,0.1517440481781351,1.8570611368359144,-0.00813475,0.0435862830450991,0.0443389019626106,0.073372,0.134389,-1.2681706931269527,0.29514010300485,1.6547996624244747,-4.172325687500001,86.5540819114662,86.65458670595211,125.169769,247.955352,-1.4809051078137825,0.0551147586434312,1.44446790133271,0.6503626019341642,-0.0173074230741335,-0.0167337801137977,-0.9978019059141056,0.0007847921410323,0.0005116740342097,1.5337736304020615,True,A,N_561,test
978,562,18734,2022-07-12 01:11:55.696,False,0,-0.0239505624999999,0.0583449486191486,0.0630695050990373,0.129583,0.207879,-0.8864615764734354,0.0842562851027353,2.054606260133439,-0.0139244374999999,0.0445024397027409,0.0466300021358298,0.127375,0.155801,0.264018837140588,-1.1493233131254963,2.7316104260292686,-3.5762790000000013,84.28949200828114,84.3653260202314,113.248838,225.305583,-1.5337073774706846,0.1035359611413255,1.3423623583561113,-0.1483833202270737,0.2254061792047668,0.0156862932506801,-0.9830830896339688,0.0007475761438284,0.0005527152484973,1.3525520525459205,True,A,N_562,test
979,562,18750,2022-07-12 01:11:57.296,False,0,0.0166729375,0.0628526844638205,0.0650265083576498,0.133575,0.222331,-0.785017752868276,0.2947464429695073,2.0541622697212847,0.0044380625,0.0398019997651951,0.0400486651970137,0.07351,0.137522,-1.144104992826112,-0.0578628181039125,1.8355168552654115,-4.097819749999999,81.50701162368105,81.60995693251141,112.056745,221.729304,-1.51873507660564,0.1003532296007341,1.3730768794874753,0.3658663380390365,-0.0871579732334271,-0.2540649008041072,-0.9942483774229056,0.0007967962587141,0.000490732585855,1.623687282404072,True,A,N_562,test
980,562,18766,2022-07-12 01:11:58.896,False,0,0.0061313125,0.0514295717519584,0.0517937625932167,0.107501,0.209275,-0.297797029448029,-0.3311012269930264,2.0755588051075287,0.0017253124999999,0.0609267927297986,0.0609512163583508,0.116351,0.211194,-0.7117897831404925,-0.503701240754056,1.908920066761864,-3.352761749999999,80.84093768348744,80.91043330064275,109.672559,219.345118,-1.5282811127286349,0.0722545113255166,1.3554810489332625,0.2733787946761766,-0.4122331498207179,0.0751897325501695,-0.997427390253652,0.0006401370068154,0.000753317141831,0.8497576535422257,True,A,N_562,test
981,563,18784,2022-07-12 01:12:03.184,False,0,-0.0247768125,0.058745711334125,0.0637569528585902,0.10808,0.184479,-1.2642531867256226,0.3027196654946806,1.6951876643119388,-0.0133006875,0.1251738131358346,0.12587848022175,0.22273,0.409705,-1.067265118884454,0.3020761116160496,1.7694049023124083,6.705523375,138.42073581002904,138.5830586540885,206.232095,404.119539,-1.3997508215379912,-0.0851390062191415,1.488147952591864,0.2736015433598057,-0.0047061485165818,0.1609265521952314,-0.9930059689185652,0.0004600631092847,0.0009083251693552,0.5064960487787488,True,A,N_563,test
982,563,18800,2022-07-12 01:12:04.784,False,0,-0.003280875,0.055414042252252,0.0555110819521651,0.133772,0.217812,-0.0534510970599058,-0.4651125030440182,2.4098251249232274,-0.009063875,0.1030916114560703,0.1034892950146294,0.172265,0.305187,-1.3138249525910397,0.384798724115627,1.664568301249403,8.121133687499999,134.39112191566983,134.6362746889659,201.463723,400.54326,-1.375819540816221,-0.0825556630103304,1.496355447039942,0.0104590748284108,-0.2581381519166754,0.1350937795719564,-0.9964245786206268,0.0004123040546123,0.0007686583370916,0.5363944352342728,True,A,N_563,test
983,564,18828,2022-07-12 01:12:11.247,False,0,-0.017447625,0.0492403902513919,0.052240172762444,0.136546,0.192972,-0.0813846910165176,-0.723446724232221,2.613812182837272,-0.0131626249999999,0.1451127285896533,0.1457084715986857,0.21007,0.416846,-1.3504120604578658,0.2838062432628118,1.441714388292951,-8.791686187499998,149.7256961001798,149.98359183158294,227.68977,454.187447,-1.4219893896164577,0.0558962195023805,1.5180978613692195,0.505917648074429,-0.1529975579939278,-0.1167912693660972,-0.998657166005263,0.0003483059188308,0.0009714960804666,0.3585252949898846,True,A,N_564,test
984,565,18858,2022-07-12 01:12:19.195,False,0,-0.0091631875,0.0721733383470124,0.0727526959865577,0.116295,0.2289959999999999,-1.2386045131496195,0.1654930965268519,1.5984974635371223,-0.0010461249999999,0.0523236893491788,0.052334146067601,0.11889,0.2084,-0.2952777794488241,-0.2939220042571063,2.2717481593456688,4.544854749999999,83.33810916698923,83.46194428736734,112.056745,222.921397,-1.5223934987737455,-0.0801185754292398,1.3426088495395945,0.8005365091892469,-0.1363157853636707,-0.0046156335634213,-0.9963395208416213,0.0008716870498015,0.0006270420191435,1.390157315122362,True,A,N_565,test
985,567,18880,2022-07-12 01:12:29.385,False,0,-0.0109355624999999,0.0770259712807705,0.0777983725982587,0.211745,0.328132,1.0248402476604266,-1.0399464919632573,2.721715029868621,-0.0134366249999999,0.1455447246844913,0.146163640399639,0.238529,0.420604,-1.3773824837811384,0.3607052834848356,1.6319311652871846,-6.705523374999997,160.59105737971285,160.73099189038464,240.802793,480.413493,-1.3939154868913883,0.0862896124110817,1.4981727554087565,0.507866314447483,0.0595432905958624,-0.1063455268900513,-0.9962757918644404,0.0004840284482989,0.0009093681229773,0.532268985539381,True,A,N_567,test
986,567,18896,2022-07-12 01:12:30.985,False,0,0.007354625,0.064737324111438,0.0651537538596204,0.139718,0.257833,-0.274347459215174,-0.0941255537879923,2.144435151058755,-0.0006983125,0.1412462093538791,0.1412479355501789,0.234249,0.421797,-1.1740420013288724,0.5973561135099466,1.6584242388221109,-5.215406875000001,159.8643404030175,159.94939137540865,234.842328,469.684656,-1.412045541809812,0.0938493953949597,1.4682289565504765,0.3591445210402648,-0.0003713219202034,-0.0261425277706609,-0.9931384478672224,0.000407339804793,0.0008830789184978,0.4612722558091778,True,A,N_567,test
987,567,18912,2022-07-12 01:12:32.585,False,0,0.0102313125,0.0648867662660487,0.065688447933693,0.124824,0.227928,-0.4804231761791211,-0.5781974102615572,1.900242796511182,0.0022655625,0.1381806913795161,0.1381992628184481,0.272816,0.422114,-1.1571579751428285,0.5934698360774796,1.974077100240378,-2.980232625000003,158.85394530049422,158.88189866700213,237.226514,463.724191,-1.4543582974134073,0.0791142031312438,1.4930996922261046,0.3803853823504253,0.1479955540096947,0.0221879147093406,-0.9850761793931004,0.0004134419873176,0.0008698238375669,0.4753169198882609,True,A,N_567,test
988,568,18930,2022-07-12 01:12:36.055,False,0,-0.0016984999999999,0.0375850464014613,0.0376234051522453,0.083541,0.148898,-0.2129868633465665,-0.5185290858460009,2.220452924501289,0.0056173749999999,0.0447135439099203,0.0450650187049223,0.095011,0.179586,-0.4572498376530829,-0.0376729315897158,2.108309343486907,4.69386625,81.94552432572983,82.07984732802365,110.864652,221.729304,-1.52763127814591,-0.0857691374138296,1.3506927170190857,0.4189521462480404,-0.2367364821880209,-0.113415576437591,-0.9983732477603908,0.0004583756717027,0.0005490387734863,0.8348694005564857,True,A,N_568,test
989,568,18946,2022-07-12 01:12:37.655,False,0,0.0001852499999999,0.059174604387672,0.0591748943556302,0.104037,0.191359,-1.206935004160354,-0.1884850723379904,1.7581273466202871,-0.0048318125,0.0359058994599403,0.036229546340832,0.066115,0.124058,-0.8917639260249293,-0.2198002222002834,1.824891743827492,3.2037500000000008,83.22773074364434,83.28937014288836,110.864652,221.729304,-1.5614753858974255,-0.0795334422903693,1.331078045251206,-0.061305137919247,-0.0734559730134196,-0.1345747071294007,-0.9942805609090098,0.0007104735484745,0.0004349840355219,1.6333324684482142,True,A,N_568,test
990,568,18962,2022-07-12 01:12:39.255,False,0,0.00867975,0.0434797041280469,0.0443375995192004,0.126744,0.190894,1.382265767783622,0.9620275794048474,2.858612134495768,0.0010322499999999,0.0449846440667534,0.044996485883622,0.083374,0.157958,-0.9471725388983404,-0.0929185945626102,1.8529002512693256,1.8626454375,84.35265892076663,84.37322155179942,112.056745,221.729304,-1.608521756730473,-0.0413303680530719,1.3281079344730815,0.2304347028549468,0.0993204421573809,-0.010627492940501,-0.9701583860358772,0.0005254937372751,0.0005333029254548,0.9853569372922634,True,A,N_568,test
991,569,18980,2022-07-12 01:12:43.312,False,0,0.0748120625,0.1101137345057763,0.1331235487143897,0.300395,0.388622,-0.8206191392407276,0.1676971124960221,2.2565128626827944,0.0294645625,0.1327232606633859,0.1359544937265315,0.337095,0.537044,-0.0313553329492379,0.532027659056438,2.479469348604664,0.3725291250000011,125.39501256363616,125.39556592552802,180.006048,358.820003,-1.4846108526195334,0.013610538706964,1.4355056869148384,-0.3686612328265323,0.3996731183287387,-0.2302598373386439,-0.9605155456491667,0.0010616288361699,0.001084204953525,0.9791772604601352,True,A,N_569,test
992,569,18996,2022-07-12 01:12:44.912,False,0,-0.00248725,0.1031653861940258,0.1031953648238378,0.190961,0.360432,-0.7066361469335671,0.3995143520450427,1.8504804002193755,-0.011923125,0.1117500980625268,0.1123843642449873,0.180376,0.350373,-1.3538974236159271,0.0656266054991347,1.604991950720095,-0.8940698125000015,126.3080797200321,126.31124401014982,184.774421,367.164656,-1.461832745261437,0.0505152285268576,1.4628501401280818,0.0605809411349433,-0.5694820506508207,0.077796284876375,-0.9785675404463066,0.0008169927042721,0.0008897415675516,0.9182359620674782,True,A,N_569,test
993,570,19024,2022-07-12 01:12:51.468,False,0,0.0143513125,0.0450848476607146,0.0473138844216208,0.094502,0.148387,-1.255128677392702,0.0185569713304142,1.9973418195360788,0.00672275,0.0559544002877566,0.0563568121802945,0.124843,0.2101029999999999,-0.3431784062496157,-0.5481985358484134,2.2152246582118056,4.097819750000001,81.28659496242172,81.38981906410834,110.864652,220.537211,-1.5193321535217428,-0.0750283112415865,1.3621439791219492,0.194765190903028,0.1091301185913072,-0.0212446831980772,-0.9962490689511414,0.0005813243593078,0.0006924307343146,0.839541531736325,True,A,N_570,test
994,570,19040,2022-07-12 01:12:53.068,False,0,-0.0055935625,0.042739864437327,0.0431043379900735,0.094241,0.165463,-0.1591318042242209,0.500227370736077,2.1863460708224447,-0.0099795624999999,0.0516523432381929,0.0526075681788038,0.083239,0.1662799999999999,-1.260431440199946,0.1583273351426529,1.5822628355883177,4.768372125,80.62617052127916,80.76705235211237,109.672559,219.345118,-1.5157928366634583,-0.0745675646160196,1.3578873538911769,-0.2733795014171867,0.0919749357609595,-0.0844806708581615,-0.9969843750058685,0.0005336871500789,0.0006513493639641,0.8193562158883584,True,A,N_570,test
995,571,19066,2022-07-12 01:12:59.519,False,0,0.0099603749999999,0.0643823433043515,0.0651482555368906,0.186993,0.2947079999999999,1.5017931491737937,0.9227450152701288,2.870268719537916,0.0135091875,0.1707211641515993,0.1712548219355808,0.275069,0.5347500000000001,-1.351364819922776,-0.0564149246140284,1.6061971096117216,6.4820058750000005,159.7682477153307,159.89968535988683,239.6107,470.876749,-1.3973697574368986,-0.0837358679125808,1.498506388306564,0.6448346661330125,0.0100839632852112,-0.1007490895034776,-0.9959811134272292,0.000407432043348,0.0010710141270768,0.3804170580457978,True,A,N_571,test
996,572,19096,2022-07-12 01:13:07.457,False,0,0.0050151874999999,0.0857017951155478,0.0858484117016005,0.167167,0.322898,-0.6027419731279435,-0.2257497052090463,1.9472346277186097,-0.0022204999999999,0.1015391152629123,0.101563391773931,0.176731,0.29615,-1.0118149752837904,0.6939588726851912,1.740105336314327,2.6822093125000004,116.46533908781676,116.496220778342,172.85349,344.514887,-1.460480733415077,-0.0645318747193724,1.4837690771865404,0.4566254777785562,-0.0762421361134418,0.023607823895205,-0.9774295106093016,0.0007369201432288,0.0008718170520499,0.8452692471386705,True,A,N_572,test
997,574,19124,2022-07-12 01:13:24.740,False,0,-0.0061520625,0.087854777506312,0.0880699142936309,0.15975,0.282333,-1.2186082554018016,-0.1955121980915778,1.813899800871645,-0.0123505625,0.1080273765463926,0.1087310925060651,0.213084,0.336045,-0.8085231182958017,0.7797380173510453,1.959733826716713,-3.7252906875,125.47372050569057,125.52900990705903,184.774421,364.780469,-1.4492589256909914,0.0732645483712549,1.4719658916835712,0.409396485339854,0.0270942602832851,-0.0912781977159681,-0.9908073952815012,0.0007015901293162,0.0008661829850053,0.8099791169551459,True,A,N_574,test
998,574,19140,2022-07-12 01:13:26.340,False,0,0.0033334375,0.0604314999120582,0.0605233672822943,0.114904,0.200521,-0.5782429826387938,-0.5357869998293785,1.8985063977696808,-0.0039937499999999,0.1098286905642715,0.1099012798384304,0.217887,0.3444359999999999,-0.9230625775836084,0.7520993955549558,1.9825701786214225,-5.215407,121.49767171088028,121.60955842918142,180.006048,356.435817,-1.4116244038041437,0.0801759396135322,1.4801965431428272,0.3817302966062314,-0.1406082791075238,-0.0734656885272456,-0.9958134989687784,0.0004976859390336,0.0009037223821713,0.5507066648475049,True,A,N_574,test
999,574,19156,2022-07-12 01:13:27.940,False,0,-0.0017279999999999,0.0719810229461557,0.0720017614255026,0.11965,0.216586,-1.302840034123095,-0.211358287062492,1.6617649017350378,0.0014884375,0.1088879829084508,0.1088981554851251,0.201334,0.311375,-1.3319944225184388,0.5508981735275517,1.8488283764136024,-5.96046525,117.81006822700172,117.9607533107824,178.813955,355.243724,-1.402202084295547,0.0731091628844723,1.5158766791603324,0.3268300186803712,0.0409985108433261,-0.0294095733208554,-0.9968199905049492,0.0006103874331474,0.000923172770847,0.6611843984385725,True,A,N_574,test
1000,575,19174,2022-07-12 01:13:32.840,False,0,0.0062266249999999,0.0895251705784991,0.0897414454196053,0.183039,0.354631,-0.4874788920393653,-0.1363346461301638,2.039626163186497,-0.0041826249999999,0.1730443480801507,0.1730948894519275,0.307006,0.590654,-1.1902799982069487,-0.105240747443186,1.773628331674476,2.2351743750000006,186.24039532939915,186.25380763071004,264.644654,528.097215,-1.5160669613637112,-0.0350404771639474,1.4208818459417345,0.6055429889571002,0.3251802579494744,0.0234501357104187,-0.972125719044498,0.0004818234137663,0.0009293495346689,0.518452310774482,True,A,N_575,test
1001,575,19190,2022-07-12 01:13:34.440,False,0,-0.0386876875,0.0864742104645358,0.0947339761625283,0.211467,0.384819,0.7686468215795967,0.5928458943741458,2.2322191949084984,-0.0182804999999999,0.1767430827316871,0.1776859419699543,0.292712,0.54348,-1.3803059780492926,-0.118303701266516,1.6473559852556927,5.885959437500002,185.13816461739805,185.2317049438316,262.260468,523.328843,-1.4816550407583398,-0.0640323597134108,1.415850855983462,0.3979126067601946,-0.1243130084265807,0.0574524683540322,-0.9874872409206013,0.0005114349953818,0.0009592631133197,0.5331540307141874,True,A,N_575,test
1002,575,19206,2022-07-12 01:13:36.040,False,0,0.0294383749999999,0.0997032724374399,0.1039584554395408,0.262679,0.420684,0.2961460122519592,0.4159304370857717,2.5267689760239493,0.0059578749999999,0.1801370791719722,0.1802355779726217,0.284192,0.5496570000000001,-1.3004016041155304,0.2506673485225001,1.576780806524057,9.089709375000002,178.8312771687753,179.0621358923692,261.068375,511.407913,-1.4401095296325488,-0.0783407633426414,1.4579764376145,0.6161317110572873,-0.2813101166626185,-0.0331968191312191,-0.9947957626532224,0.0005805719613555,0.0010065532675258,0.5767920884928304,True,A,N_575,test
1003,576,19224,2022-07-12 01:13:39.456,False,0,0.0047233749999999,0.0842443701463746,0.0843766802662323,0.155757,0.296059,-0.7595237160247548,-0.2444671780609851,1.845972127708065,-0.0026050624999999,0.1020115923341979,0.1020448495573759,0.184229,0.3295059999999999,-0.7217480079728125,0.7489503652153324,1.8053728414427712,-6.258488562499999,108.2973221341136,108.47801003201944,164.508839,327.825585,-1.3917426010382656,0.0706302808879787,1.5165178541848428,0.3217265670362969,0.033136523653103,-0.0403001617136642,-0.9992261714291606,0.0007778228992339,0.0009406961791358,0.8268587844680049,True,A,N_576,test
1004,576,19240,2022-07-12 01:13:41.056,False,0,-0.0063525,0.0560762342006397,0.0564349031927494,0.107809,0.198535,-1.0022290202764728,0.3039543298452613,1.910324885856293,-0.0078211249999999,0.0987321467727678,0.0990414398250802,0.191995,0.312567,-0.7732562634594471,0.7172442193609998,1.9385319956887488,-4.321337187499999,108.27138241583286,108.35758489982874,159.740467,317.096748,-1.3821651992973931,0.1066328608404105,1.4741973729635285,0.1424128899296805,0.0162894711695495,-0.0645304214727709,-0.9959017634532196,0.0005208209766295,0.000914024061321,0.569811013374004,True,A,N_576,test
1005,576,19256,2022-07-12 01:13:42.656,False,0,0.0009214375,0.0685190274969011,0.0685252229196483,0.158471,0.264202,-0.2059869468344084,-0.5636388337995766,2.3125937172918167,-0.0026377499999999,0.1026167463614613,0.1026506422721017,0.188146,0.32761,-0.8624969440821353,0.6785938271503549,1.8328769877666329,-2.53319775,107.2576352908836,107.28754549822082,158.548374,309.94419,-1.4396942329256994,0.0872400998359089,1.4777891810623,0.243032655517871,-0.0019742380069828,0.0217183467371965,-0.9875313388576386,0.0006387062226228,0.0009567806010978,0.6675576635751072,True,A,N_576,test
1006,577,19273,2022-07-12 01:13:47.379,False,0,-0.0220851249999999,0.0604958290947349,0.0644010720727923,0.149044,0.216337,-0.8571065678333945,-0.2029775567834108,2.3143092995647017,-0.004291125,0.0612721602941284,0.0614222384879857,0.123488,0.217222,-0.7698647239666871,0.5017323915827069,2.0104770363286963,-3.948808125,81.4107891574608,81.50650082569244,112.056745,221.729304,-1.5234385811318518,0.0739085314966261,1.3748197243756235,-0.0269300716477487,0.287613782839385,-0.6614963709863623,-0.996717667229284,0.0007901341785058,0.0007535869883476,1.0484976395868295,True,A,N_577,test
1007,577,19289,2022-07-12 01:13:48.979,False,0,-0.0383965,0.0490615994248556,0.0623003350743396,0.144412,0.200794,-0.1786051153247507,-0.2753984542653792,2.3179971637019423,-0.0127209374999999,0.0574199112421692,0.0588121454968061,0.112978,0.187068,-1.2813559697717651,-0.0482043084967123,1.9209977640780904,-4.17232575,80.5743786107353,80.68233258074676,110.864652,220.537211,-1.5368187259082644,0.0595991397701529,1.3740883345067747,0.3201341221088321,-0.1838015819681428,0.1645975840932074,-0.9978285877687156,0.0007721682440451,0.0007289346206983,1.0593107010136695,True,A,N_577,test
1008,578,19308,2022-07-12 01:13:55.330,False,0,-0.0001133749999999,0.1020251538150488,0.1020252168087625,0.193697,0.344946,-0.9107358022120208,-0.2903280140910079,1.8985208368933764,-0.0053629999999999,0.0973846487145176,0.0975322078815505,0.175043,0.289179,-0.8499862992086404,0.8842853453726194,1.7947199576634574,5.4389245,107.617324370064,107.75467694855882,158.548374,315.904655,-1.4270746624095,-0.0801941705225593,1.4713827602646858,0.3523578939726339,-0.0159361847378191,0.0894031786203682,-0.9916130014584916,0.0009468286639425,0.0009051320150874,1.0460669252219588,True,A,N_578,test
1009,578,19324,2022-07-12 01:13:56.930,False,0,0.010047875,0.099591353928739,0.100096940859224,0.193992,0.3876119999999999,-0.4471068776770495,0.0526168357067363,1.938041246163852,0.00194075,0.094154930693047,0.0941749302329181,0.180924,0.282401,-1.1957502598576153,0.6093813851241558,1.921148224400376,6.10947675,104.79989078005106,104.97782057972732,152.587909,305.175818,-1.4070292602590198,-0.0728596318753272,1.4535252128244969,0.2756873227070903,-0.0499565261382096,0.0369335988008095,-0.9963878933227912,0.0009535056101036,0.0008970935928451,1.0628830901351274,True,A,N_578,test
1010,579,19343,2022-07-12 01:14:03.369,False,0,-0.000897375,0.0619707939313704,0.0619772908602417,0.135262,0.240814,-0.2920153574599418,0.1947761440527592,2.1824445393235195,-0.007550125,0.0758786372067881,0.076253340725997,0.133295,0.263861,-0.7829677932889618,0.5526581350238426,1.7480545603762083,-3.427267375,92.75552035039006,92.81881661134967,134.706513,268.220933,-1.4268016032838484,0.0739463064471047,1.451284533868194,0.4676192323904227,-0.0104328311310125,0.0895022756592924,-0.9972975699491772,0.0006677233466545,0.0008215289044815,0.8127813190892998,True,A,N_579,test
1011,581,19377,2022-07-12 01:14:28.769,False,0,-0.0073633125,0.0613354013821939,0.061775802978897,0.139714,0.199647,-0.7488889272563695,-0.737236488145896,2.2616298495986715,-0.0045754375,0.0599584214434977,0.0601327442439849,0.135954,0.2345129999999999,-0.0334385109145478,0.8205004598668758,2.260897980115044,3.054738375000001,96.14654252023236,96.19505738412212,135.898606,265.836747,-1.528348739847703,-0.0499084974516966,1.4127400065612032,0.5475396152040112,-0.0178994795352822,0.0361291865988841,-0.9594293779123312,0.0006421931090722,0.0006251126188725,1.0273238608277295,True,A,N_581,test
1012,581,19393,2022-07-12 01:14:30.369,False,0,0.008041,0.0639490782898784,0.0644526360603272,0.133979,0.2119539999999999,-0.8325020968081711,0.5700412917049538,2.078720253964422,-0.0001314375,0.0573099639852974,0.0573101147077241,0.129721,0.200839,-0.2666830199624432,0.7738585945998311,2.263492241492869,4.172325625000001,93.05105162203176,93.14454631961578,131.130234,259.876282,-1.4855101101151869,-0.0808367020702999,1.407814404399376,0.5633374577279155,0.1139491674982975,0.0093527575710318,-0.9864602683305262,0.0006919636050313,0.0006152814842328,1.1246293326933523,True,A,N_581,test
1013,581,19409,2022-07-12 01:14:31.969,False,0,-0.003755125,0.0557465991562209,0.0558729297714913,0.102078,0.183423,-1.1098920522381237,-0.0753288046765362,1.8269670199411028,-0.0012796249999999,0.0625296102127574,0.0625427021602041,0.117065,0.230494,-0.6358753396147359,0.1221152698421941,1.871761148089447,4.991889624999999,90.83328365944509,90.9703489186746,126.361862,251.531631,-1.4621935106956157,-0.0913375760592159,1.3890444908919126,0.5533631571632128,-0.0154847942336254,-0.04450449536264,-0.9921082497398118,0.0006141883639628,0.0006875064557146,0.8933565043028029,True,A,N_581,test
1014,582,19427,2022-07-12 01:14:35.252,False,0,-0.0337541249999999,0.0554348790901033,0.0649027485877909,0.111355,0.1850919999999999,-0.9973972162389716,0.3748680394888404,1.715720865802397,-0.002510375,0.0416316831239667,0.041707301787277,0.090229,0.146367,-0.8466032515526427,-0.2344773286929861,2.1633861730063955,4.917383875,80.9163332893711,81.06561328436796,110.864652,221.729304,-1.522374090202446,-0.0739673346350482,1.367591602756409,-0.0644937585831612,0.1009517676962632,-0.3064424700332192,-0.9983681401578134,0.0008006199664476,0.0005144882040301,1.5561483434919736,True,A,N_582,test
1015,582,19443,2022-07-12 01:14:36.852,False,0,-0.0001554999999999,0.0803985425730777,0.0803986929503521,0.162513,0.308695,-0.6464528711891022,-0.1319041500470618,2.0213388307239666,-0.0040664375,0.0618077971112552,0.0619414215019925,0.109078,0.201498,-1.0680152658147453,0.4540447886905713,1.7609863860888502,4.3213371875,82.00447208714512,82.11825252268483,112.056745,220.537211,-1.5240411265763008,-0.0867927690327993,1.3645778077053552,0.3185165733661727,-0.0621277762563466,0.5133811162523507,-0.997525897531352,0.0009790599590285,0.00075429541666,1.2979794618979783,True,A,N_582,test
1016,582,19459,2022-07-12 01:14:38.452,False,0,0.036855375,0.0805473085031981,0.0885787083530799,0.16059,0.296741,-0.7042518873745083,-0.2835199176688645,1.8129638937596464,0.008672625,0.0585484498309679,0.0591872908824183,0.139774,0.255301,0.9665348401984062,-0.4305398177913572,2.361554278226309,2.607703437500001,83.37007570892945,83.41084846068033,110.864652,221.729304,-1.5736951300370248,-0.0664646109452687,1.329139483004556,0.3943507133148319,0.2407852375092584,0.0730397263313955,-0.9844106670793016,0.0010619566877423,0.0007095874454546,1.496583253473296,True,A,N_582,test
1017,583,19477,2022-07-12 01:14:43.335,False,0,-0.0060284374999999,0.0853717616113261,0.0855843428397537,0.167701,0.3335249999999999,-0.3648790533817498,-0.1062436080205029,1.9594822421432827,-0.008394875,0.1913964565515369,0.1915804726655355,0.300348,0.577677,-1.4708269949922257,0.1403174912791079,1.567738067565752,-5.0663955000000005,168.65035898148017,168.7264411642246,244.379072,487.566051,-1.4305698254207906,0.0890884696669448,1.4483744830612606,0.2632141117199074,0.0843450162702159,-0.0298339618307122,-0.9928203179691534,0.0005072372904283,0.0011354502077067,0.4467279031572718,True,A,N_583,test
1018,583,19493,2022-07-12 01:14:44.935,False,0,0.0084966875,0.0683592384088635,0.0688852609366655,0.139802,0.237646,-0.7989523013853828,0.4323395035922188,2.029490751708652,0.0030483749999999,0.1874753870554995,0.1875001689112572,0.335395,0.573249,-1.2450805359615795,0.2933127746285411,1.788771721900371,-6.705523312499999,169.3374740686407,169.47018666078714,250.339538,493.526517,-1.4010128587279178,0.0896279884276565,1.4771892504082833,0.4681290421753265,0.1444182961913422,0.0504165800856048,-0.9968628987640362,0.000406474214102,0.001106390289677,0.3673877273639607,True,A,N_583,test
1019,584,19514,2022-07-12 01:14:51.439,False,0,0.0012957499999999,0.0805187762609597,0.0805292015273031,0.155877,0.283366,-0.997455700109492,-0.1156837399863841,1.9356580848147424,0.002738875,0.0975854785027433,0.09762390614432,0.175438,0.28072,-1.1539772635268963,0.6041946951182062,1.797080314945044,-1.5646222500000002,106.26083455587064,106.2723529583085,152.587909,305.175818,-1.48096106966065,0.0678131563552684,1.4358194276536012,0.120382210021489,0.0410141695310047,0.0388088242484169,-0.976572636990932,0.0007577624780632,0.000918619974309,0.8248922288384434,True,A,N_584,test
1020,586,19550,2022-07-12 01:15:17.019,False,0,-0.01022825,0.0564411302702869,0.0573604243729943,0.105076,0.202179,-0.7447233658000387,0.0429988175297822,1.831855345363702,-0.0157410625,0.1657439813290624,0.1664897846579107,0.28192,0.506106,-1.371921796464474,-0.0576830303261084,1.6933171039848816,8.56816875,180.3590960572179,180.5625017723925,261.068375,517.368378,-1.4179048394874458,-0.0857507293402925,1.445861529594273,0.3667480364124268,0.0767930673012696,0.0880115370693604,-0.9964870374346236,0.0003176762827826,0.000922061795908,0.3445281912692343,True,A,N_586,test
1021,586,19566,2022-07-12 01:15:18.619,False,0,-0.0173246874999999,0.0859031933542918,0.0876327759770138,0.16285,0.257549,-1.1341890582842349,-0.4138953609876946,1.8583229640324943,-0.012436625,0.1683441843166385,0.1688029443896788,0.288593,0.534977,-1.0999470976626484,0.3563805825074637,1.7096443491754965,10.356308187500002,178.7114649743538,179.0112868859228,263.452561,519.752564,-1.411147637989862,-0.0707240090293714,1.4717092177985875,0.4958719030659,-0.153124288595042,0.0906536885181793,-0.9980287421484596,0.0004895377129647,0.0009429737494555,0.5191424610148686,True,A,N_586,test
1022,586,19582,2022-07-12 01:15:20.219,False,0,0.0273354374999999,0.0731982976261818,0.078135887520956,0.1677,0.2488179999999999,-1.1706171319638343,0.06551817496006,2.146260896505755,0.0083243124999999,0.1805829799298368,0.1807747405445171,0.27949,0.5493840000000001,-1.457141324581119,-0.0455402513174545,1.5460677700774983,11.473895437499998,177.939041493646,178.3085885878416,263.452561,524.520936,-1.4297135041663815,-0.0545114430056588,1.477509093008233,0.6219768672426101,0.0289326970304376,0.0322578471511014,-0.9987881162636728,0.000438205967193,0.0010138308085785,0.432227905766041,True,A,N_586,test
1023,587,19600,2022-07-12 01:15:23.633,False,0,0.00081975,0.0824154397265008,0.0824195164713734,0.159412,0.287374,-0.7144502345688508,-0.0488771152567432,1.9341535454817689,-0.0035692499999999,0.1081792709253371,0.1082381365485382,0.232562,0.3676979999999999,-0.3661523840874112,0.9565729103410716,2.148614226148564,1.4901163749999986,120.06417282251924,120.07341938317076,174.045583,343.322794,-1.495143542713322,-0.0328992286140436,1.4494930176394547,0.5185893420088026,0.0260129023354446,0.0288109319785298,-0.9566936576870811,0.0006864093393423,0.0009014329491453,0.7614646657780673,True,A,N_587,test
1024,587,19616,2022-07-12 01:15:25.233,False,0,-0.0065425625,0.0799579920833189,0.0802252181178867,0.139441,0.258548,-1.0796144771918654,0.0188093032984132,1.7381193005308984,-0.010798,0.0931949278743215,0.0938183957734302,0.171016,0.304903,-0.7757903314017436,0.6921807701638318,1.8228408041958053,-1.2665988749999983,117.91140153695304,117.91820421427188,171.661397,337.362329,-1.4978788462738055,0.0209762932197527,1.455766716800318,0.316348938040538,-0.0609481042574268,0.0020368456708707,-0.9493189847121468,0.0006803463354318,0.0007956226640201,0.8551118088997083,True,A,N_587,test
1025,587,19632,2022-07-12 01:15:26.833,False,0,0.00437275,0.0671089489575533,0.0672512600086422,0.121707,0.208843,-1.1342263261379617,-0.4513780627058273,1.8097356091820416,-0.0007989375,0.0979561399086784,0.0979593979510771,0.20368,0.31729,-0.7245853500904786,0.819198389000063,2.0792287851924303,-3.0547383749999995,114.30733965240395,114.34814963500608,166.893025,331.401864,-1.467737333235228,0.0581895732131739,1.459516621237114,0.3546485039127575,0.1247557145608009,0.0381775935749571,-0.9776663415168018,0.0005881272256989,0.0008566767216064,0.6865217775453134,True,A,N_587,test
1026,588,19650,2022-07-12 01:15:31.236,False,0,-0.0103971875,0.063585799445728,0.0644302366832724,0.121254,0.207765,-1.1144740057261058,-0.0929818659285608,1.8819424891462548,-0.0071454375,0.0316337930028331,0.0324307591155757,0.052473,0.095401,-1.532668260928537,0.1266056186569663,1.6180009790396308,0.5215406249999988,85.47187416503229,85.47346534396884,113.248838,224.11349,-1.6036730076893266,0.0115325766801205,1.324959009726064,0.2983764287424431,0.1550910562960472,-0.1881550688958281,-0.9477229801871708,0.0007538039603751,0.0003794248774758,1.9867014661500173,True,A,N_588,test
1027,588,19666,2022-07-12 01:15:32.836,False,0,0.003566,0.0676550658284359,0.0677489799794063,0.116565,0.216507,-1.0866876266805896,-0.1924320002415541,1.7205425090596531,0.0043680625,0.038083925976829,0.0383336065067259,0.073625,0.141678,-0.8056732397602975,-0.1889102632807862,1.9206384869391804,-0.5215407499999989,85.57261212479288,85.57420143135523,114.440931,226.497676,-1.5801933277233349,0.0516933565067512,1.337329815362644,0.4221557415390718,0.1600670501587498,0.2937295582198896,-0.9736443586631603,0.0007916986527037,0.0004479575136611,1.7673521005000992,True,A,N_588,test
1028,589,19692,2022-07-12 01:15:39.216,False,0,0.011235625,0.0836121133649866,0.0843636460242206,0.213772,0.31301,-0.0862710005822142,0.8094789160543843,2.53393505466355,0.006518125,0.1929447115276404,0.1930547789100285,0.304815,0.571422,-1.3504821724152722,-0.174572481045397,1.5789041935193755,-6.3329943125,171.15344657580286,171.27057275474488,247.955351,491.14233,-1.4214302451237193,0.0832081333978561,1.4477405371620131,0.5473797565488783,-0.0283545957745589,0.0182225309974375,-0.9949213842417366,0.0004925752548572,0.0011271917633304,0.4369933057370083,True,A,N_589,test
1029,590,19721,2022-07-12 01:15:47.224,False,0,-0.001497625,0.1029543007327006,0.1029651927594951,0.188863,0.370821,-0.896668815590616,0.0384266415707882,1.8342412123788647,-0.00828075,0.0855396918252719,0.0859395700368869,0.151308,0.268698,-1.007039779232504,0.5637357386013518,1.7606324995000044,-3.576279,102.50267269303674,102.56504122117664,150.203723,298.023259,-1.42438454814291,0.0814893337793979,1.46447289653102,0.0317257156537528,-0.0363118411873518,-0.1159546005622453,-0.9933656132510088,0.0010039014417929,0.0008379031394484,1.1981115650834706,True,A,N_590,test
1030,592,19745,2022-07-12 01:16:04.244,False,0,0.006883875,0.0768497212615919,0.0771574195589769,0.128762,0.2453779999999999,-1.0876998347934528,-0.4973733424389721,1.6688220100670674,0.0055534375,0.1022744822982306,0.102425145337644,0.21388,0.3249869999999999,-0.9979297822678008,0.6643576924375254,2.0881591067793512,-5.885959375000001,114.88050110165838,115.03118729775974,165.700932,330.209771,-1.4099641193156704,0.079461051331476,1.4404870182821026,0.3198503447478267,0.1023322588808332,-0.0061381341709731,-0.996373569240956,0.0006707521792264,0.0008904119634314,0.7533054437426266,True,A,N_592,test
1031,592,19761,2022-07-12 01:16:05.844,False,0,-0.0053145624999999,0.0878099800905118,0.0879706608936326,0.139799,0.256856,-1.4846547567276085,0.148684180082413,1.589154822526959,-0.00899925,0.0898700892597893,0.0903195407656892,0.167979,0.285489,-0.4348291119180949,0.9913849653273324,1.8598300940853785,-6.780029187499999,110.18699684260926,110.3953942380593,160.93256,319.480934,-1.4133492182586918,0.0651766197529037,1.4577832808220343,0.362160450020658,0.0270739158508034,-0.061757424651413,-0.9978050806097531,0.0007968689409626,0.0008181459144112,0.9739936690095646,True,A,N_592,test
1032,592,19777,2022-07-12 01:16:07.444,False,0,-0.0019980625,0.1112054197928706,0.1112233682508424,0.216875,0.398432,-0.601806729103894,-0.1078286785424124,1.949904983194549,-0.008831,0.0937276908196025,0.0941427989140698,0.191265,0.31427,-0.6252902338642459,0.8333996115129871,2.0316476905958543,-6.258488437499999,106.72270745556048,106.90605672349656,157.356281,312.328376,-1.4240036472605095,0.0577752858340182,1.4719117496494016,0.3530419074620959,-0.1027006318636729,-0.0682899280736737,-0.998302607645056,0.0010403841621294,0.000880612397458,1.181432563443998,True,A,N_592,test
1033,593,19795,2022-07-12 01:16:11.294,False,0,-0.0276853124999999,0.0735839494129993,0.0786198075515165,0.165119,0.318755,0.8734113205765262,0.7456813203629262,2.100221370954181,-0.0098504375,0.0530866037279754,0.0539927644625879,0.112246,0.184751,-1.044372861004391,-0.1421296058578301,2.07890818551764,5.215407000000001,82.21216154273513,82.37742394433336,114.440931,227.689769,-1.542266262735173,-0.0684259883266939,1.389226872126198,-0.2529311406612624,-0.2209792389314921,0.1623853090925506,-0.9975505929001628,0.0009543853617545,0.0006554315718718,1.456117469332264,True,A,N_593,test
1034,593,19811,2022-07-12 01:16:12.894,False,0,0.0376138124999999,0.0497646322316597,0.062380425711416,0.1309,0.171514,-0.9555798120445188,0.2563477741820381,2.098414663047808,0.021726375,0.0557093037392263,0.0597960023224797,0.130066,0.203757,-0.5617468754277617,0.2017470926418869,2.1751621337251663,5.364418562499999,82.11717098288591,82.29220349915425,114.440931,224.11349,-1.5532499756755522,-0.0571097573424249,1.3906655325030417,-0.2243920953185866,0.1518739675170128,0.058946670797917,-0.998119977991456,0.0007580356711684,0.0007266302247344,1.0432206717599375,True,A,N_593,test
1035,594,19841,2022-07-12 01:16:19.392,False,0,-0.01167,0.0930418720771728,0.0937708849250395,0.168186,0.296127,-1.0366763804317745,0.5790604238552297,1.793584438650099,0.0069505,0.1808854804092219,0.1810189671640102,0.291851,0.554891,-1.3337361859998589,0.0911527951289266,1.6122675130257025,7.3760756875,177.81188506293898,177.96480821270129,255.10791,509.023727,-1.4329402275143277,-0.0801500861420794,1.433473912972155,0.5167230692624054,-0.0301957143576364,-0.0061852483786396,-0.9952476248687472,0.0005269068973061,0.0010171615893163,0.5180169039417811,True,A,N_594,test
1036,594,19857,2022-07-12 01:16:20.992,False,0,-0.0041299999999999,0.0925292893453202,0.0926214137591842,0.190123,0.372024,-0.2769102572111781,0.1922039909125496,2.052689462226521,-0.0127494999999999,0.1978490954553495,0.1982594621266536,0.30611,0.582831,-1.4056261010689064,0.0852633716513829,1.5439868378360095,6.18398275,179.81213950485397,179.9184458469041,261.068375,519.752564,-1.4668838181044408,-0.0557902878793872,1.4510372950984018,0.5811572388464147,-0.0690110367427474,0.0514079800492609,-0.9896326378148008,0.0005147966531347,0.00110194072205,0.4671727279276846,True,A,N_594,test
1037,595,19876,2022-07-12 01:16:27.377,False,0,0.0048871249999999,0.0650186041307361,0.0652020158727857,0.099503,0.194175,-1.3870207139016713,-0.0998869938383778,1.5260724483448211,0.000429375,0.0934118703784983,0.093412857201244,0.158604,0.253904,-1.3565720674790414,0.6377979861330565,1.697881905681479,-4.246831499999999,104.89484706986003,104.98078166787823,150.203723,299.215353,-1.4080966483847313,0.0832292987177936,1.430773524578918,0.099555185902891,0.1206096817130218,0.0625568063308893,-0.99560227375721,0.0006210852580528,0.0008898091223665,0.6979983037272669,True,A,N_595,test
1038,597,19906,2022-07-12 01:16:44.524,False,0,0.0118563749999999,0.0798677848305208,0.0807430286890143,0.125228,0.240088,-1.4057949596407413,-0.4097445818104077,1.5509450417363164,-0.0002070624999999,0.143199224020012,0.1431993737235345,0.25636,0.4209569999999999,-1.2976639807591628,0.5376544863352537,1.790231293154516,4.6193605625,149.52149449378237,149.5928334100955,213.384653,424.38512,-1.4567734862130728,-0.0675894330922809,1.426436334787676,0.3880381933581042,-0.0648766043965589,0.0229377642361269,-0.989165296340069,0.000539751984426,0.0009572609225935,0.5638504316708784,True,A,N_597,test
1039,597,19922,2022-07-12 01:16:46.124,False,0,-0.005221,0.0535051432843142,0.0537592708179249,0.124774,0.214656,0.2593323833700127,-0.6553993464124381,2.320976421398866,0.006552375,0.1250467172289396,0.1252182698645648,0.241317,0.388146,-1.138125504818457,0.3878022784028463,1.9271708534306264,6.109476812500002,148.8045830363271,148.92994876631644,215.76884,426.769307,-1.4136635011284744,-0.0837320833984476,1.4487941598540357,-0.0018963984523463,0.0394921758383168,-0.0796167899438492,-0.9953819327807074,0.000360970182715,0.0008407863623255,0.4293244977435848,True,A,N_597,test
1040,597,19938,2022-07-12 01:16:47.724,False,0,0.0035421874999999,0.0738452310995933,0.0739301376194952,0.188886,0.3067769999999999,1.0981445458239003,-0.9726038380906084,2.554925583557837,0.0060514375,0.130415097255345,0.1305554192208715,0.235822,0.374851,-1.3258827641216124,0.4973338406807025,1.8062980564678075,8.4936629375,146.80655693690113,147.05205700622977,216.960933,430.345586,-1.395303710624502,-0.0745046091124858,1.4754022311351185,0.4570998368947927,-0.0533573456672772,-0.0665439163582424,-0.997617145916924,0.0005027480684364,0.0008878177012875,0.5662739858727842,True,A,N_597,test
1041,598,19956,2022-07-12 01:16:51.528,False,0,-0.0499785,0.0559013736447951,0.0749854255013932,0.150149,0.211614,-0.699947230807509,0.1289981226003462,2.002375781640529,-0.0197740625,0.0469000411666513,0.0508982063454843,0.087244,0.160501,-0.4266562175926505,0.6652758088024087,1.7140879072989237,4.7683721875,81.53428355169802,81.67359896323424,114.440931,225.305583,-1.527720233949577,-0.0666267298461977,1.4011985813373564,0.2016298397275807,0.1489384971008301,-0.135333467686286,-0.9983081892297732,0.0009181109496001,0.0006231904433205,1.473242986057523,True,A,N_598,test
1042,598,19972,2022-07-12 01:16:53.128,False,0,0.01075725,0.0600861872089792,0.0610415294768651,0.127511,0.236341,-0.3173289378004429,-0.4250870958732369,2.0889221009497616,0.0003581249999999,0.0360037627093943,0.0360055437780072,0.077968,0.135092,-0.1579910002565174,0.7331821404104151,2.1654443127067555,4.321337187499999,82.21648284581974,82.32997028193951,113.248838,225.305583,-1.5221529999936785,-0.0824291303486433,1.3755481462240131,0.3390007109469176,0.041459162782112,0.4425457242197672,-0.9982114227031176,0.0007414253796986,0.0004373321605085,1.6953369695849512,True,A,N_598,test
1043,1,4,2022-07-17 10:51:16.724,False,1,-0.00698266336875,0.5159142951119083,0.5159615465211903,1.0141485,2.0225514,-0.3122228439805883,0.1409926237512819,1.96555054700835,0.08048621075,0.2724980872314658,0.2841359492667216,0.63460179,0.9875507,0.9497648347756592,-1.4652202366490477,2.2334442073864165,29.6533143125,88.74777878775286,93.57076086831738,185.966514,293.254887,-1.1191978506151716,0.1540308748576543,1.9874425758032643,-0.4442399332529633,0.001679760051335,0.496454291408908,-0.3066767864448425,0.0055141322111007,0.0030365890651096,1.8158967489075148,True,anom,X_1,val
1044,1,20,2022-07-17 10:51:18.324,False,1,-0.038703512375,0.4494192011887197,0.4510826756452399,0.97580285,1.75884498,-0.1681854489887664,0.4047833611652103,2.163246124680331,0.0260579056875,0.2934249876727415,0.294579764816878,0.61829442,0.99321025,-0.6355023025159516,-0.7560281657301261,2.098903230452218,16.912819875,110.7502059261442,112.0341536711352,183.582328,364.780469,-0.8628399041969059,-0.5862852793368774,1.6386282395535126,-0.4582186308498239,0.0577197668637856,0.0205602226293614,-0.0887991884280434,0.0040262960968969,0.0026293746608876,1.5312751570891168,True,anom,X_1,val
1045,1,36,2022-07-17 10:51:19.924,False,1,0.0807106819375,0.029903276374588,0.0860721796909505,0.14821433,0.108370088,-0.298898481316475,0.5691056569690046,1.7219771885895778,-0.077798861,0.1547342849984033,0.1731916906980944,0.25953743,0.44255586,0.4939433092576646,1.5400576623894224,1.4985559004237816,75.9959310625,36.318508839550965,84.22835402870457,135.898606,143.051164,-0.060159887641503,-0.3356270547427031,1.6134543713591565,-0.4402248925831147,-0.1956611908298216,-0.2054336972984063,-0.8784781103322145,0.0010218907953682,0.0020562160176972,0.4969763811647897,True,anom,X_1,val
1046,2,54,2022-07-17 10:51:23.615,False,1,-0.1065583040625,0.338186406397736,0.3545768148608858,0.90681008,1.02449358,0.736926250637918,-1.59614591378631,2.5574432450011617,-0.0735035646875,0.144339507825102,0.1619773673726122,0.32970889,0.49831804,2.920235687333941,2.1524200267916664,2.0355244399147354,55.730349375,86.13181553906811,102.589285451823,165.700932,263.452561,-1.075080060246658,-0.4458438337457234,1.6151875049155586,-0.7952755348491557,0.6792643725703333,-0.5128615711755046,0.1556751295245561,0.0034562753147101,0.0015788916616314,2.189051597839705,True,anom,X_2,val
1047,2,70,2022-07-17 10:51:25.215,False,1,0.1398662285,0.5980606552490061,0.6141979397813743,1.0029671,1.8123015,-1.3140901451106628,-0.1389889954183993,1.6329704726085688,-0.010620655,0.3932741019002135,0.393417485043622,0.67001737,1.07274485,-1.3842516037259105,-0.5441679958806519,1.7030696282492592,-92.461716125,50.72171791706791,105.46023713816832,163.316746,171.661397,-0.6296805124375888,0.6567308894527875,1.548609698137045,-0.3080913869064437,0.1460930152163793,-0.1381577680307661,-0.6672014500499106,0.0058239764715936,0.0037304817030535,1.561186177867189,True,anom,X_2,val
1048,3,101,2022-07-17 10:51:31.734,False,1,0.04576538448125,0.0306890719503297,0.0551025367282592,0.11274956,0.1166816233,-0.209486356808199,0.648431236483419,2.046177303161737,-0.0547006114375,0.0795297012687166,0.0965252830896012,0.19192376,0.31333529,3.5164969582658543,2.0765823568276325,1.988326310546465,77.78407062500001,64.8739888987569,101.286702378106,208.616281,302.791631,1.4946749362395997,-0.7825317511409736,2.059661101624474,0.0236150520226791,0.3431758465454874,0.1882264288752271,-0.5036177446814568,0.0005440253797834,0.0009529906771894,0.5708611771395616,True,anom,X_3,val
1049,4,132,2022-07-17 10:51:39.999,False,1,-0.1398603331937499,0.7032296893685622,0.7170027258040734,1.214663,2.3208175,-0.7489951118954075,0.4532481473309774,1.6940842151441362,0.0044497721874999,0.2612102095771718,0.2612481082417069,0.54426892,0.90584025,-0.5226625317119886,-0.5922755037852252,2.083341095417395,-113.09982675,98.7225381650127,150.1256485502141,259.876282,345.706981,-0.645049801952529,0.5238008091931966,1.731058513383051,-0.3234021811837664,-0.1769222445710065,-0.3190282929179558,0.2100512132585616,0.004776017507523,0.0017401963672738,2.7445279149761417,True,anom,X_4,val
1050,6,153,2022-07-17 10:51:56.684,False,1,-0.371541686125,0.3164320880904526,0.4880291906247944,1.1479882,1.168924522,1.1815996473837211,-1.4957363481889585,2.352294129230876,0.16404339803125,0.1318947532494511,0.2104910030675248,0.33098199,0.43752129,-0.8902722886302663,-0.6163646294960322,1.5724282044198443,-39.562587625000006,88.43130896002411,96.87773089812254,267.02884,371.933027,1.0398990593630355,-1.218853070578131,2.756349034235844,0.09528427913996,0.7283515669925555,0.02783958718049,-0.7242512730142937,0.0050375786684972,0.0021727491046304,2.3185275546824027,True,anom,X_6,val
1051,6,169,2022-07-17 10:51:58.284,False,1,0.04144404771375,0.0761160106313742,0.0866675035139184,0.30700554,0.361667785,6.477031285881546,2.46394673079686,3.54233741082315,-0.0695207583125,0.0934060558382904,0.1164380827032585,0.2794558,0.41830892,9.224156658103212,3.1849113762790684,2.4000378013110257,30.025843375000004,48.00343214313094,56.62049777156863,135.898606,177.621862,-0.6519333296887084,0.3996562758248976,2.400166218041269,-0.0013896559978266,-0.1685450610777079,-0.2101701176280471,-0.0623038741753693,0.0015306736416124,0.0020564651899214,0.7443226606091567,True,anom,X_6,val
1052,6,185,2022-07-17 10:51:59.884,False,1,0.1649360541875,0.8358649029518168,0.8519824164603353,1.5525772,2.6246467,-1.1921361177275611,0.2291219863809234,1.8223113177034465,0.0036945874374999,0.358869835920203,0.3588888534208422,0.70039838,1.18503307,-0.6895384442176171,-0.6933716038977373,1.9515746263055291,-198.0364555,113.1844118336434,228.09898901382985,399.351167,450.611168,-0.0995375831724865,0.5495859602811479,1.7507800833601543,-0.6703231386278046,-0.3924206440497952,0.3045408708649059,0.2774352316857876,0.0037351433259034,0.0015733908114738,2.3739450482773257,True,anom,X_6,val
1053,7,203,2022-07-17 10:52:04.407,False,1,-0.11303203190625,0.4957602884372705,0.50848255017086,0.9826353,1.69003471,-0.378128453600691,0.7391448442108659,1.9324857847527224,0.1037580665624999,0.2656715844460817,0.2852141776961302,0.50135357,0.92335129,0.1608344389740232,-1.0928693577101884,1.757814334651157,-191.1819206875,136.28423111563254,234.78483436657635,349.28326,414.848377,-0.9849278361284002,0.6363065083407222,1.4876738565432803,-0.5842704134018558,0.1028963451616635,0.0428712604284937,0.0351486989495174,0.0021657384794153,0.0012147896113716,1.7828095162667612,True,anom,X_7,val
1054,7,219,2022-07-17 10:52:06.007,False,1,-0.0370395493124999,0.1469586538788924,0.1515545253800401,0.24953634,0.40390982,-1.751798637661132,-0.2011990932001011,1.6465119690372776,0.0467669045625,0.1994047673853169,0.2048155380295898,0.36077275,0.51172041,-1.784621302996486,0.3118405020829564,1.7614520532513451,-7.52508725,46.40312829022985,47.00933155491197,119.209304,166.893025,-0.1129579843089225,-0.91135905540903,2.535864690199874,-0.9623236000888152,-0.0271431234397113,0.0865928755828663,0.4095624351205513,0.0032239242798636,0.0043569123672891,0.7399561910100052,True,anom,X_7,val
1055,8,243,2022-07-17 10:52:12.567,False,1,0.088341318625,0.0313683961499759,0.0937452124293587,0.16477118,0.1267813049999999,0.3969443635152698,0.7588066322737466,1.7576490119339423,-0.151691990625,0.0160409136043269,0.1525377688608187,0.17960418,0.0609587699999999,-0.543971964339625,-0.0126661566014092,1.1774407174126014,17.657878125000003,77.00913956466722,79.00764669554302,168.085118,288.486515,0.4070197946193161,-0.8741795236650222,2.127453797576305,0.416440482169044,-0.1737498674004674,-0.2564392995271624,0.4918325966049381,0.001186533409742,0.0019306709570609,0.6145704970609308,True,anom,X_8,val
1056,11,280,2022-07-17 10:52:38.172,False,1,0.1222173185625,0.2847080528965603,0.3098318065350267,0.9721493,1.08261916,2.885898236652249,1.939251126363137,3.137667855576015,0.0853507916875,0.1401808315937082,0.1641201486350369,0.24605405,0.41916538,-0.9018455761014668,-0.7079175847100756,1.4992312159499932,-19.446017625000003,57.54352781684536,60.74047410977187,107.288373,209.808374,-0.4959497504530823,0.123474828031599,1.7663407237504516,-0.0305138034732998,-0.5810429039213963,-0.3181885692174521,0.2513080219061853,0.0051009118890822,0.0027019899176031,1.887835278677556,True,anom,X_11,test
1057,11,296,2022-07-17 10:52:39.772,False,1,0.0760057770625,0.0239915491337784,0.0797024000687115,0.12435039,0.090764636,-0.5825365613686913,0.0706889766318278,1.5601837572368875,-0.1614023425,0.0137241301604584,0.1619847767944522,0.19228898,0.0506465899999999,-0.0582462063090618,-0.931684554224882,1.1870805627864756,16.4657850625,50.88474439040628,53.48251386576207,120.401397,206.232096,-0.3345354924394201,-0.2153048768011827,2.251229201794821,-0.2986991281101532,-0.1341021219457917,-0.3034713481651958,0.3957898674760634,0.0014902515664981,0.0030287427625601,0.4920363607368398,True,anom,X_11,test
1058,11,312,2022-07-17 10:52:41.372,False,1,-0.0622887433312499,0.4724043583551636,0.4764931954799987,1.0064882,2.00192157,0.5936425576787054,-0.1342725516495868,2.1122824198698305,-0.155640077125,0.2287075582620313,0.2766423337337516,0.70132428,0.92218234,0.6358029190806631,-0.7120833316965993,2.535130001740711,-20.265581625000003,71.7673176711289,74.57373320619176,151.395816,275.373492,0.0050594983145426,0.7907470651164241,2.0301493500586854,-0.5576179476521146,0.3647122591500726,-0.0318609501178406,0.5258993339668586,0.0063895580252436,0.0037096484491242,1.722416049087372,True,anom,X_11,test
1059,12,330,2022-07-17 10:52:45.655,False,1,-0.196684120375,0.7153712617907158,0.7419168992574089,1.3702583,2.5016624,-0.6194298148647643,0.2560958167793187,1.8469161456916583,0.0472385328749999,0.2826884190764845,0.286608131894656,0.67905645,1.09034848,0.5640088771147158,-1.1484652734621876,2.369285356668072,-62.43587275000001,57.72407432386491,85.0312116966545,187.158607,237.226515,-0.1306958756968472,-0.0442803713348685,2.201057744157298,-0.191452666659595,-0.0272585548701716,0.0705141529088713,0.6848319875841556,0.0087252302355065,0.0033706226946067,2.588610777903899,True,anom,X_12,test
1060,12,346,2022-07-17 10:52:47.255,False,1,-0.0570526395,0.1233771671070456,0.135929868083791,0.23867505,0.336677979,-1.7735446610413517,-0.0964492806259588,1.755869062220188,0.0511620244374999,0.1681407451411318,0.1757522771435932,0.27229167,0.4155196599999999,-1.8304130603834352,0.0928070297004693,1.5492924155829402,36.433343375,51.59499431025778,63.1619501547901,157.356281,190.734886,-0.3023147752744197,0.727236361334915,2.4913144799102813,-0.9763799083242454,0.1231039393689276,-0.114181795467728,-0.5456627928912556,0.0021520847242789,0.0027825657173801,0.7734173934641739,True,anom,X_12,test
1061,13,372,2022-07-17 10:52:53.769,False,1,0.1947432173749999,0.9288960334079585,0.9490904917839004,1.7322521,2.9479688,-1.051941640520183,0.1498301257992884,1.8251706396763887,-0.0762081974375,0.2847687354159283,0.2947896233368128,0.57166391,0.94227432,-0.95910885786374,-0.1992407225220296,1.9392267052318992,81.5838670625,66.36486006641071,105.1675901430947,184.774421,301.599539,2.578881464502245,-1.3896512602649354,1.7569521251612732,-0.5801358541701466,0.0655430510480633,0.1022412690075744,-0.5159986199070853,0.0090245530062306,0.0028030462896003,3.219551899557584,True,anom,X_13,test
1062,15,415,2022-07-17 10:53:11.764,False,1,-0.0222122028124999,0.0453342644929409,0.0504834377880464,0.10146293,0.150082301,-0.8563108736046585,-0.3389482228420803,2.009826082486492,0.0265063865375,0.01926572565359,0.0327682271756461,0.0671475,0.0733773771,-0.3527356254661415,0.4484284734439596,2.049164870594677,53.495174875,45.44610400326714,70.19317704722165,139.474885,174.045583,-0.5632455995994055,-0.0605411320954019,1.9870148476990843,-0.2297922238942313,-0.2292497979933646,0.2800747793160484,-0.6624353693593199,0.0007192071923754,0.0004668292354626,1.540621575816176,True,anom,X_15,test
1063,15,431,2022-07-17 10:53:13.364,False,1,-0.0948146701875,0.0492117725244271,0.1068251854094359,0.18893828,0.211033581,0.4731972161096887,0.0875422430016874,1.7686679342127405,0.1055404191875,0.0618114518172959,0.1223087717951378,0.19453942,0.281519133,3.3738148380996904,-1.693217019503494,1.590559835935933,86.426745125,52.71053388511242,101.23232021126108,154.972095,196.695351,0.0432675864995633,-0.7624615217939069,1.5308559032983708,0.1700055219048368,-0.3003399054242611,-0.1865200979146626,-0.5002953441406798,0.0010552478219061,0.0012081988394604,0.8734057569342915,True,anom,X_15,test
1064,15,447,2022-07-17 10:53:14.964,False,1,0.1896064464375,0.548710338609685,0.580545984593651,1.1404441,1.8582964,-1.1267360306568128,-0.0598230655381262,1.9644337059677464,-0.050624492375,0.3599934431206714,0.3635355805393779,0.65263365,1.07761739,-1.4131607438652312,-0.3122074192665835,1.79524009460556,303.685701125,56.74115540500435,308.94103609665984,385.046051,195.503258,-0.8337533369959811,-0.1520867400261845,1.2463415539252896,-0.6417741595499752,0.0498867995483535,0.0698221002568724,0.1031470816290528,0.0018791481763918,0.0011767150946746,1.5969440562937325,True,anom,X_15,test
1065,16,465,2022-07-17 10:53:18.444,False,1,-0.0186221266875,0.265325670256356,0.2659783729917714,0.67080878,1.28214022,1.5302200370899754,-0.0870328691881804,2.522042572313776,-0.1621387198125,0.1927237015921649,0.2518558905759844,0.66757532,0.8605407199999999,1.0387470880521192,-0.614676946513051,2.650624206061973,223.6664559375,93.93632139287546,242.59166512571537,429.153493,398.159074,0.0562207716113456,0.1733659062086094,1.7690364290859084,-0.5395441837034207,-0.1721393989012754,-0.0631753784764293,0.2652256832174106,0.0010964035918296,0.0010381885562534,1.056073663329809,True,anom,X_16,test
1066,16,481,2022-07-17 10:53:20.044,False,1,-0.0033670609875,0.0378001137128494,0.037949778608022,0.059083299,0.109639446,-1.4523891002063802,0.2178328471663318,1.5568812564168837,0.0535563374999999,0.0183737746767609,0.0566204634587733,0.083165527,0.059720389,-1.036878922726834,0.1150757501466097,1.4688245542277258,194.98171725,44.92737688455074,200.09082751462,276.565584,152.587908,-1.0588731564777425,0.1329986547939642,1.3822002109506608,-0.3197472297978188,0.0491784709837152,-0.1628369350550293,-0.49050971912395,0.0001896627600545,0.0002829738082553,0.6702484630076224,True,anom,X_16,test
1067,16,497,2022-07-17 10:53:21.644,False,1,-0.0129686527687499,0.180958384282601,0.1814224980447737,0.47744173,0.888308,2.119752745321837,0.4968218783036071,2.631656686163427,0.1364039108687499,0.1672404524163587,0.2158133356044483,0.4960348,0.70554547,0.2956407323075005,0.4802446906043208,2.298443692604581,250.935584125,141.0509798413747,287.86115801609435,538.826052,486.373958,-0.9224201786546572,0.298409668566199,1.8718261807655,0.1057380631953052,-0.0945646651019824,0.7476516685262481,-0.3184085049170924,0.0006302430633403,0.0007497132891836,0.8406454473105056,True,anom,X_16,test
1068,17,515,2022-07-17 10:53:26.553,False,1,0.0934470368749999,0.5393665613791668,0.5474017137666854,0.90092174,1.65968049,-1.3294032483974787,0.0289079336400932,1.6458146135508676,-0.0271052500624999,0.3840212888133915,0.3849766809078817,0.67675328,1.12857647,-1.3349766313572942,-0.4553769400494158,1.757907202077872,389.21837625,66.15042304294805,394.7997250245338,474.453028,226.497677,-0.4382389408452436,-0.6621807978125311,1.2017562270858124,-0.1187986915997474,0.1898030873663017,-0.0103004780538064,0.3319979279629064,0.0013865301292514,0.0009751189185452,1.421908756851871,True,anom,X_17,test
1069,17,531,2022-07-17 10:53:28.153,False,1,0.0169295637499999,0.105907184999052,0.1072517690445652,0.13810361,0.27407102,-1.7395974601240374,-0.2558863453796478,1.2876581079293454,0.06535646675,0.0523313015848179,0.0837259390607536,0.13039787,0.1640111659999999,-1.0236042681894153,-0.6345174454564282,1.5574369360656566,183.8058449375,45.23521629683091,189.29028878051133,239.6107,159.74046700000002,-0.4682515078714306,-0.8069183669925516,1.2658372573874457,-0.5706932219165364,0.4354837869597084,-0.3490817780825006,-0.2937001550927621,0.0005665994263917,0.0004423150263024,1.2809861585038855,True,anom,X_17,test
1070,18,551,2022-07-17 10:53:34.639,False,1,0.021978017625,0.8115250186545017,0.8118225724632903,1.8032037,3.3059389,0.3676725151784721,0.0996877602820776,2.221179554700715,-0.00630004308125,0.2189857884189743,0.2190763932337425,0.50931629,0.88312104,0.1439733599614383,-0.3714109102288168,2.324834193598337,231.4895663125,103.99962951754564,253.77813588119855,385.046051,307.560004,-1.4936094035772838,0.0165735085793093,1.5172546274051442,0.0303707780979562,0.1689917803428626,-0.2358622918780362,-0.3062808711124949,0.0031989460780156,0.0008632595257784,3.705659749460637,True,anom,X_18,test
