WindowID,Label,State,Segment,시작 원본인덱스,시작 시각,AI0_mean,AI0_std,AI0_rms,AI0_peak,AI0_p2p,AI0_kurt,AI0_skew,AI0_crest,AI1_mean,AI1_std,AI1_rms,AI1_peak,AI1_p2p,AI1_kurt,AI1_skew,AI1_crest,AI2_mean,AI2_std,AI2_rms,AI2_peak,AI2_p2p,AI2_kurt,AI2_skew,AI2_crest,corr_AI0_AI1,corr_AI0_AI2,corr_AI1_AI2,AI2_period8
0,0,A,0,0,2022-07-12 00:00:00.019,-0.0069050000000000005,0.06612863080674664,0.06648815561718494,0.116967,0.22870000000000001,-0.6918715525039274,0.19866445279593758,1.7592155913220728,-0.005003250000000004,0.16304436673322234,0.16312111461732964,0.258642,0.481707,-1.4264452407896948,0.14039335888256632,1.5855825936866323,-5.811453312499999,147.2493535438374,147.3639885069666,216.960933,430.345586,-1.4064530322513984,0.08434921618640294,1.4722791856963293,0.16696890290247274,0.3041700888699286,0.0003828122421428768,-0.9958627958639797
1,0,A,0,16,2022-07-12 00:00:01.619,-0.025430999999999995,0.05768682482486794,0.06304367945619133,0.128888,0.216779,-0.3194945350060401,0.5550633069841928,2.0444238203064193,-0.007528437500000002,0.16033723529056218,0.16051388224017418,0.2669,0.5337510000000001,-1.2399523048447851,0.08054381016029438,1.6627845285097653,-4.395843062499999,150.88498133528987,150.9490014169716,219.345119,436.306052,-1.4403655329953988,0.07521827595119526,1.4531074531198485,0.4160374406132527,-0.019802940999179352,-0.09821397698441132,-0.9921828991136559
2,0,A,1,41,2022-07-12 00:00:07.224,0.0118283125,0.06329066123817038,0.06438646423404921,0.1161,0.224261,-0.48078603359031025,-0.4926224687420887,1.8031740270434564,0.004131062500000001,0.13482240373564994,0.1348856783592591,0.244895,0.393675,-1.3565744294132354,0.44923572522788463,1.8155745144991473,-3.5017732499999994,148.07196098657928,148.11336214638257,216.960933,430.345586,-1.4641148396776094,0.06552372627227082,1.4648302479662463,0.3664020194504256,0.17128208592918448,0.03124510629655904,-0.9851443758542622
3,0,A,1,57,2022-07-12 00:00:08.824,0.012336375,0.07717564986353775,0.07815540339605445,0.136729,0.23402499999999998,-1.1109635981131496,-0.58032278822305,1.7494503778212542,0.0044142500000000015,0.13396954073104642,0.13404224500787057,0.230715,0.411261,-1.3032395896774223,0.3656071335679784,1.7212111001755686,-6.258488562500001,143.00365897612565,143.140543381835,215.76884,423.193028,-1.4121941975709802,0.08506176583256113,1.5073915111836986,0.3205712645971738,0.13420632309579178,0.052778575531092345,-0.9925338535857889
4,0,A,2,78,2022-07-12 00:00:15.267,-0.009832874999999998,0.041484468054132924,0.042633865887343594,0.086432,0.139259,-0.7783396731422356,-0.3079997875778616,2.0273085304623626,-0.0007620000000000005,0.05698066510448961,0.05698575997343547,0.093092,0.17888199999999999,-1.389343869961242,-0.05900263006925978,1.633601096895011,4.693866374999999,80.00963629899039,80.14720383296648,110.864652,220.537211,-1.5298848318670144,-0.05434453759312352,1.3832628800257496,0.18402650360442932,-0.15214459693107996,-0.2590368112490574,-0.9980198093768041
5,0,A,4,112,2022-07-12 00:00:32.752,-0.0089505625,0.043148878728144185,0.0440674290668573,0.083278,0.15010099999999998,-0.8131227693016259,0.38323196237236606,1.8897857615803733,-0.006418187500000001,0.04798610708608632,0.04841342380024883,0.10408,0.19046200000000002,-0.029239725450051157,0.6246242574961778,2.1498169687281043,-3.2037500000000003,81.27211609906772,81.33523756209753,110.864652,219.345118,-1.519954904759323,0.08958194757953815,1.3630580708067332,0.04655415596038745,-0.22992031860823697,0.10959880286534043,-0.9946093256369576
6,0,A,4,128,2022-07-12 00:00:34.352,-0.0095281875,0.02920895114348243,0.030723756019365535,0.066578,0.117813,-0.40939305889688526,-0.11331607790239011,2.1669876547006535,-0.0072945000000000015,0.044782498495506036,0.045372699960989755,0.093955,0.154053,-0.868044302208201,-0.19817844819277403,2.07073857365288,-3.725290874999999,80.76911418716728,80.85497881196325,109.672559,219.345118,-1.5129823995843903,0.07945349972194994,1.3564107073116063,0.20548857388319516,0.06843475082876603,0.02069920960913383,-0.9962195547797799
7,0,A,4,144,2022-07-12 00:00:35.952,0.0134621875,0.039554775631740646,0.041782900420656535,0.078846,0.12415899999999999,-1.2191040017931931,0.001083605515400765,1.8870398944593203,0.013614562500000002,0.05108880961248846,0.05287175786454901,0.100686,0.196355,-0.2728010380972008,-0.4053502754833754,1.9043437189651466,-3.799796499999999,80.43008807322178,80.51979583250088,110.864652,221.729304,-1.5219443843000535,0.06605066967501559,1.376862060487873,0.015724016039198135,0.14049022128028976,0.12667946774741917,-0.9972962185381241
8,0,A,5,162,2022-07-12 00:00:39.756,-0.0326316875,0.057698314985923496,0.06628666971052702,0.141375,0.223159,-0.5295926239231479,0.026143847596177938,2.132781758645934,-0.004197500000000003,0.14331219957447797,0.14337365711010164,0.256468,0.451383,-1.1292373512536438,0.421941196146882,1.7888083848140195,-1.6391279374999996,152.65592372356457,152.66472345728812,220.537212,436.306052,-1.4908027658315568,0.0313016976774206,1.4445852781549824,0.1758119776134235,0.052858334091031016,-0.039263156777846864,-0.9687910697644511
9,0,A,5,178,2022-07-12 00:00:41.356,0.0076945,0.07551363776828661,0.07590464293605498,0.161076,0.273807,-0.7211638944283791,0.02269852237744807,2.122083627159628,0.008240624999999998,0.14543701087492955,0.1456702853454506,0.232126,0.432627,-1.4918164571943167,0.16935533236484335,1.5935027480005515,0.22351737499999835,154.5412067658875,154.54136840559462,221.729305,438.690238,-1.5036215779733744,-0.003938728539597827,1.4347569669376183,0.49699546298794667,-0.1159070044724482,0.006745101228284872,-0.958047056244314
10,0,A,5,194,2022-07-12 00:00:42.956,0.019537250000000003,0.06877218412946837,0.07149347835642073,0.117876,0.223159,-1.0485066517593944,-0.3734858193830863,1.6487657715063981,0.004632562500000003,0.1531595895169352,0.153229633218619,0.229947,0.45647000000000004,-1.5662111896596238,-0.08260413414224932,1.5006692580926904,2.9057268749999983,155.54128759489817,155.5684267303328,225.305584,449.419075,-1.4880723069911566,-0.03707485456668959,1.4482732051443306,0.3515156803489193,0.11138589804889278,0.07758409116213276,-0.9738279740210433
11,0,A,6,212,2022-07-12 00:00:47.676,0.04751881250000001,0.032251885067424255,0.05743014567117604,0.092607,0.112227,-0.8973731038091222,-0.17658549637497706,1.612515498919918,0.016914750000000003,0.05110681370729837,0.053833216278381515,0.133919,0.197637,0.15915208909831646,0.7707726289564959,2.4876648518914437,-2.980232562499999,80.89122063988249,80.94610159072971,109.672559,218.153025,-1.5305120214637902,0.08316741026975008,1.3548837664167408,0.2201777599459467,-0.24281690053611119,-0.04608881660180494,-0.9978472796858733
12,0,A,6,228,2022-07-12 00:00:49.276,0.026273375,0.07668225146250841,0.08105836121739694,0.16201,0.29573,-0.5854231954311278,-0.31230344779857067,1.9986833877074361,0.0172384375,0.02931152518841512,0.03400484136578937,0.061837,0.11058000000000001,0.13173355136922682,-0.7547359396789728,1.8184763556112695,-1.4901162500000011,82.41892357946132,82.43239296802925,110.864652,218.153025,-1.5728953823752088,0.07219356044543915,1.344916094368363,0.4876886731075101,0.2417487094027243,0.065887658658532,-0.987045547451313
13,0,A,6,244,2022-07-12 00:00:50.876,-0.056371375,0.055459660500758345,0.07907911141540476,0.153169,0.232981,0.23534015248593043,0.5248315793833768,1.9369084611408822,-0.024249562500000002,0.04273694547017947,0.049137437759436534,0.101502,0.14718399999999998,-0.8859083793014904,-0.22456534252048593,2.0656754732903666,-0.07450593750000012,82.86919077418045,82.86922426753034,110.864652,220.537211,-1.6131011508093511,0.02311871118029145,1.3378265934056628,0.24549882451261457,0.3734648377928435,0.5120242923637426,-0.9526895048723227
14,0,A,7,262,2022-07-12 00:00:55.468,-0.0012165000000000014,0.06684780852896377,0.06685887657876852,0.162646,0.25466500000000003,0.11125884032254252,-0.8083752968137922,2.4326762327270295,-0.0058843750000000025,0.1776831162121471,0.1777805266501368,0.277589,0.540109,-1.4665359455130096,0.0609817683901992,1.5614139817814876,9.909273249999998,172.42839680863736,172.71289969871987,252.723724,501.871169,-1.4216892337100824,-0.06586622169740254,1.4632591105867072,0.5883202264674452,0.1611664873611737,0.11889731570037416,-0.9985298052177238
15,0,A,7,278,2022-07-12 00:00:57.068,-0.009067750000000001,0.09641320135198032,0.09683867762934395,0.216983,0.399272,-0.018922984605715065,0.06703030604174515,2.2406646322713732,-0.0137073125,0.17577050623708132,0.17630417260749248,0.283731,0.531571,-1.3152173183790072,0.3185882618669005,1.6093266302418878,10.877849000000001,172.1784726873826,172.52174951531924,256.300003,506.639541,-1.436656959052892,-0.049708643211764124,1.4856098069956194,0.256099726542796,-0.0756369632509913,0.032233014311834104,-0.9989962793492978
16,0,A,8,303,2022-07-12 00:01:03.576,-0.0202213125,0.06074645990170821,0.0640236977205511,0.13739,0.214066,-0.9169674903991925,-0.3700594914987668,2.1459241638881306,-0.011693624999999996,0.10291722554914884,0.10357941967579756,0.180572,0.284468,-0.8915351504891884,0.9013151091460953,1.7433192864488753,-4.023314062500001,128.5229407491334,128.58589874030028,191.926979,374.317214,-1.4035088690202897,0.10796551168904736,1.4925974067158572,0.2912573769470102,0.011104099010391989,-0.07763558723974591,-0.9926813051386195
17,0,A,10,342,2022-07-12 00:01:21.222,-0.0067816874999999995,0.066468098944831,0.0668131683329529,0.164773,0.282526,0.2404374454902345,-0.39998326989310107,2.4661755176596287,0.002312,0.12068867626355838,0.12071081940841095,0.216096,0.350282,-1.2042131607568982,0.5349051709030384,1.790195784098395,-8.7916860625,151.30360855662397,151.55881929494453,233.650235,464.916284,-1.3924940371088763,0.06483227514450768,1.541647236940396,0.44437734261132134,0.004848965099573653,0.0450858609189131,-0.9988898389285594
18,0,A,10,358,2022-07-12 00:01:22.822,0.0096365,0.06272072605207947,0.06345669081152909,0.11332,0.222774,-0.8187902271537393,-0.26032253158540924,1.7857848959784006,0.012608000000000001,0.11627822436402269,0.11695976712207493,0.208353,0.330936,-1.4410525710316051,0.44319818241502973,1.78140744571195,-6.854534999999997,150.64449341354447,150.8003582419142,225.305584,447.034889,-1.3817667174298822,0.0966485801958594,1.4940653101006853,0.41838303968400353,-0.12789784808890112,0.06899372741052326,-0.9967059736593413
19,0,A,10,374,2022-07-12 00:01:24.422,-0.0067576875,0.08335073213064684,0.08362422428377138,0.184255,0.366143,0.443372872126087,0.04380202343458228,2.203368719747367,0.0010923124999999978,0.13238674174540607,0.1323912479605903,0.222806,0.380618,-1.3075818735652907,0.4706092849790914,1.682936020561752,-4.619360499999999,148.28319371457974,148.35512808671137,222.921398,436.306051,-1.40843697021469,0.09430030455362709,1.502620104036483,0.493557375767585,-0.014934692175199679,0.017178225802695946,-0.9936882604181229
20,0,A,11,392,2022-07-12 00:01:27.857,-0.0223164375,0.03745760085077652,0.04360155093786802,0.106267,0.144879,-0.0062402527096816485,-0.6965578695869712,2.4372298166968855,-0.01088825,0.05008322628448072,0.051253132032345106,0.111375,0.21721000000000001,0.13279285310419642,0.23344231416165284,2.1730379312178005,5.4389245625000004,80.36021159586976,80.54405942171977,110.864652,219.345118,-1.5311912186118448,-0.06160967146221602,1.37644728606892,0.3133623891370172,0.2880458043355179,0.014007276285191016,-0.9975852373669917
21,0,A,11,408,2022-07-12 00:01:29.457,0.038104874999999996,0.039765946415989836,0.05507551173729573,0.105426,0.140622,-0.7676235874921962,0.022509815093774338,1.9142082692371645,0.012635875000000001,0.04836914437541122,0.04999239406774794,0.102645,0.19423200000000002,-0.4346803716144967,-0.04068699698069289,2.053212331877907,5.364418562500001,80.34919291417316,80.52806832696727,112.056745,221.729304,-1.5270222711001393,-0.06779130801010308,1.3915240651870249,-0.08124243102156387,-0.08677128377666568,-0.24404120254484782,-0.9972591415638676
22,0,A,11,424,2022-07-12 00:01:31.057,-0.011012937499999998,0.029438045191275755,0.031430610828657154,0.061661,0.114305,-0.2249470917764551,0.07510528072361794,1.9618136070005998,0.0011099999999999999,0.04734313717161126,0.04735614782950573,0.080256,0.158094,-1.3243506453386225,0.043398664187768,1.6947324408425737,5.289912750000001,80.50266221802362,80.67627780885667,110.864652,220.537211,-1.527985373346744,-0.07715224981488443,1.3741914601299225,-0.1906195053556815,-0.4415427928646006,0.043710420069044645,-0.9971730141624761
23,0,A,12,442,2022-07-12 00:01:35.646,-0.013710125,0.06522336993160024,0.06664874727067269,0.162992,0.249386,-0.25279674099075367,-0.36190914948203984,2.4455373382797405,-0.0105968125,0.13724160692152487,0.1376501039068351,0.250263,0.48779300000000003,-1.024497554186958,0.2424256396796236,1.8181097790480711,0.07450587500000028,135.11828251327728,135.1183030550015,195.503258,386.238144,-1.4830222678915104,-0.020842638171394173,1.4469043318314774,0.1597044672843,0.05420988208773184,-0.15613322723215317,-0.9686700770722347
24,0,A,12,458,2022-07-12 00:01:37.246,0.0339758125,0.06732950783109397,0.0754163010218116,0.136689,0.23833900000000002,-0.7485390223249757,-0.4725748770265405,1.812459616130833,0.036168874999999996,0.12110405135351325,0.12638978903772252,0.246006,0.363736,-1.3088832407157498,0.49430997937332743,1.9464072364783884,2.6822094375,138.48464561781017,138.51061807441727,202.655816,400.54326,-1.4628947342327732,-0.05020279743042879,1.4631067193066714,0.39626446386148806,-0.08566527991419629,-0.0772655818617691,-0.9810887220108453
25,0,A,13,482,2022-07-12 00:01:43.757,-0.0012241875000000013,0.07543704701373419,0.07544697937749066,0.180397,0.337113,0.7475906466214575,0.18250259750890463,2.3910433722919966,-0.004486562499999998,0.16463999433611537,0.16470111407656748,0.277204,0.493005,-1.3464264296128161,0.2130769429181863,1.6830730110977352,0.07450581249999821,172.17568373014308,172.175699850642,250.339538,493.526517,-1.5087764243678763,-0.002402923394471304,1.4539771769022176,0.2749844406178561,-0.17470730575918123,-0.003914221722281106,-0.9495629510808331
26,0,A,15,521,2022-07-12 00:02:01.294,0.0211644375,0.07491293697517201,0.07784524096524784,0.157612,0.22956300000000002,-0.8720637052885492,0.7427028606628931,2.024683821973936,0.009742375,0.19358151301288914,0.19382651018630037,0.314745,0.61764,-1.2558027895117971,-0.13025258400796932,1.6238490787327096,-5.215407000000001,181.2995170396249,181.37451681252494,259.876282,518.560471,-1.4479570881248436,0.08482134606013618,1.4328158473806838,0.48404220340548754,0.019098853091453916,0.02587107800633804,-0.9918252554680899
27,0,A,15,537,2022-07-12 00:02:02.894,-0.02296625,0.09204588204565428,0.09486776607797298,0.170747,0.29691100000000004,-1.1260803086799414,-0.21039741599968198,1.7998421071669481,-0.0034756250000000004,0.18662936142119857,0.18666172214362803,0.29549,0.53844,-1.3362607234483237,0.35266696129992814,1.5830240748161175,-2.7567151874999993,181.98449056802815,182.00536883820138,258.684189,514.984192,-1.4878134348556469,0.05490214533566642,1.421299770722502,0.4772956675237717,0.07166830340784802,0.012199180199169782,-0.9797349018581321
28,0,A,15,553,2022-07-12 00:02:04.494,-0.007737249999999999,0.060247141907832445,0.060741938935343506,0.141909,0.24177900000000002,-0.3250671133561802,-0.5073935664687753,2.3362606213649917,-0.022981999999999995,0.1790752748060854,0.18054397351026424,0.285377,0.534409,-1.3938286224629914,0.05520786034576414,1.5806509320222522,-0.8940697499999981,181.026255399341,181.02846324438957,261.068375,518.560471,-1.5131394051949816,0.011307672200245693,1.442139928280538,0.43581198535240273,0.07287118460049402,-0.02956977271478257,-0.9594724053609981
29,0,A,16,571,2022-07-12 00:02:07.924,-0.008287687499999996,0.08671481749801958,0.08710996118592006,0.159153,0.289701,-1.1253340058268533,-0.1529594134014261,1.8270355976891945,0.006605937499999999,0.12327520233681871,0.12345207135336976,0.248462,0.387827,-0.8800794405309889,0.7057323072830599,2.012619126404135,7.74860475,110.092873728251,110.36521970854922,166.893025,325.441399,-1.4213166253217315,-0.0356520687411628,1.5121885811556262,0.23048722610447905,0.038780397864457215,-0.0941433830079352,-0.9994345165224844
30,0,A,16,587,2022-07-12 00:02:09.524,0.0029997500000000024,0.0893320841834696,0.0893824354368631,0.195443,0.353938,-0.22744200014420146,0.041086322155390986,2.186592914421701,-0.006754937500000001,0.12295073723877623,0.12313615621817785,0.231909,0.401758,-1.0092133034883617,0.6560506050187104,1.8833542244821564,6.8545349375,110.31813109857863,110.53087667386244,169.277211,336.170236,-1.3708377120564177,-0.07067838212279887,1.5314925213112824,0.2535786919633273,0.0015933587345202148,0.06733983980294327,-0.998599035205489
31,0,A,16,603,2022-07-12 00:02:11.124,0.006588125000000002,0.09947767966852852,0.09969559741157079,0.1809,0.32730400000000004,-1.0506411779268063,-0.006986845170958156,1.814523456368842,-0.00872175,0.10888984598695371,0.109238580557077,0.247089,0.37690599999999996,-0.2525321774712266,0.9428478817417942,2.2619206395756524,5.289912874999999,111.50369580025412,111.62910621939378,165.700932,327.825585,-1.3944671327949705,-0.09055920644390393,1.484388235397446,0.303594597300772,-0.02728730158161445,0.07731426652872239,-0.9955558381258475
32,0,A,17,621,2022-07-12 00:02:15.921,-0.0275736875,0.03864651659386449,0.04747485110232048,0.090303,0.146219,-0.3712698346318719,0.45378341286804036,1.902122869335048,-0.0175995625,0.05523892703290039,0.057974853686210366,0.111436,0.17171799999999998,-1.2809218629959718,-0.18891694115533486,1.9221437039435885,-3.948808312499999,80.45934633999654,80.55618846835036,112.056745,221.729304,-1.5225922061718404,0.07710807064359754,1.3910383190985491,-0.3002663757680311,-0.3600428775024321,0.4182329590786372,-0.9981003568790808
33,0,A,17,637,2022-07-12 00:02:17.521,0.001182125,0.05503575423403748,0.05504844833076587,0.124012,0.192154,-0.7438448801029738,0.38071002224760553,2.252779211048012,-0.003448437500000002,0.05420843410273989,0.0543180085152475,0.101415,0.185672,-0.7038818603143979,0.4313343395300101,1.8670603501881333,-3.4272674374999994,81.41750520359307,81.48960863610311,110.864652,220.537211,-1.5214955804382895,0.08887910863115123,1.360475941111375,0.06992671439870105,-0.16397027092833494,0.10841615350861569,-0.9979073679859128
34,0,A,18,657,2022-07-12 00:02:23.876,0.0005614374999999977,0.08939702363611494,0.0893987866084462,0.178554,0.326611,-0.5950770453465197,-0.2062519383619476,1.9972754303930407,0.0007743750000000008,0.09565820054095925,0.09566133486093009,0.172077,0.281675,-1.1404225101792878,0.5669316378524547,1.7988145393346326,-4.9918896875000005,101.20531019811261,101.32834635455355,150.203723,296.831166,-1.411015848243943,0.07026765194633777,1.4823465338556772,0.033546112765094026,0.16005407184276077,0.008663504086833597,-0.9973117974131662
35,0,A,18,673,2022-07-12 00:02:25.476,-0.0009833749999999981,0.08495532927359163,0.0849610204645342,0.123159,0.242392,-1.4373161525487796,0.33038648584639624,1.4495941706751394,0.0038418750000000002,0.08320332289328579,0.08329197406713326,0.144284,0.24528699999999998,-1.3416589609151477,0.5070153729799118,1.7322677438729837,-5.662441812500001,99.4554118219712,99.61647548451931,149.01163,295.639073,-1.419237167399603,0.06520948500230044,1.4958532639829927,0.08346160860401679,-0.08683483769184956,0.005887092620422632,-0.9974632879983649
36,0,A,19,693,2022-07-12 00:02:31.936,0.0291919375,0.0754001288829044,0.08085387220512386,0.130009,0.253564,-0.9855143317190236,-0.45176908565213714,1.6079502002102146,-0.0010913125000000011,0.0372237323285138,0.03723972625352528,0.093897,0.152304,0.39402271909086206,-0.6116033617681007,2.521420253219807,-2.011657000000001,83.84969910784206,83.87382669439434,112.056745,221.729304,-1.5439542927564065,0.08422846945218017,1.3360156489377069,0.5996933792463283,0.1599799529243236,0.07983899868537153,-0.9885898369743882
37,0,A,20,716,2022-07-12 00:02:40.000,0.0137845,0.06795101317217427,0.069335075044129,0.125539,0.247206,-0.8449483247014267,-0.10674845994929388,1.8106131697427235,-0.003615875000000001,0.05765097604212243,0.057764258764611526,0.140751,0.232867,0.4541421284465983,0.7386181665823709,2.4366451333437547,-4.246831374999999,81.28878023164886,81.39963985348454,113.248838,225.305583,-1.4875497641918916,0.06081187665658293,1.391269521632313,0.05053165504877443,0.39788887577358956,-0.19258120266403078,-0.9975126785529002
38,0,A,22,749,2022-07-12 00:02:57.334,0.0034201875000000014,0.08525497038019159,0.08532354690859083,0.153516,0.271173,-1.2280268511215258,0.23376028286226258,1.7992219681685926,0.003842687499999997,0.08215842640192084,0.08224824178097974,0.148396,0.239157,-1.2025377055917859,0.5930944322251761,1.8042452554203683,-5.662441812500001,99.98180660359213,100.14202364141663,149.01163,295.639073,-1.398133319069613,0.07901287647568823,1.4880029839777666,0.44024960092194887,-0.056113119284063026,0.051232271398762456,-0.9962138981555597
39,0,A,22,765,2022-07-12 00:02:58.934,-0.011475312500000001,0.06788845283415172,0.06885146930304029,0.14596,0.242278,-0.8527246294338626,-0.32635709512827726,2.1199257107728102,0.0008135000000000009,0.08071890015588047,0.080722999353499,0.168196,0.26113600000000003,-0.7704423531508278,0.6956403026506517,2.0836193073481164,-5.811453499999999,97.63696355366683,97.80976251766859,143.051164,284.910235,-1.4120888966851417,0.07593444617505496,1.4625448453998535,0.564461558246699,-0.16684769556227672,0.00986366175342612,-0.996452658581478
40,0,A,22,781,2022-07-12 00:03:00.534,0.0013241875000000007,0.08660467664712075,0.0866147994841961,0.179299,0.32737099999999997,-0.8371062731936671,0.2921259602350049,2.0700734870686297,-0.0004375000000000004,0.06512612694226488,0.06512759643000808,0.13643,0.218551,-0.3207824070079117,0.8982173460665595,2.0948109170068916,-5.811453625,95.16408124816847,95.34136223614352,140.666978,276.565584,-1.426071819451277,0.061524037722965774,1.4754034838687644,0.473146660570226,0.059878749781706285,0.0735781084657345,-0.9979739326394137
41,0,A,23,799,2022-07-12 00:03:04.000,0.009216812500000001,0.05378114791125552,0.054565204144330845,0.084485,0.155586,-1.543338521889609,-0.15719253749418396,1.5483310531841514,-0.002625500000000001,0.030957368252566304,0.031068503333359976,0.067438,0.125692,-0.02794570241920935,-0.22825045773284047,2.1706227453701663,-3.4272675000000006,80.46834950630907,80.54130266382626,110.864652,219.345118,-1.5250067328249313,0.06334136310650379,1.3764943989389056,0.04048585979837445,0.07803625799080868,0.1709030102988891,-0.9975225884721015
42,0,A,23,815,2022-07-12 00:03:05.600,0.016331687500000004,0.06589932266127509,0.06789289170312678,0.161971,0.259684,0.1126067517395164,0.320408118897482,2.3856842143098835,0.011933625,0.0344481712211893,0.03645665791217017,0.096299,0.13885,0.30890465479645535,0.609828201275131,2.641465386980876,-3.7997965,80.76729286861185,80.8566265111619,110.864652,221.729304,-1.5208768033299445,0.06283026391609295,1.3711263601220813,0.3157725802634225,-0.0307542486960733,-0.1877328423426396,-0.9984939100597717
43,0,A,23,831,2022-07-12 00:03:07.200,-0.010406562500000001,0.05839477982231026,0.0593148114180809,0.118194,0.225431,-0.580650048624618,0.14931546126523518,1.9926557494536852,-0.008526312500000001,0.040394235986893526,0.04128428642731396,0.110455,0.193255,1.4336221391376522,-0.09562623233657452,2.675473153556125,-3.1292441874999986,81.6408322094322,81.70078122658109,110.864652,221.729304,-1.5118628974143886,0.06417508040976341,1.3569595092675877,0.18703353333710598,0.13207475721508352,0.0917680254530237,-0.9987787908295122
44,0,A,24,849,2022-07-12 00:03:12.129,-0.006722687499999999,0.06926291829842894,0.06958840692556124,0.149772,0.278155,0.03804733849622055,0.2606958673298593,2.152255046738046,-0.005502374999999999,0.1884936967065726,0.18857399032939298,0.303483,0.573124,-1.437240347140846,0.1519678317192013,1.6093576822015,-3.7252906874999994,169.15432369650895,169.19533981741253,243.186979,482.797679,-1.4711297336031088,0.059067352986696,1.4373148767716397,0.44855682492381166,-0.04156024292875418,-0.022209178928798808,-0.9858757248697576
45,0,A,24,865,2022-07-12 00:03:13.729,0.011724187500000002,0.07071046532888427,0.07167584306837625,0.129814,0.21158000000000002,-1.2282281718263572,0.31539195735037856,1.811126237833882,-0.00962275,0.17782823479993976,0.1780884005476634,0.276735,0.551065,-1.3436243189220152,0.19186569533380726,1.5539192847427192,-1.7136337500000014,172.85809859560925,172.86659246574655,247.955351,493.526516,-1.5012256272599869,0.02578909012797062,1.4343740306510193,0.4178992466378552,-0.1590363160224547,-0.02573143629625753,-0.9673642384263407
46,0,A,25,885,2022-07-12 00:03:20.215,0.013283812500000002,0.06419080518483425,0.06555088973318744,0.132991,0.21569,-1.18572441761799,0.1927292464996485,2.0288206695792357,0.004007375,0.03498403848699254,0.03521281021517596,0.101198,0.145469,1.3580780341772902,1.2095655293611092,2.8738972942405447,2.3096801875000006,86.40564308276323,86.43650721260317,115.633024,228.881862,-1.5523002979148446,-0.08600630775132552,1.3377799234249916,0.2387636237222201,-0.00661028048372394,0.13154944639433921,-0.9769956978499142
47,0,A,27,923,2022-07-12 00:03:44.676,0.018404999999999998,0.07027400479996142,0.07264419987600525,0.158623,0.28029,-0.26624881684575863,-0.019156004426662973,2.183560425618976,0.0180764375,0.03629707695870418,0.040549172475372416,0.08691,0.13642100000000001,-0.7600738765802815,-0.1017123310016288,2.1433236412601238,-1.1920929375,84.83042417124034,84.83879979492988,112.056745,222.921397,-1.5859115665828913,0.049537260796725824,1.3208195456661413,0.5709075274483798,0.29141094707095666,0.06692091892219398,-0.9825277509036557
48,0,A,27,939,2022-07-12 00:03:46.276,-0.015318312500000002,0.05735627975723185,0.05936660277830879,0.109509,0.217779,-0.6368623493108618,0.4157646736287436,1.8446229845581141,-0.005583625000000001,0.028036224362142183,0.028586828166570002,0.052156,0.086591,-1.153488867099798,-0.1560656317958815,1.8244766329477662,0.1490116249999991,85.3001450916718,85.30027524647646,113.248838,224.11349,-1.6080927661736069,0.01613968472581255,1.3276491508704484,0.2499054798048905,-0.14518478476425703,0.049268679179122164,-0.9562966127538697
49,0,A,27,955,2022-07-12 00:03:47.876,-0.0026226250000000017,0.07645416088895604,0.07649912992397365,0.141809,0.26737,-0.8823002692419428,0.16616262468636125,1.8537335018180283,-0.0130150625,0.04537947795461726,0.0472089914244363,0.127565,0.20347400000000002,1.0657550834227525,-0.39268234454908224,2.70213355869259,1.0430813750000003,85.68142763352841,85.687776608303,113.248838,225.305583,-1.6024873476204875,-0.021274020142795405,1.3216451923788906,0.6105746963007073,-0.14285149794707674,0.03321539921657758,-0.9646902437419497
50,0,A,28,973,2022-07-12 00:03:52.544,0.0077706250000000015,0.057135293628232754,0.057661290229017594,0.095285,0.180267,-1.1525178115601298,-0.028467209762595536,1.6524951075764962,-0.00045218749999999946,0.046687014950919106,0.046689204732598515,0.075833,0.141859,-1.2274465475659453,-0.11215723889327035,1.6242084317845151,-4.395843062499999,89.2824352989246,89.39058501395314,127.553955,252.723724,-1.4458207254821447,0.07071501503499757,1.4269282942950856,0.294659719935526,0.11614663550790237,-0.24451994629345608,-0.9969742694709499
51,0,A,28,989,2022-07-12 00:03:54.144,0.0096744375,0.06238541378897068,0.06313109055419922,0.103403,0.191666,-1.3145432030175388,-0.010587560845441685,1.6379092946481988,0.005941937499999999,0.04573982578326675,0.0461241616068791,0.080161,0.155789,-0.7963462696485357,-0.2058235923138586,1.7379394488125404,-4.619360562499999,88.09385572973179,88.21488485135136,125.169769,249.147445,-1.4556074876318266,0.06024252749642453,1.4189189183993198,0.6514563183047215,0.11441803189150594,-0.01837978080797972,-0.9975422315348712
52,0,A,28,1005,2022-07-12 00:03:55.744,-0.012292625,0.07624508882288338,0.07722967175250715,0.139046,0.257208,-1.2281784261148025,-0.011586082636549477,1.8004219990160202,-0.00022787499999999978,0.04532569516272613,0.045326267980057657,0.090626,0.156107,-0.8667820253928551,-0.405679778240437,1.9994145566953143,-4.842877937500001,86.89968712947937,87.0345281478502,122.785583,244.379073,-1.4667293835702568,0.06465337794718673,1.4107686410549338,0.4073737307763409,0.014203124157072939,0.1641991405744851,-0.9972620668396898
53,0,A,29,1023,2022-07-12 00:04:00.140,-0.023089812499999997,0.07975263256722215,0.08302783775751058,0.181385,0.256969,-1.2365023497503727,-0.4575208164895161,2.1846287329527883,-0.010652374999999999,0.07380551965035795,0.0745702878095559,0.134046,0.250702,-0.9370182795285835,0.4714572574153869,1.7975792227373235,5.438924437499999,95.29660698932662,95.45169041308283,140.666978,278.94977,-1.400008097360052,-0.07978326963451726,1.4736981334876376,0.20954752914739233,-0.11161686788645929,0.01761852264407269,-0.998077202890886
54,0,A,29,1039,2022-07-12 00:04:01.740,0.04270381250000001,0.08388130977474866,0.09412592486431408,0.174676,0.247695,-1.4730677196221358,0.026963824718093443,1.8557692819677656,0.022372875,0.06822322655891742,0.07179800956764053,0.125872,0.209536,-1.1752264837974218,0.3108360340286294,1.753140522390341,4.097819812499999,97.83061746161083,97.9164023038824,145.43535,286.102328,-1.4422869847557191,-0.05188007996874012,1.485301201617305,0.22800935456354957,0.09750122255963356,0.22348703252156968,-0.9943649865458677
55,0,A,30,1065,2022-07-12 00:04:08.213,0.0036879375000000007,0.06636844411547248,0.06647083012353991,0.153022,0.235728,-0.30786008444701984,-0.7755444567288694,2.302092507579636,0.008722937500000002,0.18619731229950284,0.18640152560048295,0.287675,0.568253,-1.306135114107467,-0.055271551709125205,1.54330818416464,-7.9721221249999985,174.91843933549666,175.1000147079998,256.300003,507.831634,-1.4080855881780079,0.07672829683964956,1.463734902749214,0.4367506180258795,0.03259982728795771,0.07656496895464301,-0.9974154793973039
56,0,A,33,1107,2022-07-12 00:04:25.827,-0.013744375000000003,0.056973427027293834,0.05860784274629975,0.096655,0.179564,-0.9603087021918082,0.5400194579226605,1.6491820116703133,-0.0024584999999999993,0.13148873690168295,0.13151171869552158,0.226374,0.413259,-1.403236544452485,0.1747545086932739,1.7213218886151533,-0.7450583124999999,138.78791508209903,138.78991492440997,201.463723,400.54326,-1.4882532311522019,0.015602606222303965,1.4515732148818195,0.16252711831244257,0.30870601583924545,0.013201102793337286,-0.9675444253647725
57,0,A,33,1123,2022-07-12 00:04:27.427,-0.018590125,0.08837050271857898,0.0903046980962231,0.220326,0.373579,1.1806237315274046,1.1343429323128906,2.4398066174279687,-0.008834874999999999,0.12054955146218659,0.12087286450647226,0.209796,0.385568,-1.2308468014448453,0.01888921393159053,1.735674924695495,0.7450581874999997,142.03169133559965,142.03364550469658,203.847909,405.311632,-1.490661712010966,-0.021740455025722923,1.4352085963551462,0.5431934046030207,-0.18293308751686121,-0.19187745622932947,-0.9626792413583912
58,0,A,33,1139,2022-07-12 00:04:29.027,0.029318312500000006,0.09084271898501191,0.09545660291691455,0.218614,0.402643,1.4020421114281456,-0.8374415474563749,2.2901925411098243,0.0035586874999999976,0.1753059159229655,0.17534203265136541,0.285081,0.536646,-1.4322590756232727,-0.08670394326090679,1.6258565940479874,2.160668812499999,144.7854649243121,144.80158612068624,209.808374,418.424655,-1.4723594651493928,-0.050344460150297705,1.4489369876455167,0.14688608687345578,-0.09411994667967921,-0.03541536389000243,-0.9798721177330277
59,0,A,34,1157,2022-07-12 00:04:32.537,-0.007407687500000002,0.05857277771362601,0.05903934385803673,0.167495,0.259513,1.2605029403909267,-0.9275672172022946,2.837006461364996,0.004283875000000003,0.13153073134484342,0.1316004744411091,0.25968,0.442732,-1.1357735553316797,0.4704630141225058,1.9732451657399324,-8.791686062500002,156.09073099556272,156.33812729641699,238.418607,472.068842,-1.41248809745022,0.06396503309934831,1.525018951697934,0.33401612014153315,-0.09143030344718826,0.04971894380695423,-0.998028958679179
60,0,A,34,1173,2022-07-12 00:04:34.137,-0.0082335,0.09102020002106676,0.09139183406697231,0.163612,0.271604,-1.490032364599104,-0.3148878068606435,1.7902255893026993,0.003897062500000003,0.13902558678687024,0.13908019584959785,0.244796,0.40065700000000004,-1.21650270695112,0.5844455490215273,1.760106811071246,-9.462238562500001,153.05371395179313,153.3459269529223,230.073956,447.034889,-1.446700217208831,0.041178106267061684,1.50035909379343,0.45392994805317083,-0.049542302061150185,0.09923203491321742,-0.999136244782719
61,0,A,34,1189,2022-07-12 00:04:35.737,0.0139955625,0.07168868246886041,0.07304206297615436,0.152327,0.28113,-0.48623877204270727,-0.06597218713684258,2.0854695745618432,-0.002171875000000002,0.1381672209339443,0.13818428992336645,0.242763,0.40157600000000004,-1.1355581696307964,0.5321950642149609,1.7568060749498389,-8.791686249999998,152.76759172226957,153.02036082737644,233.650235,467.30047,-1.4194454079897272,0.061398006951132164,1.526922520223193,0.13106915129985927,0.07025335220429331,-0.05831141161642427,-0.9987780608321335
62,0,A,35,1207,2022-07-12 00:04:40.416,-0.0228108125,0.026316978669242097,0.03482695124738167,0.069667,0.120447,1.699374195942859,0.9722637466176968,2.000376073838437,-0.016100312500000002,0.04077356243897317,0.0438372382405929,0.07716,0.13803300000000002,-1.0166810737168681,0.13548201919433792,1.7601473791875537,5.215407125000001,80.40209646329396,80.5710716521279,109.672559,216.960932,-1.5344201967619024,-0.05809237740335696,1.3611902727758187,0.4471814711011492,-0.25869702432527436,-0.31820269147313107,-0.9977729196228228
63,0,A,35,1223,2022-07-12 00:04:42.016,0.029411437500000002,0.035685732474563185,0.04624396347700422,0.093207,0.11855099999999999,-0.681151641554258,0.4303510119838451,2.0155495548375546,0.012468812499999999,0.03558519534023023,0.03770646380347142,0.080492,0.133628,-0.7194448138161782,-0.1474008488239021,2.134700310788347,5.140901250000001,80.50790271873213,80.6718740691642,110.864652,220.537211,-1.5271013688221946,-0.06961501898158387,1.3742664748924756,-0.2879066455477773,0.20135748724250352,0.1494411023334198,-0.9971443773138875
64,0,A,36,1245,2022-07-12 00:04:48.455,-0.0017596250000000008,0.08687454335554447,0.08689236193921189,0.17698,0.309342,-0.9085342561756251,-0.38594568683754743,2.0367728077619938,0.0010418124999999993,0.13522146754455205,0.13522548080220495,0.251531,0.40193999999999996,-1.19783027053487,0.530844643233483,1.8600858248595602,-3.7997964375000013,148.01361614430496,148.06238218089052,220.537212,435.113958,-1.4462911630593651,0.07150484294388448,1.4894884760841256,0.5313444921887539,-0.05790565293820069,0.02264117353518786,-0.9891651306244781
65,0,A,36,1261,2022-07-12 00:04:50.055,0.005432875,0.058934895885072835,0.05918477915604654,0.119068,0.23046,-0.606859917213705,0.1280878651198732,2.0118010356356217,0.009202749999999996,0.11806225061037715,0.1184203767379162,0.189985,0.334842,-1.4088181658156713,0.18103364695885701,1.6043269345483344,-5.140901250000001,146.09750581113593,146.18792723715987,215.76884,430.345586,-1.4092077561475955,0.08984428405461717,1.4759689399656062,-0.12246938820790391,0.016848817622074186,0.06765666878266109,-0.9947551515011632
66,0,A,37,1282,2022-07-12 00:04:56.641,-0.031924,0.05008733051131793,0.05939598011439831,0.120549,0.205687,-0.004413238733335767,0.42813655328178,2.029581796071372,-0.0098635,0.04309253697277523,0.04420696070756278,0.085625,0.159173,-0.6893029983655659,0.2182801259959012,1.9369121656298702,4.917383687500001,80.31478007458915,80.46517607486928,110.864652,216.960932,-1.5445259822660615,-0.049835331298694184,1.3777966743880032,0.023979819146042296,0.06758814692586433,-0.16628843748284208,-0.9982047572080303
67,0,A,41,1331,2022-07-12 00:05:22.496,-0.0017267499999999991,0.06922630023562215,0.06924783252835427,0.109713,0.21818700000000002,-1.4119910142065712,0.06109879168090865,1.5843528381206275,0.004457187499999999,0.05973667438560958,0.05990272770970033,0.134332,0.23038,-0.5561320760684278,0.2831543111067266,2.242502222119127,4.470348937499998,91.58046729683764,91.6895087233548,127.553955,253.915817,-1.4646836311026978,-0.08257673746268847,1.391151035445672,0.37421252341885125,0.05183205230093002,-0.08580714211710219,-0.9925243324730715
68,0,A,41,1347,2022-07-12 00:05:24.096,0.005449937500000001,0.04931881246348693,0.04961901935309181,0.097529,0.189475,-0.5753187337216987,-0.09158630764140596,1.9655567818859538,-0.0006299999999999986,0.044628270340950925,0.04463271685238308,0.069584,0.139009,-1.0534601124416871,0.09214665619508394,1.5590357232820948,5.960465187499999,89.27674607937543,89.47549684563185,127.553955,249.147445,-1.4602800696364597,-0.08468508048170373,1.4255741459593485,0.5430326200768152,-0.342998841244891,-0.0719082372318052,-0.9952782904448085
69,0,A,41,1363,2022-07-12 00:05:25.696,-0.0017549999999999961,0.05669221733624467,0.0567193752742394,0.10012,0.19119999999999998,-0.9804261556870357,0.3525313924593698,1.7651816423562081,-0.004138124999999998,0.06480138705872256,0.06493338003869813,0.164861,0.243562,0.3863090331860022,0.8760145242418154,2.538925278520052,6.332994250000002,86.68709135759835,86.91811447685191,122.785583,241.994887,-1.4818061090305283,-0.0701363313463608,1.4126581523199095,0.5450023740125424,0.0832087451818734,0.14356986147437809,-0.996969500873673
70,0,A,42,1381,2022-07-12 00:05:29.007,0.0388185625,0.07473947826949351,0.08421918075214517,0.151804,0.238543,-1.1928516397070372,0.05222607805736784,1.8024872558040568,0.0351470625,0.044384121185775366,0.05661507057146975,0.130322,0.18795299999999998,-0.04414751508961512,-0.047646027119661816,2.301895920724572,0.9685756250000006,83.61049696182553,83.6161069468364,110.864652,220.537211,-1.6207824944493465,-0.01748950937812819,1.3258767484892402,0.4195487599841513,-0.1259874496056213,-0.27880259582791994,-0.9459934207791588
71,0,A,42,1397,2022-07-12 00:05:30.607,-0.021620625,0.05451413017956331,0.05864504936160426,0.135808,0.202803,-0.6534719342353572,-0.16452900016421773,2.3157623956049633,-0.0125046875,0.046409321629278785,0.04806446029617414,0.116418,0.164872,-0.41956185752845965,-0.5988318613396457,2.422122276680733,-0.07450568749999986,83.18156294558848,83.18159631293672,110.864652,220.537211,-1.6139006771911122,0.022431241872571644,1.3328026500347159,0.5876677814320828,-0.22955664905620118,-0.007027769510722126,-0.954988001608061
72,0,A,42,1413,2022-07-12 00:05:32.207,-0.016474,0.05235944150891031,0.05488992431334734,0.107573,0.196173,-0.3980468510208328,0.02493828676801979,1.9597950142161509,-0.0165529375,0.048308924282254445,0.05106615224576353,0.10796,0.18289,-0.7189807472799741,-0.04687304326536382,2.114120513337803,-1.34110475,82.89320195160714,82.90404991157186,110.864652,219.345118,-1.5873941085098573,0.0573682197128174,1.3372646103326897,0.6070410502074478,0.39726232503509146,0.01944664032611447,-0.9841229779177603
73,0,A,43,1431,2022-07-12 00:05:36.499,0.008397812500000002,0.05842323412951686,0.05902370321267126,0.12454,0.21621200000000002,-0.07063729051984158,-0.7061804923519222,2.1099997665558816,0.0019378125000000038,0.18648468131733326,0.1864947492111038,0.283382,0.541858,-1.5530034414552651,0.01722180340986807,1.5195173118746854,4.0978198125,171.06273832386873,171.11181306407838,244.379072,486.373958,-1.4783562179964864,-0.06368956647834677,1.42818352294873,0.5909352849706597,-0.07186105754373286,0.01816092512031409,-0.9852146492563648
74,0,A,43,1447,2022-07-12 00:05:38.099,0.007386625000000001,0.06754001783560895,0.06794274235063669,0.157214,0.24447,-0.44389969129754636,0.47838669274060985,2.3139189641279874,-0.0068067499999999986,0.172287343143475,0.17242175168174112,0.281736,0.532979,-1.323949577265633,0.20535146440524837,1.633993375267599,6.482006,171.36724490807742,171.4897927842034,249.147445,495.910703,-1.4344663082355131,-0.08386361971598597,1.4528412505198967,0.13333277669193072,0.07771588377707415,0.09129944937893604,-0.993380728178792
75,0,A,44,1474,2022-07-12 00:05:44.604,-0.013322125,0.07823537284524422,0.07936153084933531,0.131395,0.216893,-1.4425376956877236,-0.3719476728274416,1.6556510263070423,0.0005133124999999999,0.10926322022856018,0.10926442597862078,0.193803,0.315268,-1.2110343427019394,0.5599754977007961,1.7737062933723777,6.780029125,126.72874049704275,126.90997779096271,187.158607,371.933028,-1.386502065670389,-0.09637950583075984,1.4747351647029252,0.4759428031720689,-0.01969548795808334,-0.039133698038344385,-0.9971998032859906
76,0,A,45,1503,2022-07-12 00:05:52.492,-0.0336589375,0.04968955888246135,0.060016467203280965,0.1126,0.180006,-0.6439070036634131,0.37269200913483846,1.87615175046232,0.0014058124999999986,0.0402688672956832,0.04029339874051952,0.090743,0.160285,-0.05118249312429235,0.6176406073260099,2.252056238401844,4.842877874999999,79.39226482321477,79.53983391905989,109.672559,216.960932,-1.5360208880741595,-0.06410074145537986,1.3788381694586302,-0.31794671258909113,0.0739799318236565,-0.02619724169398011,-0.9974884360660063
77,0,A,47,1525,2022-07-12 00:06:02.560,0.006039562500000001,0.07334832323745441,0.07359655451811246,0.127751,0.232458,-1.2680336379588415,-0.07144277643145033,1.7358285430136524,0.0014075000000000016,0.1378401235548815,0.13784730943284676,0.225646,0.404403,-1.4741307285788536,0.2745533906990505,1.6369271255883668,9.313226750000002,147.80104033526962,148.0941717849994,227.68977,450.611168,-1.3846615358193652,-0.07260735709028239,1.5374661085957937,0.392692736498191,0.030722374033209664,-0.04974273025127615,-0.9984272690607378
78,0,A,47,1541,2022-07-12 00:06:04.160,0.0006537500000000016,0.06478076690509692,0.06478406555531228,0.163309,0.29951,0.9717611586071588,0.3227090551363425,2.5208204918934527,0.002008562499999998,0.1302191712018476,0.1302346607927878,0.222864,0.41441700000000004,-1.1579345865798947,0.18789997327633978,1.711249514095113,7.450581562499999,146.95689786210352,147.14564551787524,221.729305,439.882331,-1.3869449662373836,-0.09433885773601143,1.5068696339577672,0.1512735219341503,-0.17775426240983117,-0.04056035983373783,-0.9959829222635006
79,0,A,47,1557,2022-07-12 00:06:05.760,-0.005987812499999998,0.08953609608156558,0.08973609307331416,0.157012,0.30203100000000005,-1.1717552737928776,-0.18786964828275848,1.7497084464299286,0.007531250000000003,0.1370015157783391,0.1372083636376624,0.243107,0.444503,-1.190861147803445,0.29991827470413945,1.7718089011103797,5.438924562499999,144.88097729566655,144.98303170558967,213.384653,426.769306,-1.4152391391299877,-0.09357240478774677,1.4717905294828593,0.4669615408800872,0.02886691610044459,-0.07025705343496791,-0.9931044442992237
80,0,A,48,1575,2022-07-12 00:06:09.177,0.0011351875000000008,0.03479673979739113,0.03481525170363558,0.079874,0.150862,0.457556031661698,0.42051410933683103,2.2942244014182775,-0.0004538749999999994,0.049293503241901716,0.049295592747983064,0.146494,0.2073,2.3907748408166025,1.4077334768270835,2.971746394224945,0.372529000000001,82.95729817218827,82.95813460948355,109.672559,218.153025,-1.6136451182193638,0.0007966906056117856,1.3220229639476795,0.3097214126987437,0.6044246668168678,-0.0459397849956973,-0.9458930681488723
81,0,A,48,1591,2022-07-12 00:06:10.777,0.030161875,0.0372075656803744,0.04789719874246301,0.131691,0.161557,1.2436499020939786,0.828447969162225,2.7494509795465354,0.0123740625,0.0542785295714023,0.055671143289746615,0.1192,0.20649299999999998,-0.5345076817733165,0.01076452108626208,2.1411451778457367,-0.7450581250000003,82.40531728577038,82.40868539527928,108.480466,216.960932,-1.6018448166912043,0.046400880395292526,1.316371757171778,-0.4435910738425429,-0.20226878724702463,0.04830224838235607,-0.9690064449839154
82,0,A,48,1607,2022-07-12 00:06:12.377,-0.027028687499999995,0.023654926933196044,0.03591803886889567,0.069115,0.09612899999999999,0.26094926579690236,0.8043743184570025,1.9242420292565654,-0.0084353125,0.05548459409682876,0.05612214072059707,0.121244,0.21434999999999998,0.047988927433696205,0.6898545992850862,2.160359502386247,-2.384186,81.48742881094525,81.52229999884366,109.672559,218.153025,-1.557223637930289,0.08093022510612524,1.3453074680370356,-0.3446979832760439,-0.21470174824674126,-0.02617065375899784,-0.9883307781410197
83,0,A,49,1625,2022-07-12 00:06:16.934,0.0419750625,0.08232744708591172,0.09241057523661726,0.241496,0.28642,-0.10203805504704144,1.0261867214696814,2.6132939804957336,0.0233534375,0.09929100200481962,0.10200042216671214,0.173816,0.284354,-1.3719297006141886,0.21029681738759054,1.7040713784096955,1.7881396249999995,127.22556730661437,127.23813272682195,184.774421,364.780469,-1.4850458077642883,-0.017185105424771863,1.4521937491546457,-0.11456363533378595,-0.29830000904230297,0.012897198041635532,-0.961932483791464
84,0,A,49,1641,2022-07-12 00:06:18.534,-0.05751287499999999,0.05174988556252444,0.07736783211710148,0.182821,0.207231,0.1494868778246019,-0.7071359675413345,2.3630105044598895,-0.0436895,0.11275743025960638,0.12092564032908819,0.177624,0.347864,-1.1113257949084785,0.5116518137953464,1.4688696253053726,-0.14901156249999925,128.02509993121507,128.02518665029692,183.582328,365.972563,-1.4876786634700143,0.025603836683352296,1.4339547772069132,0.08963533664921801,-0.06482014103685527,-0.13840183958054497,-0.9605088331367846
85,0,A,50,1665,2022-07-12 00:06:25.547,-0.0034451249999999994,0.05733547579474138,0.0574388864000252,0.112742,0.205062,-0.6005965478693751,-0.1935819889269924,1.9628166050230134,-0.007691562500000001,0.15755390805569086,0.15774154201513468,0.275897,0.507513,-1.2239005252819488,0.24227039055351804,1.749044649085076,-9.238720937500002,160.11838696999232,160.38469942744916,245.571165,489.950237,-1.4046162602560626,0.06260572557183372,1.5311383559445169,0.11187012868802917,0.11821846880861092,-0.0008821132920634649,-0.9987990603186512
86,0,A,51,1687,2022-07-12 00:06:29.384,-0.0331801875,0.04046205631239401,0.05232688451993392,0.111327,0.157459,-0.39459189301083075,0.20173799630959344,2.12752968232974,-0.018368312499999997,0.0551734431403809,0.05815069846581811,0.117192,0.222819,-0.16085131082940363,0.20838812262250914,2.0153154320044377,5.96046525,82.19176738310179,82.40760748592555,113.248838,226.497676,-1.4936472707491097,-0.08713607554032127,1.3742522256739689,0.09961245951059863,0.32697770945871574,-0.02944513932969398,-0.9983968927357655
87,0,A,51,1703,2022-07-12 00:06:30.984,-0.01855875,0.044950597336826346,0.04863109501646041,0.107399,0.18073299999999998,-0.3870648863918902,-0.012315167848853281,2.2084429717991774,-0.0025311875000000005,0.04285900585673148,0.04293368483123129,0.088404,0.146797,-0.9248354716666798,0.3965670086947948,2.059082521043994,4.172325687500001,82.3601712827588,82.46578754470207,112.056745,222.921397,-1.5128562783632296,-0.11003549067612259,1.358827076492268,0.05583990813828959,0.5099910379493936,0.03597644768627254,-0.9940755493548007
88,0,A,51,1719,2022-07-12 00:06:32.584,0.037869875000000004,0.045831941680823156,0.059453295205144016,0.105509,0.150817,-1.2410222356659535,-0.3587086226768268,1.7746535265360894,0.024391125,0.04398302911475488,0.05029347700124739,0.118366,0.168506,-0.5136097035901495,0.28412384332273855,2.3535060023204255,1.8626453124999998,82.58414184405551,82.60514470466872,110.864652,219.345118,-1.595585026093345,-0.050130302112869646,1.342103477893116,0.17131117911607704,-0.11695283102756142,-0.2047635318982564,-0.9748039544210944
89,0,A,52,1737,2022-07-12 00:06:36.231,-0.0515788125,0.06473776004989162,0.08277289094375949,0.197073,0.283457,0.4678730840186489,0.14916192468416045,2.3808882081200036,-0.019659000000000003,0.1068665513531947,0.10865972611379526,0.238687,0.426667,-0.2877065904756142,0.030668278817669425,2.1966464350373207,-2.1606686250000005,121.7454877736563,121.7646594137747,178.813955,350.475352,-1.430977424304966,0.07807194794479386,1.468520963807431,-0.08695340914429135,0.14820169789815435,0.2338402377274929,-0.9900373039405752
90,0,A,52,1753,2022-07-12 00:06:37.831,0.0590395,0.10704155700532855,0.12224384437007452,0.229969,0.380948,-0.971877722293804,-0.2835325299472857,1.8812317396023974,-0.00017825000000000306,0.1619515851386997,0.16195168323299391,0.290651,0.5253950000000001,-1.051300717307583,-0.33993132138895077,1.7946772407536582,-3.874302374999999,122.74253531392391,122.80366523106217,178.813955,356.435817,-1.3885774082244966,0.09462635834015237,1.45609623836187,-0.25960544562978194,0.4771715607673166,-0.4027273885213114,-0.994659914162781
91,0,A,52,1769,2022-07-12 00:06:39.431,-0.0046381875,0.0743997602980167,0.07454419572097817,0.153777,0.284002,-0.18438578171865005,0.11410909132205042,2.062897030582948,0.006101499999999996,0.12974169369799748,0.1298850853095728,0.250287,0.403109,-1.127701452001991,0.49605789201994144,1.9269879940676555,-5.513430312500001,123.02035901417915,123.14384534270611,184.774421,365.972562,-1.3752675750832084,0.08635215823554766,1.5004762965276712,0.184530583754957,-0.778566327076206,0.011336645641546317,-0.996937715113116
92,0,A,53,1787,2022-07-12 00:06:43.040,-0.005290437499999998,0.07456705808864994,0.07475449739605972,0.204233,0.303643,0.8421820862593461,-0.8217549175955368,2.7320496707769326,-0.016918999999999997,0.15718572791724764,0.15809366091616386,0.300246,0.5312760000000001,-0.9794064493943897,0.5020753850107107,1.8991653318675357,8.717180375,166.31391848806774,166.54221301683822,252.723724,498.294889,-1.4069156768529005,-0.07677587428155672,1.5174754761692066,0.2507887069047354,-0.0634481765396961,0.07823308037599178,-0.996795148681354
93,0,A,53,1803,2022-07-12 00:06:44.640,0.0245571875,0.09095182724608859,0.09420875934493829,0.140793,0.264952,-1.2027268407329734,-0.42059643791747947,1.4944788677717007,0.002499125000000003,0.16729427476974332,0.1673129403139518,0.285634,0.47386300000000003,-1.313306963252817,0.5576926148369671,1.7071841512319756,9.909273312500002,163.71745396475944,164.01706749690703,249.147445,495.910703,-1.4128855619822036,-0.06174954735034584,1.5190336518161338,0.5356654117385393,0.045923840910171015,0.06094824635439409,-0.9983438013589938
94,0,A,53,1819,2022-07-12 00:06:46.240,-0.015733562499999996,0.05249381600599345,0.05480096447885292,0.153075,0.200952,0.6033086274866979,-1.0568682350636258,2.7932902542083893,0.007452812500000003,0.16208477240136515,0.16225602564639163,0.286997,0.47896099999999997,-1.324886475037863,0.3007339422285807,1.7687910131945381,11.1013664375,161.80150089341757,162.18189180097224,245.571165,476.837214,-1.4406486652142372,-0.03664375357935295,1.5141712941748278,0.31005753346445836,0.06655913560949722,-0.014945968710849397,-0.9993904330852381
95,0,A,54,1837,2022-07-12 00:06:49.646,0.013547187500000002,0.04368615781231332,0.045738459457687244,0.089256,0.164327,-0.6400098384717152,-0.11818470603857173,1.9514430756587011,0.010028375000000003,0.04373823511939382,0.04487317145578191,0.085444,0.157117,-0.926137737001123,-0.20841076217854793,1.9041221564692983,5.215407062500001,82.52917313154597,82.69380199630602,112.056745,222.921397,-1.525234287151046,-0.09397007707662847,1.3550803360692696,0.27991158249542325,0.12084807034071461,-0.09339097097662337,-0.9916313709124475
96,0,A,54,1853,2022-07-12 00:06:51.246,-0.0030783125000000003,0.030335209766702516,0.030490998006583846,0.055906,0.10381399999999999,-0.9791072956829638,-0.021927989530377223,1.8335247664877468,-0.0042959375,0.038820142283788626,0.03905711876134106,0.094232,0.14879599999999998,0.7214433099182473,1.0958159341920115,2.412671568934863,3.4272675624999995,80.318097558194,80.39118706868642,110.864652,219.345118,-1.5312068959159846,-0.061960141478167655,1.3790647463045542,-0.2038559891464,0.13629940491171938,-0.03219848756250458,-0.9980072650083346
97,0,A,54,1869,2022-07-12 00:06:52.846,-0.010430875000000001,0.023148387767496358,0.025389978525000762,0.048005,0.08362900000000001,-0.6319784127128516,0.5939707573838401,1.890706601139142,-0.005406499999999998,0.05318170373939707,0.05345581217112878,0.09379,0.185274,-0.7206264395611255,0.16266805305387783,1.754533252618983,2.9802325625,81.79856274876408,81.85283534423276,112.056745,222.921397,-1.5172343786788451,-0.051307560027133846,1.3690026072859232,-0.05975151542460807,-0.21498903665776806,0.03667929903077715,-0.9986882362401658
98,0,A,55,1887,2022-07-12 00:06:57.798,0.002266937499999998,0.06564611516444514,0.0656852452367539,0.15354,0.273069,0.3180996368298259,-0.3113211109436714,2.3375112545684362,0.0011756250000000022,0.1400958059083475,0.1401007384964476,0.243682,0.424567,-1.312168013585547,0.4342930864049151,1.7393341578008799,-3.35276175,140.83118577567066,140.87108964700218,211.000467,419.616748,-1.4328407934199943,0.09471355024790812,1.4978266124634196,0.4224217153271526,-0.0042416634697239695,0.010296819253838194,-0.9891865900422404
99,0,A,55,1903,2022-07-12 00:06:59.398,0.003796812499999998,0.06742104354188938,0.06752786756175186,0.11755,0.231425,-0.891327853956712,-0.05056896938772687,1.740762802742211,-0.005361875000000002,0.12870032395058054,0.12881196795523311,0.256647,0.425168,-0.6392835141655357,0.8280418021675414,1.9924157985785471,-0.6705522499999992,137.59186720784197,137.59350116215663,201.463723,401.735353,-1.48356192664913,0.05588173998059648,1.4641950477193764,0.3283187421637008,-0.05725984881556466,-0.07288629531459867,-0.970332752323459
100,0,A,55,1919,2022-07-12 00:07:00.998,-0.0126305625,0.07685218002598296,0.0778831733034325,0.148124,0.264724,-1.207237305055111,-0.032117748632159826,1.901874226707604,-0.011672125000000002,0.11570545575937366,0.1162926953617466,0.200755,0.35971699999999995,-0.9741919521472262,0.662889214709284,1.726290713062589,0.5960465000000004,136.76897476308335,136.7702735581643,203.847909,399.351167,-1.4999994548968525,-0.0023438250609561367,1.490440164348356,0.4852871517156394,0.02140498137165221,0.017432394376824756,-0.9505572407194504
101,0,A,56,1937,2022-07-12 00:07:04.844,-0.030516875000000002,0.04703940246601114,0.056071249710747485,0.104752,0.154473,-1.2022836769162792,-0.04350582784819637,1.8681944943331914,-0.012463875,0.051008447174064955,0.05250914075782426,0.098378,0.160115,-1.1870663819396223,-0.139526686868421,1.8735404651492213,4.768372124999999,82.42161757451156,82.55943565893307,113.248838,225.305583,-1.5213395526775235,-0.055119435983380524,1.3717249530126396,0.17282408612371897,0.14376622836488873,0.1419696844535998,-0.9992631479586946
102,0,A,56,1953,2022-07-12 00:07:06.444,-0.00011781250000000073,0.056176132910492727,0.05617625644845427,0.1018,0.186364,-0.7996733781080843,-0.39820968904005155,1.8121535046289312,-0.005951375,0.03383413101786974,0.0343535629320308,0.059698,0.102815,-1.2880811340173746,0.07560193487544489,1.7377527949026328,4.2468314375,83.62616400122329,83.73392910175677,113.248838,224.11349,-1.5090967334531524,-0.06995321988871903,1.352484461374977,0.012450439497621065,0.07094705826403672,-0.31477427201356073,-0.9988986443422616
103,0,A,56,1969,2022-07-12 00:07:08.044,0.0256115625,0.03812076782406269,0.04592542948288562,0.132736,0.165474,1.6447246452467752,0.9784848666216662,2.8902505974269626,0.0184930625,0.04525969678349153,0.048892059821227615,0.086419,0.16007,-0.9402853430263765,-0.2487098806440287,1.7675467205920254,2.831221000000001,85.16259049768506,85.20963931755162,114.440931,226.497676,-1.544976347631282,-0.0638518692540804,1.3430514659675044,0.1570328616205286,-0.14502886150155253,0.18465296594958275,-0.9903820275385629
104,0,A,57,1987,2022-07-12 00:07:12.647,0.0037554375,0.07167749027498867,0.0717758031855966,0.161774,0.260546,-0.4228158420448196,0.5951226234575501,2.253879341227121,-0.004378499999999997,0.06133426823359026,0.06149035470705955,0.135784,0.21698399999999998,-0.4404498987396268,0.8133259771961181,2.208216242154983,6.2584885,95.86301585051275,96.06709367031091,143.051164,278.94977,-1.4246676735933543,-0.06338784396242697,1.4890755880565303,0.27926880605704374,0.003713137997437121,0.10303782399048576,-0.9971281047970589
105,0,A,57,2003,2022-07-12 00:07:14.247,0.004096062499999999,0.06731726529972525,0.06744176699521966,0.121638,0.2172,-1.2058472669150135,-0.32320775944174873,1.803600430703748,-0.0007483125000000007,0.07017527353234787,0.0701792632259523,0.136522,0.227917,-0.6886542880078506,0.7708995184658829,1.9453324774933536,6.258488375000001,94.15978716553633,94.36754842528818,139.474885,277.757677,-1.4267311570981844,-0.057683703453401944,1.4779962744335124,0.6877634500190182,0.11811098615081791,0.16086965706757472,-0.997687250805728
106,0,A,57,2019,2022-07-12 00:07:15.847,-0.0079928125,0.06315015791668571,0.06365396685645365,0.121138,0.21195399999999998,-0.9175755878382228,-0.3075728235693119,1.9030707115737004,-0.0020675625000000004,0.06462549285495697,0.06465855814536464,0.125384,0.23227599999999998,-0.6372072440112011,0.3452765469759279,1.9391709867410452,6.109476749999999,93.23211242668297,93.43207422347234,134.706513,264.644654,-1.4458134730114802,-0.044083293345870626,1.4417587763042357,0.6069055890169105,-0.061527933610591834,-0.08047307969093088,-0.9991320220883614
107,0,A,58,2037,2022-07-12 00:07:19.348,-0.016680999999999998,0.06352111295073473,0.0656748624018353,0.141949,0.231437,-0.7506254480415433,0.10962620565065234,2.1613901393729176,-0.0155520625,0.04928682574541187,0.051682277814184045,0.143599,0.216677,0.983987010442255,-0.6321737704119503,2.7784959578656516,4.32133725,82.42256044610077,82.53576452738155,112.056745,224.11349,-1.4901643580476298,-0.07682307213844711,1.3576750108472644,0.617506964585073,-0.01907508705432498,-0.20466473897960882,-0.9970378982095396
108,0,A,58,2053,2022-07-12 00:07:20.948,-0.00019087500000000007,0.08234306212264865,0.0823432833508599,0.150781,0.282764,-1.0838757840676727,0.028684611845556818,1.8311268856930443,0.0006165625000000017,0.05389717102150255,0.0539006975227362,0.143843,0.21091,0.8370669882904118,1.1259848832062584,2.66866676334429,4.9173838125,81.92103203442421,82.06848453057115,113.248838,226.497676,-1.4940824386274016,-0.07137632230733999,1.3799309034129164,0.3736425447815707,-0.04588326547965717,-0.039455848334509075,-0.9969088274421174
109,0,A,58,2069,2022-07-12 00:07:22.548,0.0192614375,0.045049053835747685,0.0489940835822296,0.093677,0.156357,-0.9565780527726062,-0.20046573741298834,1.912006372009724,0.0134605,0.04366416232163397,0.04569183878440437,0.077801,0.15425699999999998,-0.8223759200983531,-0.5217743133356175,1.7027329621620564,5.662441875000001,82.01597907009223,82.21121621052423,114.440931,226.497676,-1.4898334175776968,-0.06548817662601703,1.3920354943654258,0.6278878281375891,-0.11581651432073653,0.1702878677181839,-0.9973579970765301
110,0,A,59,2087,2022-07-12 00:07:25.971,-0.014426437500000002,0.06618361606070715,0.06773767883395843,0.16471,0.254586,-0.23514234660917488,-0.5163595436708361,2.4315861251127955,0.004160812499999998,0.16710404846876795,0.16715584158297458,0.253223,0.484614,-1.5278434226554045,0.025315926635396974,1.5148917178243062,7.7486046874999985,166.3290208688142,166.5094113189449,243.186979,481.605586,-1.4088822978061415,-0.08255199532634662,1.4604999025201104,0.36217602920994074,-0.048838490689671464,-0.021977167732137114,-0.9965814225529305
111,0,A,59,2103,2022-07-12 00:07:27.571,0.0079899375,0.06543603266689993,0.06592202570034919,0.128175,0.24237000000000003,-0.6853846754540105,-0.21044227330799933,1.9443425568052752,0.005933500000000001,0.1633880633384826,0.16349576650100148,0.273977,0.49119900000000005,-1.329874799600995,0.18398545710220632,1.6757436957752776,8.717180375,165.16927540668968,165.39914985289732,244.379072,482.797679,-1.4022151077617193,-0.07291582147761917,1.4775110526102815,0.5231185082515836,-0.03195692883814188,-0.07617197777116497,-0.9981447522337864
112,0,A,59,2119,2022-07-12 00:07:29.171,0.011203624999999998,0.07599829653508278,0.07681967384319592,0.173754,0.284763,-0.4029019018760591,0.5491272129592812,2.261842459194322,0.012847750000000005,0.1727594370086986,0.17323650814890318,0.287567,0.528358,-1.3724327097726707,0.19572344464322222,1.659967653889823,9.834767625000001,165.20840794457754,165.5008782750705,246.763258,493.526516,-1.4141142828031739,-0.05485011857666765,1.4910087521702904,0.626738412230829,-0.0763456251990852,-0.06189865603632934,-0.9989483473281362
113,0,A,60,2137,2022-07-12 00:07:32.847,-0.014400874999999999,0.07488059654783324,0.0762527962774153,0.140944,0.26842600000000005,-0.9599879491361953,0.20298667929766512,1.8483781170100524,0.0040724375,0.11537598783161553,0.11544783807119344,0.21408,0.358184,-1.2214640094286897,0.46000812262542473,1.8543439494118796,2.5331978125,111.50840030729333,111.53717062149654,163.316746,325.441399,-1.4701493390944342,-0.05696057922297221,1.4642360487538133,0.1098223720088295,0.05045162239167844,-0.1003976590662542,-0.9759920520458364
114,0,A,60,2153,2022-07-12 00:07:34.447,-0.0037285624999999975,0.08588647481047929,0.08596737016849766,0.174924,0.28888400000000003,-1.0269005604229857,-0.375696356481776,2.0347720263763525,0.0016656249999999978,0.10651522072682558,0.10652824298337507,0.173367,0.313588,-1.4801488255430264,0.28410158717902473,1.6274275736159083,0.5215406874999995,110.51879751696426,110.52002809122182,160.93256,317.096748,-1.5016518921443958,-0.014515692978070004,1.4561393331095458,0.009370596541718014,0.05665277726478742,-0.029557008484342135,-0.9435248111629893
115,0,A,60,2169,2022-07-12 00:07:36.047,0.011537875000000003,0.08751220993229673,0.0882695272829191,0.143226,0.283809,-1.1726428155593491,-0.169508705116806,1.6225984709415728,0.005461562499999998,0.10869609718842758,0.10883322199097802,0.188308,0.352065,-1.2226329684455692,0.2711687523499196,1.7302437303161917,-1.4156104999999997,108.07953803007608,108.08880836553973,156.164188,309.94419,-1.48963994652684,0.038701975468561314,1.4447766643136328,0.01579691408796078,-0.008479496398758416,-0.004546636572422964,-0.9616801821262327
116,0,A,61,2187,2022-07-12 00:07:39.560,-0.010635125,0.05719437741692251,0.05817475992107746,0.089794,0.171242,-1.2942680374864046,0.26412414883527896,1.543521625560959,-0.01864725,0.02873152084927806,0.034252302446331984,0.067855,0.104461,-0.6351065490537566,0.09360052899201865,1.981034708727047,-3.9488081875,79.7775685955202,79.87523732117856,109.672559,219.345118,-1.5288539954818874,0.06976787880618107,1.373048302304334,-0.15470745084446028,-0.2654530681002712,0.015597765857357159,-0.9971122695221967
117,0,A,61,2203,2022-07-12 00:07:41.160,0.002390624999999997,0.05995485983833483,0.060002502498854166,0.10538,0.196195,-1.0932765842997707,0.17431196479809483,1.7562600826859245,-0.00017399999999999924,0.03168753125245007,0.03168800897618845,0.058109,0.109445,-0.8137344446589481,0.09201930639242789,1.8337851407346313,-4.023313937499999,80.02340722461096,80.12448289303089,109.672559,218.153025,-1.5234586485576447,0.06853939331384236,1.3687771208011024,0.42574049933734126,0.10408835179930888,-0.05174430747607677,-0.9973764228257805
118,0,A,61,2219,2022-07-12 00:07:42.760,0.0110125625,0.05376627708537289,0.0548825025343916,0.095446,0.176543,-1.119377104287968,-0.20820193537126205,1.7390970818101756,0.017744375,0.03599845177378293,0.040134167167763676,0.06323,0.12428399999999999,-0.28814258669380877,-0.83687218878507,1.5754656060432024,-3.874302499999999,80.43260718373571,80.5258624184469,110.864652,219.345118,-1.52362304109233,0.06852220224434244,1.3767583316760985,0.3550846034006827,0.010694798674515579,0.22717122621414004,-0.9985086031023689
119,0,A,62,2237,2022-07-12 00:07:46.324,0.011278687499999999,0.10379490199349795,0.10440589289672543,0.234284,0.390961,-0.2404596567106414,0.35633907547646204,2.24397295497243,-0.002399562499999997,0.20438289686669256,0.20439698244302068,0.31177,0.601712,-1.4195823746747218,0.081021939531116,1.5253160603137155,-9.983779187500001,174.04449885003635,174.33061528837976,259.876282,518.560471,-1.4183729846090984,0.054395491431069275,1.4907093717882518,0.4917665867396424,0.12271592590247905,-0.03230572972063265,-0.9989359832442715
120,0,A,62,2253,2022-07-12 00:07:47.924,-0.0191736875,0.058849533164799565,0.061894247277614584,0.152529,0.23256,1.90742371799956,1.3838321619150395,2.4643485737189903,-0.003631937499999998,0.20383604330609342,0.2038683975526553,0.326666,0.6459440000000001,-1.3764747469978529,-0.014659823419521184,1.602337605639091,-8.7171803125,176.95642343543764,177.17100504219798,259.876282,516.176285,-1.4000286046561925,0.08014097176859568,1.4668104520720169,0.6136659722213745,-0.1606087472370656,0.025981271187530876,-0.997709416372621
121,0,A,62,2269,2022-07-12 00:07:49.524,0.0106385625,0.08161790801194364,0.08230833445230501,0.205832,0.361828,0.8875066845428297,0.11527842240078845,2.5007431066324504,0.008860187500000003,0.2096127949494671,0.20979996837240586,0.315154,0.606537,-1.3951180218677084,-0.19278655492131871,1.5021641921346014,-6.929040749999999,179.09349072252172,179.2274812211931,262.260468,516.176285,-1.4123999128723461,0.09144025361275201,1.4632826741359601,0.168536526304595,-0.00226352327351043,0.0379023830814753,-0.9951135522076369
122,0,A,63,2287,2022-07-12 00:07:52.879,0.001511000000000002,0.07307320363854318,0.07308882411832879,0.199759,0.307651,1.2509055419076534,-1.0913240143844365,2.733099107964792,0.0043885,0.12127982159401043,0.12135919436995699,0.216157,0.391892,-1.254250174332193,0.1580760178120434,1.7811341046073277,-5.8859593125,145.4447968884771,145.56384667546666,219.345119,429.153493,-1.42011734212572,0.09054690317381835,1.5068653653336606,0.08535500784384423,-0.03253792365636373,0.09881415853361453,-0.9958328189854849
123,0,A,63,2303,2022-07-12 00:07:54.479,0.004054000000000001,0.0818897845742984,0.081990070945359,0.16319,0.292971,-0.9358089577585638,-0.3042651139617375,1.9903629563725518,-0.0010044374999999967,0.13078804895181018,0.13079190587843156,0.227567,0.399329,-1.176637446350198,0.49639702917783135,1.7399165374309855,-7.972122250000002,143.13850732933733,143.36033975140998,215.76884,425.577214,-1.41202042117912,0.07928908831600963,1.5050804174581895,0.3386281046267502,-0.0778424016920986,-0.0007742292517944302,-0.9965894275458458
124,0,A,63,2319,2022-07-12 00:07:56.079,-0.008322437500000002,0.05900033942907527,0.05958441926114159,0.145661,0.22241100000000003,-0.05020446318097749,-0.7558860333302871,2.444615585856585,-0.009433374999999999,0.12086763632320843,0.1212352014649623,0.192833,0.361363,-1.3945116349174727,0.15856500110738567,1.5905693863653114,-9.387732624999998,137.13207599524077,137.45303121649587,212.19256,418.424655,-1.427600409531772,0.056808088021691315,1.5437459481398075,0.27665549113681076,0.0047773148775969426,-0.11605327522706942,-0.9981404269687502
125,0,A,64,2337,2022-07-12 00:07:59.767,0.051828625,0.07074842748859776,0.08770146156991912,0.179329,0.279733,-0.3377192465644643,-0.027996610239780062,2.0447663789164077,0.019269124999999998,0.06258446352218236,0.06548369455540058,0.142421,0.241552,0.41010792248719463,-0.8665189922891829,2.1749078296049533,-3.278255999999999,81.5315600871763,81.59744023344346,110.864652,220.537211,-1.5257210107903774,0.07892841680484394,1.3586780624836452,-0.4060533383428321,0.0522404263886641,0.24670681901923444,-0.9965952744135612
126,0,A,64,2353,2022-07-12 00:08:01.367,0.02255075,0.07483301447013543,0.0781569982807042,0.143623,0.266495,-0.6252484192660637,-0.3418966894881216,1.8376217505714825,0.0185204375,0.0503804180535066,0.05367674662679828,0.113913,0.187272,-0.8441168555087613,0.15539745051473863,2.122203880797958,-4.097819749999999,80.8439588909328,80.94774744155839,110.864652,221.729304,-1.5342983524109863,0.06878573583749073,1.3695829161897388,0.23323813281966685,-0.21028806019897012,0.28260921579470644,-0.9973544023866119
127,0,A,64,2369,2022-07-12 00:08:02.967,-0.062059562500000005,0.06520175924003964,0.09001476937529475,0.146555,0.210581,-0.916371417858949,0.44087060685563717,1.6281217073275438,-0.02745525,0.04700748750930536,0.05443798889103087,0.110178,0.154507,-1.059628150742716,-0.27223171742196184,2.0239175297335934,-4.246831374999999,80.39336221312375,80.50545487517103,109.672559,216.960932,-1.533692576443451,0.06773949073682652,1.3622997245348714,0.368916324167543,0.319528268455342,-0.07320676064618437,-0.9972138746922835
128,0,A,65,2387,2022-07-12 00:08:06.337,-0.033453,0.08407482485188417,0.09048579658087229,0.183596,0.286715,-1.1073173740037614,-0.15776295039309735,2.02900352251317,-0.0006246250000000002,0.16061243775851974,0.16061365234351965,0.246047,0.457468,-1.4684779160954324,0.20546242777008128,1.531918341995959,8.121133937499998,137.34263330978516,137.58252701886576,207.424188,413.656283,-1.4071868543652508,-0.05094153473767423,1.507634672036205,0.44220208069963685,0.07878360411274139,-0.061212810889511575,-0.9990583605621469
129,0,A,65,2403,2022-07-12 00:08:07.937,0.0210661875,0.05305666487494614,0.05708584713777575,0.125553,0.180926,-1.0624827063143842,0.3520662386439019,2.199371758414654,-0.0074330624999999996,0.1532942320055898,0.15347433656580017,0.251871,0.468345,-1.2883416342653353,0.24932611127550652,1.6411277978843943,9.238721124999998,140.99524161464478,141.2976012747477,211.000467,410.080004,-1.4334845980169684,-0.034082030321630916,1.4933053717572866,0.49687235709096944,0.03211490472054181,0.05759735342804922,-0.9995035606008519
130,0,A,65,2419,2022-07-12 00:08:09.537,0.006825562500000001,0.05530427122742053,0.055723879256899374,0.094434,0.179893,-0.8848499264239891,-0.28639880879479196,1.6946774212297466,-0.003740312499999999,0.1272021538259665,0.12725713290642102,0.253211,0.44093800000000005,-0.8087428991446988,0.5483260390630933,1.9897587995024186,8.791686000000002,145.60190078193045,145.86708763128755,216.960933,432.729773,-1.4184123518939717,-0.05323810016739164,1.4873878441202475,-0.08838967810772724,0.06816169191757358,0.10169401259846572,-0.9989651444286513
131,0,A,66,2437,2022-07-12 00:08:13.092,-0.0031796875000000007,0.08852810714309803,0.08858519157814979,0.198869,0.316461,-0.045931136002057116,-0.8676469200571653,2.2449463218077246,0.0027418749999999987,0.1266793973244441,0.12670906670400503,0.212064,0.37444299999999997,-1.3142651153682454,0.2946701009837932,1.673629247821593,3.2782558749999966,160.5488112828949,160.582277247312,238.418607,468.492563,-1.4842897762081952,-0.04420500857488171,1.4847130772271504,0.3879486942321894,-0.04067300238187081,-0.035767394076748414,-0.9748770099025018
132,0,A,66,2453,2022-07-12 00:08:14.692,0.0031747499999999988,0.07981183591148934,0.07987495345303808,0.167454,0.322342,-0.36281935753402417,-0.11578171605106256,2.0964519259276115,0.004306562499999998,0.13429679230903505,0.13436582491490348,0.241219,0.40826399999999996,-1.2359559611407174,0.4909534119237429,1.7952407180380034,5.215407000000003,158.4244524538959,158.5102760249075,236.034421,469.684656,-1.4447917802182824,-0.07554325639512485,1.4890796162824846,0.4688166802806323,0.09523852679782818,-0.034183525082709,-0.9903737553145707
133,0,A,66,2469,2022-07-12 00:08:16.292,-0.0026950624999999995,0.05752951802169556,0.05759261068650647,0.124039,0.239167,-0.04453081062459763,-0.06048870669925721,2.1537311561578756,0.005617875,0.12453538732317965,0.12466203598229093,0.189936,0.37038899999999997,-1.3595527930606954,0.058498915443355115,1.5236073958152077,7.2270640625,156.11951691303847,156.2867045404822,230.073956,460.147912,-1.4109950951192864,-0.08233817551932864,1.472127502313577,0.0823756844736542,0.01674022346923901,-0.05155736479890615,-0.9954381246521505
134,0,A,67,2487,2022-07-12 00:08:26.424,0.0481729375,0.09849236183041603,0.10964204141802769,0.241951,0.341926,-0.4375251950235701,0.3834944388770187,2.2067356359913384,0.031613812500000005,0.12486685582562469,0.128806695573493,0.322817,0.510557,0.3188277604911236,0.45979869697163467,2.506212884064019,7.972122062499999,123.86638208723788,124.12266248176039,187.158607,374.317214,-1.3955033743807252,-0.05571471759833495,1.5078520171729528,-0.450746992291796,-0.14975025971478625,0.2851063326835653,-0.9988052896020405
135,0,A,67,2503,2022-07-12 00:08:28.024,0.018169875,0.08247221636093198,0.08445004931318868,0.197742,0.317563,-0.31452294420081994,0.04980522286062894,2.3415261637877856,0.0224801875,0.11591445732479769,0.1180742149960672,0.232626,0.375702,-0.9767312405306399,0.20545100683914921,1.9701676611421748,9.1642153125,123.13931493116301,123.47985149007107,183.582328,357.627911,-1.4091244634064486,-0.045567642138853406,1.4867391382857447,-0.2337789845126298,0.09841598540121226,0.031198786998879895,-0.9992094143567118
136,0,A,67,2519,2022-07-12 00:08:29.624,-0.0534955,0.04815061282839503,0.07197395387221686,0.117425,0.140281,-1.4560534409170607,0.194089925833216,1.6314929732563712,-0.042180687499999994,0.11044083184205397,0.11822177352728852,0.179565,0.349624,-1.071554990246157,0.5591558516598313,1.5188826443933523,8.046627874999999,122.23931782837803,122.5038735849032,184.774421,369.548842,-1.386315989446593,-0.06430082435253097,1.5083149258291757,0.35332057425457547,-0.32484382636687065,-0.14704682455438794,-0.9989961742835831
137,0,A,68,2537,2022-07-12 00:08:33.206,-0.022015999999999997,0.09111449673899318,0.09373662983060571,0.185524,0.34582,-0.7084901757913737,0.2337441504447948,1.9792049312554336,-0.006720875000000003,0.17380281118838203,0.1739327092232798,0.258583,0.5106360000000001,-1.4414411025668559,0.26450955015606625,1.4866841386806289,2.9802326249999993,171.26823919062872,171.29416668981324,249.147445,494.71861,-1.4800670898599997,-0.054689856260867975,1.4545004644038275,0.7120321407241094,-0.04007827277328524,-0.009184602432839554,-0.9753025213310392
138,0,A,68,2553,2022-07-12 00:08:34.806,0.006187624999999997,0.07432984005420955,0.07458694138805398,0.163566,0.29376599999999997,-0.13994067445013947,-0.142835090958995,2.192957600299147,0.001623000000000003,0.16227906210406506,0.16228717794815153,0.246696,0.463906,-1.4768971227926526,0.2381471932162979,1.5201200927827823,0.5960465624999998,169.85966298516138,169.86070876143566,247.955351,489.950237,-1.5036879638470597,-0.006214253669492048,1.459756955025108,0.2498223809063679,0.1864816934862222,0.022930477326058196,-0.9532005060742905
139,0,A,68,2569,2022-07-12 00:08:36.406,0.026041500000000002,0.08279934142476617,0.08679798766460545,0.173432,0.31596199999999997,-0.5833391441766533,-0.23464009570509597,1.9981108395065044,0.019463249999999998,0.14139349482627375,0.14272679664222132,0.246605,0.420899,-1.2680502629101276,0.32810852971481297,1.7278114958200463,-1.6391280000000004,168.77795478539738,168.7859139920806,246.763258,492.334423,-1.4938648004567208,0.03069642470603197,1.4619896421663368,0.18986984500759546,-0.11713203316800422,0.03381689152131237,-0.9653186028552879
140,0,A,69,2587,2022-07-12 00:08:39.956,-0.013097500000000002,0.028223481566773435,0.031114456736378995,0.061322,0.086773,-1.2381073563627418,-0.31993397291546266,1.9708523442834975,-0.0036553749999999998,0.034477219915610584,0.034670455138345095,0.062673,0.11091100000000001,-1.3377985027876287,0.08673006581308929,1.8076774518798988,0.2980231874999997,83.59804733205435,83.59857854983353,112.056745,220.537211,-1.606876037916549,0.01305593236338027,1.3404144776600766,0.32138048211908954,-0.2440987016383764,0.29969452884397946,-0.9486712286860943
141,0,A,69,2603,2022-07-12 00:08:41.556,-0.015710250000000002,0.03686158007075253,0.04006978962229525,0.088309,0.135309,-0.6629759076801367,-0.11334734294145432,2.203879801526683,-0.016772000000000002,0.04530442711259022,0.048309327256752396,0.104702,0.159604,-0.8552281645233157,0.004597534243644209,2.1673247371782716,-1.1175872499999988,83.1377732633413,83.14528455930686,110.864652,220.537211,-1.5906465583525182,0.05133068112887796,1.3333847203435951,-0.10701416267060276,0.09388686301084323,-0.08230871728568508,-0.978514928300699
142,0,A,69,2619,2022-07-12 00:08:43.156,0.022986,0.03753646905510693,0.04401525536816753,0.096171,0.14158700000000002,-0.6660285675714697,0.01996850312042392,2.1849469961169934,0.0139719375,0.0403818070600313,0.042730614071617316,0.087599,0.1485,-0.7914182284979057,-0.09270272006890445,2.0500290459945747,-2.1606685625,82.32481210755674,82.35316130654303,110.864652,221.729304,-1.549587865473893,0.07542597982635055,1.3462100329983533,-0.13217293478287354,0.5234273884566788,-0.045870999676898686,-0.9916890915543944
143,0,A,70,2637,2022-07-12 00:08:46.662,-0.0036551249999999987,0.05697460170426271,0.05709172600408049,0.108729,0.214872,-0.4465576663766302,0.12837590695871182,1.9044616025836891,0.005197374999999997,0.08308494383376193,0.08324734589613053,0.133574,0.234002,-1.3533829139179372,0.34989167427944023,1.6045436471531849,-5.587936124999999,110.57805038905698,110.71915036696183,166.893025,330.209771,-1.385342099548857,0.06576796686223116,1.5073546396161674,0.34135192980018014,-0.0217733120192156,0.024507328744549445,-0.9987799028561413
144,0,A,70,2653,2022-07-12 00:08:48.262,0.007031875,0.055307907913194246,0.05575313393657795,0.105144,0.171775,-1.2537354156608331,0.21116752316724885,1.8858850180441282,0.004746062500000002,0.1006880887806924,0.10079988259696784,0.184959,0.29172200000000004,-1.2384713592089989,0.5053883274122752,1.8349128514318702,-4.470348874999999,114.30619834926569,114.39357936582753,170.469304,336.170236,-1.3962871945848268,0.05888243090216337,1.4901999303198987,0.5534948801240762,0.15533111889974904,-0.013417961697854844,-0.9972541011727173
145,0,A,70,2669,2022-07-12 00:08:49.862,-0.0062543749999999995,0.062322118483202855,0.06263516311845128,0.152987,0.26521300000000003,0.5935528585348386,0.730323160681274,2.442509804128419,0.013122000000000002,0.107242547724772,0.10804235709433592,0.232564,0.355528,-0.9902479704994938,0.4407149398214472,2.1525261596888288,-3.7997965625000005,119.97590164839423,120.03605887507949,174.045583,348.091166,-1.415869889502248,0.06203625013715529,1.4499441637044062,0.1163139881329035,0.14190093098164508,-0.03361534157373335,-0.9943973023303777
146,0,A,71,2687,2022-07-12 00:08:53.480,-0.0056941249999999995,0.06933840129202846,0.0695718114846092,0.130148,0.258764,-0.7174105529669399,-0.04148951964158831,1.8707001761595872,-0.009400937499999998,0.1423070878481061,0.14261726710916703,0.239161,0.41033,-1.1119958957940526,0.6358414907528067,1.676942805368253,6.631017437500001,166.56272721344777,166.69466844814758,247.955351,491.14233,-1.4226442333301712,-0.07836448119824842,1.4874821930920337,0.3184441686054536,0.09946572727339503,0.1132027304031755,-0.9939494484467479
147,0,A,71,2703,2022-07-12 00:08:55.080,-0.013955062499999999,0.07554935278302252,0.07682739404218068,0.17546,0.287091,-0.37073209796698414,-0.40039064379685596,2.283820793188259,-0.020936624999999993,0.14455260086291902,0.14606093482730076,0.242964,0.461907,-1.1008486986908146,0.5424739110705794,1.6634427287986024,8.121133874999998,164.90422658648185,165.10407857318793,251.531631,497.102796,-1.4037373810163425,-0.07664639270484899,1.5234731520487554,0.3223399960436311,-0.04260466583841622,0.0965848141102317,-0.9965119505899738
148,0,A,71,2719,2022-07-12 00:08:56.680,0.009534625000000001,0.05880471674839847,0.05957267650315873,0.128582,0.23105,0.1336737237216088,-0.9142541620053606,2.158405623980688,0.005980000000000002,0.1435122283160916,0.14363676436153106,0.237413,0.383752,-1.4957045752855185,0.3629336212562229,1.6528707051798794,9.909273437500001,161.04329733082363,161.3478766988993,245.571165,487.566051,-1.4027612994610428,-0.06444460257362918,1.521998119989361,0.3904546696558491,0.1402482770034649,0.06515709739629577,-0.9981257095787776
149,0,A,72,2737,2022-07-12 00:09:00.084,-0.0011536250000000019,0.035736760201987745,0.035755375545154046,0.076443,0.13524,-0.375514515368641,0.5827906628910593,2.137944262491752,-0.0001791874999999988,0.05323688778729786,0.053237189345771256,0.118512,0.210308,-0.2249484661590806,0.3244591824922808,2.2261130134101204,2.6077035625,81.20269076703242,81.24455123684399,110.864652,219.345118,-1.5328387788313516,-0.06218383884825461,1.3645795356393506,-0.33272624632485365,-0.04201102586847028,0.09306007960526622,-0.9953661811959302
150,0,A,72,2753,2022-07-12 00:09:01.684,0.003980187500000001,0.03805861088212947,0.03826616984769314,0.061522,0.11142099999999999,-1.1780278854070567,-0.5358275329179133,1.607738643424979,0.002733625,0.0571679004882493,0.057233220701573315,0.120363,0.213567,-0.6057538823095294,0.3779621724293568,2.103026852666554,4.246831375000001,80.96800927335086,81.07930748604797,110.864652,220.537211,-1.5111332044940844,-0.07770648184448552,1.3673606181093427,0.4401276820517914,0.3219287781478776,-0.2404242169068509,-0.9952473280712668
151,0,A,72,2769,2022-07-12 00:09:03.284,-0.0024556874999999995,0.020247665466414735,0.020396037799962522,0.046243,0.09192700000000001,0.723963511204162,0.20869560984863367,2.267254084030231,-0.0026980625000000017,0.04567433394898708,0.045753954178163664,0.075268,0.14648,-1.269870803052053,-0.032930397484694396,1.6450600030526341,3.6507850000000004,80.94771319084785,81.0299975437738,109.672559,219.345118,-1.5074755536045639,-0.06877108310271658,1.353480961674138,0.05500325606126341,-0.5560256560397946,0.10263991596683157,-0.9973592638931023
152,0,A,73,2787,2022-07-12 00:09:06.833,0.057809187500000005,0.06911590358974802,0.09010499591275446,0.156297,0.209865,-1.344872346421834,-0.1557783403716237,1.73460970079103,0.0110663125,0.07215033146815643,0.07299406553489468,0.144136,0.23177699999999998,-0.8606731255846802,0.47431660109994594,1.974626278777362,3.2037499375,100.2640946863861,100.31526651982055,149.01163,294.44698,-1.4216348001712478,-0.08697924024177521,1.4854332263629872,-0.08379494003461684,0.28850368307126334,0.26396595465118505,-0.9947822751525099
153,0,A,73,2803,2022-07-12 00:09:08.433,-0.0281696875,0.054034556756207816,0.06093656224047678,0.130974,0.186284,-1.0481534650066773,-0.11829267472545091,2.1493499991537304,0.004267062499999998,0.08507345322827557,0.08518039837053182,0.141752,0.267188,-1.220768518392965,0.2111702616997188,1.6641387304081818,5.0663953125,101.19326985482172,101.32001887767932,150.203723,298.023259,-1.391839139598209,-0.08681742404690546,1.4824683676908563,0.12736457901142373,0.15917566198828648,0.16859405310904335,-0.9963222800437195
154,0,A,73,2819,2022-07-12 00:09:10.033,-0.013868812500000001,0.08384492571424548,0.08498420752226557,0.205741,0.341098,0.6612873880945127,0.7752539476888429,2.420932147259202,-0.0235009375,0.10577896099678136,0.10835812222873512,0.170168,0.303904,-1.4775674438229842,0.09672527231564731,1.5704221935554523,6.109476812499999,101.59042012700542,101.77396115168133,154.972095,305.175818,-1.38397929094233,-0.07497034909278037,1.5227086893968242,0.47829903319767525,-0.3522874145681635,0.03689386516099469,-0.9968933405076198
155,0,A,74,2837,2022-07-12 00:09:13.436,0.0088134375,0.06518456556479527,0.06577768822661298,0.172657,0.273274,0.553347456359929,0.6751541409080868,2.624856614072137,0.0037962499999999993,0.17158421069568872,0.1716262010129135,0.281671,0.534875,-1.333294989327586,0.03483117941708119,1.6411888064737068,-9.313226812500002,175.82221506322168,176.0687010896566,261.068375,516.176285,-1.409349541596266,0.06597405371831729,1.4827642470484315,0.3997361900283546,0.1709889483410373,0.023870709531714617,-0.9985559493786867
156,0,A,74,2853,2022-07-12 00:09:15.036,-0.009026812499999998,0.09496210360863613,0.09539016964911794,0.180725,0.320355,-0.8760574494094073,-0.3241826683180113,1.8945872584646477,0.0005821249999999993,0.17231287861723912,0.17231386191155662,0.280717,0.5496110000000001,-1.1948202161423431,0.21948002347039458,1.6291028294872953,-7.3015699375,176.4926224597941,176.64359231596148,259.876282,518.560471,-1.4104656725643683,0.08510255257648121,1.4711899740759384,0.44210110376733935,0.00031477855566109785,0.0650598761821199,-0.9955301159118973
157,0,A,74,2869,2022-07-12 00:09:16.636,0.0012854375000000001,0.0684276245249029,0.06843969716244733,0.146688,0.261375,-0.5016378808654212,-0.5159371569418425,2.1433174908974806,0.014601875,0.1608342417983788,0.16149572157916445,0.246783,0.489826,-1.355114404238178,0.008688602950172875,1.5281085937563252,-6.332994250000002,178.58220080614137,178.69445783497466,258.684189,512.600006,-1.4362528925444955,0.08151358990106211,1.4476340908059742,0.4447623353867911,-0.14124400640899543,0.11615489534373036,-0.9937686978169133
158,0,A,75,2887,2022-07-12 00:09:20.084,0.006216812499999998,0.09145737313034058,0.09166842344865815,0.164631,0.30829799999999996,-1.101829769588608,-0.012727698179912816,1.7959401264515789,0.0006423124999999988,0.10590537219832073,0.10590731998220189,0.197544,0.331186,-1.0848092703028132,0.49932017954636476,1.8652535068699498,7.003546499999999,107.82749630039012,108.0547019892624,163.316746,324.249306,-1.385812844401593,-0.07608020178184512,1.511426555192657,0.25020909757412774,-0.10931234883791725,-0.008221594361935146,-0.9964853379530081
159,0,A,75,2903,2022-07-12 00:09:21.684,0.0005933750000000002,0.10693405210214554,0.10693569840270835,0.173968,0.32728,-1.1906218441831407,0.09971127578886585,1.6268468116685901,0.0018848124999999993,0.10200460991189243,0.10202202194348776,0.166856,0.290132,-1.3595195126153738,0.3358475291299715,1.6354900326561377,7.2270640625,104.78768073467188,105.03660547025976,156.164188,311.136283,-1.393139525845668,-0.05985181169824875,1.4867596615564331,0.033745893062652854,-0.08345791232480684,0.0146034483944676,-0.9974387298588973
160,0,A,75,2919,2022-07-12 00:09:23.284,-0.007903125000000002,0.08517218164024787,0.08553806117819716,0.152642,0.25672,-1.4152150723590688,-0.23498063091332566,1.7844921652129635,0.004395312500000001,0.09921685350516234,0.09931416208898658,0.181877,0.31504200000000004,-1.1493057747166961,0.4043561010253006,1.831329955107875,7.15255825,102.01715311740647,102.26758342554105,156.164188,302.791631,-1.4067122446396159,-0.04989010615581942,1.5270155289598681,0.09438689168649236,0.23365372837452322,-0.017041420870592974,-0.9987365519565222
161,0,A,76,2937,2022-07-12 00:09:28.152,0.044314687500000005,0.06336686163693799,0.0773249680370933,0.125867,0.215053,-0.3710829517055183,-0.7067844484383066,1.6277665959023842,0.0007795625000000025,0.15615768336643282,0.15615962920057955,0.238966,0.45463,-1.3796024030551295,0.1633595319273797,1.5302674655628161,10.505319875000001,171.38240433915976,171.7040775949928,257.492096,511.407913,-1.3989309348130048,-0.06277095951226826,1.4996271469298463,0.23098839340124425,0.22722376188616805,0.10183812140145918,-0.9983666797349608
162,0,A,76,2953,2022-07-12 00:09:29.752,-0.006047000000000002,0.0910452011839449,0.09124579369825768,0.174062,0.313282,-0.7481689850211288,0.27382173437416074,1.907616701495399,0.0024385000000000006,0.16955016602579603,0.1695677005848254,0.280088,0.513066,-1.2403292016803662,0.2873883847176474,1.6517768362370837,11.6229070625,168.44009894385556,168.84063166429863,253.915817,493.526517,-1.423790989157125,-0.04147098516462104,1.5038786250507172,0.5199448931779512,-0.02504534370766986,0.04822462966153731,-0.9993045324032376
163,0,A,76,2969,2022-07-12 00:09:31.352,-0.0371491875,0.07156159594819238,0.08062954884260794,0.196815,0.32450999999999997,0.707244702255049,0.11484505665510802,2.4409785596616773,-0.0174794375,0.17081857175047185,0.17171055643200128,0.282233,0.556594,-1.2444832393496637,0.16631132086879802,1.6436554971608077,11.250378062500001,167.86513905120339,168.24171871218218,256.300003,509.023727,-1.4077248843244188,-0.05312146991015676,1.5234033803379212,0.49578706172514764,0.004671088356461179,-0.017526349213917106,-0.999043536786076
164,0,A,78,2999,2022-07-12 00:09:41.691,-0.018407312500000002,0.05570910344001098,0.058671401547623694,0.1361,0.208366,-0.5556794465557666,-0.46503740216421846,2.3196991448981725,-0.0052664375,0.09182798771818478,0.09197888177354897,0.16177,0.27313699999999996,-1.1632480432976404,0.3758089628705075,1.758773284483671,2.1606686250000005,105.1183579708184,105.1405614945449,151.395816,302.791632,-1.4794077979157723,-0.044049710220070294,1.4399372977274332,-0.06153254608452271,-0.3701386546109088,0.09705119733233207,-0.9675309162223438
165,0,A,78,3015,2022-07-12 00:09:43.291,0.0224325,0.041329637029618345,0.04702505665334174,0.097675,0.152781,-0.40417561905585586,0.06412166085416926,2.0770841536680833,0.0007124999999999992,0.09216312788067688,0.09216588195747925,0.151563,0.262487,-1.3994496273829422,0.35295085951568683,1.6444588472546013,2.7567151249999995,105.5336665458813,105.56966540108796,156.164188,307.560004,-1.4454363249914024,-0.06572118206730537,1.479252467142807,-0.008925314375750639,0.21043762384364456,-0.014355906290531847,-0.9850653722342493
166,0,A,78,3031,2022-07-12 00:09:44.891,-0.008337,0.044044307356342884,0.044826404936153426,0.083188,0.157197,-0.5450411129592752,0.4339654951541868,1.8557812101703286,-0.0004554375000000001,0.0964683296242663,0.09646940470331773,0.183125,0.30966000000000005,-1.0475559908000456,0.5081494718911992,1.89827023980487,3.874302375,106.63945193881045,106.70980708774051,158.548374,315.904655,-1.406886214315474,-0.08318548895005035,1.4857900911547521,-0.005737885648922664,-0.15432851433943368,0.14322682000188897,-0.9929494090481771
167,0,A,79,3049,2022-07-12 00:09:48.366,0.015289750000000005,0.08948036749372737,0.09077726930170901,0.173829,0.34137,-0.45257333295481716,-0.5225876064719203,1.9148956708783422,-0.011035749999999997,0.1468594769679931,0.1472735337845025,0.227737,0.442505,-1.3089544979552303,0.18048569304690698,1.5463538773588157,-9.834767625000001,169.52651701597617,169.81155033096485,251.531631,497.102796,-1.413058500838813,0.07637676816250445,1.4812398244392782,0.20267643384970754,-0.018544332827737164,-0.10033808635525764,-0.9964960118051375
168,0,A,79,3065,2022-07-12 00:09:49.966,0.001214625000000004,0.10278578169600783,0.10279295808930689,0.224613,0.439541,0.12193370730561881,0.14996897162287326,2.18510104364207,-0.00030681249999999936,0.16351795360571983,0.16351824144514426,0.289794,0.54003,-0.9955720779980508,0.323723185659379,1.772242640569356,-8.717180249999998,164.68999280010306,164.92053528899604,246.763258,487.566051,-1.4182043667626292,0.06681773317248407,1.4962555000660658,0.5883398282251949,-0.143100083676853,-0.09787708116550232,-0.9981246783231691
169,0,A,79,3081,2022-07-12 00:09:51.566,-0.028294125,0.06173963116778699,0.06791420739617006,0.132538,0.19869399999999998,-1.3343159915124474,-0.0987438497214142,1.9515504204717304,-0.008190937500000002,0.1595578346397744,0.15976793812296164,0.263712,0.517709,-1.3802958641606866,0.07941630392112625,1.650593999636149,-8.791686124999998,167.18912247130842,167.42011951269978,246.763258,491.14233,-1.4340674035172618,0.04788529834823805,1.4739163890113074,0.4388886781348206,-0.02314576515228,-0.011115989925976524,-0.9991371555362778
170,0,A,80,3099,2022-07-12 00:09:55.827,0.0001718125000000001,0.056609486642278814,0.05660974737125666,0.114034,0.200907,-0.7562295124686651,0.3392210657454311,2.0143880744096068,1.5125000000001249e-05,0.04355989571967976,0.043559898345554016,0.082613,0.156119,-0.8399344980854826,0.3035920488227466,1.8965379428722193,-0.5960465000000017,89.8459810199208,89.84795811181316,120.401397,239.610701,-1.5550363204453737,0.047175881575883316,1.3400571312946699,0.4199832394070233,-0.052878029509903036,0.12087918650114858,-0.9623435113936142
171,0,A,80,3115,2022-07-12 00:09:57.427,0.0014853124999999997,0.05916734173904421,0.05918598213840419,0.115828,0.216086,-0.8604728458830078,0.11635081169228867,1.9570174526991981,-0.0032800625000000013,0.05459468702569504,0.05469313175744739,0.104377,0.169379,-0.6228586450068523,0.8230848152198923,1.9084114704363646,0.9685757499999994,88.50961524643674,88.51491473224021,119.209304,234.842328,-1.5780151308128596,-0.0008259550447766231,1.3467708166540189,0.20366403113527645,-0.10308328225094014,0.05697777354257793,-0.9428088123195563
172,0,A,81,3141,2022-07-12 00:10:03.867,0.028705812500000004,0.06426047093783506,0.07038062088698493,0.159828,0.229926,-0.6873310618910566,0.18612339362352248,2.2709092074741277,0.0160996875,0.11193855205855059,0.11309040354761539,0.194249,0.32019600000000004,-1.440653229320477,0.3254481275897752,1.7176435303656312,-3.3527616874999993,113.42924882309622,113.47878876470723,168.085118,334.978143,-1.3965084030222275,0.0883762712782635,1.4812029616258624,0.16833044766167043,-0.12844620776975113,-0.012349108580469973,-0.9958284463722779
173,0,A,82,3172,2022-07-12 00:10:11.896,-0.01899475,0.08876219392673605,0.09077184364245335,0.173773,0.289781,-0.9084442890894646,-0.4211691982051785,1.9143931975699964,0.0011888124999999972,0.17710290853209423,0.17710689847006947,0.282336,0.554199,-1.300136033985913,0.19951379158153457,1.5941558597601093,1.7136338125000012,179.7695313888321,179.7776987187333,258.684189,511.407913,-1.5135733158215157,-0.02107498338820262,1.4389114492154997,0.4227109139619791,-0.02967659920929197,-0.03258074984030858,-0.9559341018710745
174,0,A,84,3193,2022-07-12 00:10:28.656,-0.007032562499999999,0.06842624082723012,0.06878668017183633,0.124139,0.22356900000000002,-1.2306764598414945,-0.07599357199153449,1.8046953231336036,-0.007489062500000003,0.19522547503734905,0.19536906653994,0.271084,0.539485,-1.535688646892591,0.004905179889579878,1.3875482173355285,-4.5448545,172.7574892021755,172.81726122660882,250.339538,495.910703,-1.450359548149413,0.07643139046865119,1.4485794776699945,0.5225647903296132,0.0476728779048732,-0.00909283761904811,-0.9895557736029825
175,0,A,84,3209,2022-07-12 00:10:30.256,-0.007595375000000001,0.08088466469831827,0.08124049916605634,0.157218,0.283968,-0.6118888287646733,0.29631718791294537,1.9352170606269286,-0.014379749999999997,0.1885788372291215,0.18912629394335945,0.281695,0.5370999999999999,-1.4424821716877605,-0.019882190069391847,1.4894544493340705,-6.332994187499998,171.53858355955845,171.65544694240998,249.147445,495.910703,-1.4108841035220243,0.08988647571026732,1.4514392024133578,0.3632360493160237,-0.03744524109332407,-0.059907841613243036,-0.9958210218411856
176,0,A,84,3225,2022-07-12 00:10:31.856,0.001973375000000003,0.08230321443591603,0.08232686873296591,0.165658,0.298103,-0.540662505282071,-0.41542272277551995,2.0121984784496734,-0.0077359375,0.174548802940062,0.17472014576691636,0.272571,0.519798,-1.2907098260685714,0.26520807058158596,1.5600433413306591,-8.270145562500002,170.11593085579733,170.31683780107988,250.339538,499.486983,-1.4004017207166803,0.08004795758444505,1.4698460893947665,0.38513036021685976,-0.03966427849313915,-0.11501352600662369,-0.9974542376343398
177,0,A,85,3243,2022-07-12 00:10:35.872,-0.003842562499999997,0.06932265381800594,0.06942906897645611,0.127752,0.220537,-1.275476625797102,-0.2845067326582514,1.840036196413949,0.0014559999999999972,0.0962730949856968,0.09628410436891958,0.157489,0.27484,-1.4150582593213472,0.3070011236799293,1.6356697819670147,-0.5960464374999996,112.15577857945088,112.15736239818797,163.316746,324.249306,-1.5078773493477362,0.018415474093872924,1.456139325211508,-0.03678960485755282,0.014241915961195718,-0.055733366184359125,-0.9471197942499667
178,0,A,85,3259,2022-07-12 00:10:37.472,0.006757062500000002,0.08646777920883937,0.08673139417153111,0.144646,0.283605,-1.1906155770936269,-0.14242709875056342,1.667746741323327,0.003537125000000002,0.09937784139955132,0.0994407693780574,0.163404,0.281765,-1.2989333350290266,0.3500634396323075,1.6432294422297251,-2.5331977500000002,109.50469155952992,109.53398816982968,158.548374,314.712562,-1.4774681492126174,0.060207514761278634,1.4474810663716065,0.050330424875632926,-0.004274561418078083,0.02698957083260614,-0.9737793763502387
179,0,A,86,3289,2022-07-12 00:10:43.851,-0.013758375,0.05659030300642836,0.05823877812076761,0.120541,0.21781299999999998,-0.48914038109984226,-0.06988525966032336,2.06977213275386,-0.0080436875,0.03306399218885771,0.03402834830053466,0.061894,0.115939,-0.7014610147330766,0.3071765340039474,1.8188952179917446,2.309680312499999,83.20718518979916,83.23923528214013,110.864652,220.537211,-1.5945458311449954,-0.05865799006639543,1.3318797514684426,0.5402672601410243,-0.16798966574979213,0.13869478873271313,-0.9823821760360144
180,0,A,86,3305,2022-07-12 00:10:45.451,0.0334711875,0.06763428255904948,0.07546334587027997,0.137349,0.220356,-1.0575296917256134,-0.10321718585778417,1.820075672712687,0.01086725,0.04583680608487572,0.04710742950559922,0.105203,0.160615,-0.128049876970195,0.6421848582969739,2.2332570701505907,3.427267375000001,82.56898288391923,82.64008165620776,112.056745,221.729304,-1.5526385638933484,-0.08024918566402858,1.355961208583614,0.49718513324571256,-0.09960569919751361,0.04071039483538107,-0.9922470195463075
181,0,A,87,3322,2022-07-12 00:10:51.896,-0.0708803125,0.07771652499607046,0.1051849654540158,0.178369,0.289066,-0.3380666678380786,0.8226096042598423,1.695765162160731,-0.0338715625,0.19511017179883547,0.19802843706286857,0.334462,0.640301,-1.1977572067993987,0.2456141744968504,1.6889594492624183,-10.505319812499998,179.7138168822815,180.020603606257,267.02884,526.905122,-1.4310656234837202,0.047225429499706095,1.4833237676729958,0.2931243436973632,0.17226939059498217,0.05980560528274273,-0.9990890235653537
182,0,A,89,3357,2022-07-12 00:11:09.294,-0.0005882500000000002,0.09792083828627847,0.0979226051979317,0.189929,0.347137,-0.7933303045341717,-0.22421124288634786,1.9395827921050004,0.0015278124999999936,0.1920499412311869,0.19205601822889462,0.313065,0.596671,-1.2540771002183422,-2.0083873602666502e-06,1.6300712827800348,7.003546437499998,170.9608938570375,171.10428659475326,249.147445,494.71861,-1.4301509843970581,-0.0836943324699667,1.456114571752873,0.5923999758922901,-0.09326620913712498,-0.0721848351191725,-0.9966129520077102
183,0,A,89,3373,2022-07-12 00:11:10.894,-0.015946375,0.05308779569834648,0.05543104660521935,0.113091,0.179348,-1.1953114248854158,-0.27427443903932325,2.0402104402869314,0.013667937500000001,0.18063004051426104,0.1811464160608415,0.314021,0.575372,-1.220773498378367,-0.2136756081011374,1.7335203578884497,5.8114536875,173.10194273390533,173.19946758640512,250.339538,495.910703,-1.4589145051169485,-0.07329179226392639,1.4453828379992653,0.42891873987423934,0.1436334872551178,-0.08696713551721705,-0.9916988350528484
184,0,A,89,3389,2022-07-12 00:11:12.494,0.010868875,0.10554588621476146,0.10610403640118975,0.199783,0.38038,-0.9556653735046061,0.16899629747979583,1.8828972655159029,0.008349625,0.18737178539466495,0.18755773031156298,0.282252,0.515518,-1.4993985492668067,0.18109592423399862,1.5048806547783176,3.5762792500000007,175.09012301116974,175.12664260283339,247.955351,494.718609,-1.4989168302118463,-0.047828066554694536,1.4158630994961376,0.4889671785932324,0.04043302762017288,-0.019646836625537345,-0.9770472348045214
185,0,A,90,3407,2022-07-12 00:11:16.040,-0.0057455,0.06995824955911203,0.07019378499286814,0.131142,0.253451,-0.5327274976640579,0.3671470990388317,1.8682850627491359,0.003832187499999996,0.11462863860703548,0.11469267827519548,0.208394,0.349499,-1.1379336453485833,0.5306056913915826,1.8169773618850893,-7.5995931875,130.9451088098956,131.16545024453234,195.503258,391.006516,-1.3906283226862755,0.06712085576190195,1.4905088011783774,0.46960752108149356,0.06725122294434317,0.05616710570704711,-0.9976108513635588
186,0,A,90,3423,2022-07-12 00:11:17.640,-0.0025615624999999987,0.07891330207019025,0.07895486587958021,0.185331,0.284956,-0.3743928414191062,-0.5870809076833693,2.347303081771575,0.006977874999999998,0.1306283920506349,0.1308146304862342,0.248119,0.392766,-1.1467394011753895,0.6390497031086648,1.8967220950573254,-7.9721221875,126.91223028361884,127.16237229516729,193.119072,380.277679,-1.4075876927540714,0.05041842066789562,1.5186809471573481,0.4257225203469292,-0.07598782799192137,0.09194995147063353,-0.9987243855120483
187,0,A,90,3439,2022-07-12 00:11:19.240,0.002755250000000001,0.0835362129539489,0.08358163839773662,0.151123,0.299056,-0.8801964869662711,0.22847678081292855,1.8080885095941406,-0.0008139375000000004,0.13448081376048998,0.13448327689321635,0.250492,0.40552699999999997,-1.0848694054533956,0.5317357259704143,1.8626256422863487,-7.8231105625,122.60458746546043,122.85392108699189,185.966514,369.548842,-1.4000936765766794,0.05129271523789259,1.5137206232784266,0.28607415440324124,0.09526303780640247,0.011037158016866909,-0.9993841307947448
188,0,A,91,3456,2022-07-12 00:11:24.056,-0.020423749999999997,0.042554113858856234,0.04720150601808167,0.104048,0.155608,-0.8907509084196481,-0.2615297940838478,2.2043364455392993,-0.018016812500000003,0.06233703459342884,0.06488845363053815,0.157258,0.24418600000000001,1.6241411923289544,1.4340836160963215,2.423512831657163,5.2899128750000015,79.5727333777408,79.74837349708216,108.480466,213.38465300000001,-1.5453038446608733,-0.06277817451684273,1.3602843699874219,-0.5350231959453423,0.026036015294693647,-0.297233135913478,-0.9972900625208448
189,0,A,91,3472,2022-07-12 00:11:25.656,-0.0234955625,0.04957395918217642,0.05485999349423494,0.093161,0.173978,-0.8266805166803923,0.4349097921486045,1.6981591514368295,-0.012870187499999998,0.047013755508652395,0.04874356299361486,0.102138,0.183469,0.21383228854455227,0.6138952727294171,2.095415142577483,4.768372187499999,79.9602567665071,80.10230980118031,109.672559,219.345118,-1.5368407594012896,-0.06730415603986238,1.3691560115084718,-0.2094962255597048,-0.0846130766702745,-0.006019160809927934,-0.9973006551194118
190,0,A,92,3492,2022-07-12 00:11:32.266,-0.0176325,0.0851162916345925,0.08692346149271209,0.179414,0.313612,-0.7172424005710702,-0.15151751306121647,2.064045735397256,0.004508812499999999,0.17697534418324307,0.17703277052268457,0.267778,0.512384,-1.5138178038350159,0.10827627752960559,1.512590009236101,-9.015203437499999,170.52919458601053,170.76732737609075,251.531631,498.294889,-1.4179094872066877,0.06593339749577293,1.4729493918121548,0.5110473618616657,-0.022625428643919813,0.0897842751963928,-0.998602520323923
191,0,A,94,3523,2022-07-12 00:11:49.526,-0.00924525,0.05002627672596173,0.050873401799221174,0.089664,0.164429,-1.0265021191517056,0.4189494935295332,1.7624927138521465,0.008810062500000004,0.1390897772881192,0.13936851634179256,0.269585,0.448942,-1.1942240706371465,0.26167745348641097,1.9343321366703774,-1.9371511249999998,147.28734889767313,147.30008723617914,213.384653,420.808841,-1.4807438045330983,0.038076563306771616,1.4486390130771727,0.4124337570450898,-0.041641618673078196,0.014832464840406758,-0.9740439610263443
192,0,A,94,3539,2022-07-12 00:11:51.126,0.0164955625,0.08383729669944692,0.0854446949790477,0.198996,0.336828,-0.2846619977612832,0.24608217614680927,2.3289450567855234,0.008795875,0.12310059739795894,0.12341444201044706,0.209765,0.408638,-1.2635634926262411,-0.02165419924827118,1.699679523586416,-0.6705521875000016,151.49901416352972,151.50049812709378,218.153026,432.729772,-1.4988826798149977,0.0013467477314028087,1.439949232490255,-0.04678142319961537,0.03190321580428095,0.0015491209125711844,-0.9611972212499558
193,0,A,94,3555,2022-07-12 00:11:52.726,-0.014192187500000002,0.12611093527387837,0.12690699815883874,0.200536,0.39600199999999997,-1.2517848035783632,0.001470338959531664,1.5801807852156906,0.005043687500000002,0.19059549659183933,0.19066221991964613,0.326904,0.621501,-1.2202466357022814,-0.013573197086658509,1.714571455938006,1.4156104999999997,154.96133036165307,154.9677962046989,224.113491,447.034889,-1.4912542180427204,-0.030993883755970716,1.4461939608663317,0.6472551974786954,0.02682109446836484,-0.001611458615759168,-0.969894244032351
194,0,A,95,3573,2022-07-12 00:11:56.244,-0.0015523125000000016,0.07416665258618488,0.07418289580447436,0.140719,0.25169,-1.0540752276977492,-0.26001747462555946,1.896919747793298,0.006755812500000001,0.13702837068797957,0.13719480812311194,0.233085,0.41438299999999995,-1.3371925382839098,0.1612781242632202,1.6989345529084516,-3.0547383125000014,148.51786242961415,148.54927427227523,224.113491,441.074424,-1.4409802628140564,0.08097210987915422,1.5086811571305525,0.3206194208326412,-0.07838797224769882,0.04316855129934056,-0.9871410901666323
195,0,A,95,3589,2022-07-12 00:11:57.844,0.003115375,0.08910806700916239,0.0891625098766292,0.158735,0.31212399999999996,-0.7840217698042107,-0.15550212291631593,1.7802886013374413,0.00847375,0.14665745087596982,0.14690205014396499,0.246369,0.441109,-1.4229485208969361,0.241857933588484,1.6770970844760624,-0.14901168749999982,146.8797436332205,146.8798192204892,216.960933,432.729773,-1.4883865617639804,0.03811785300769811,1.477132353181265,0.38993865249120313,0.015530735323411184,0.04356375365445214,-0.9593315213653428
196,0,A,95,3605,2022-07-12 00:11:59.444,-0.0013791250000000019,0.07363227413461013,0.07364518843753473,0.174688,0.283355,0.16186337990890998,-0.9584248099969337,2.3720219026687532,-0.004329874999999997,0.13343825877061785,0.13350848932277679,0.20091,0.374737,-1.5318835674750337,0.21341715901793734,1.5048481262810933,2.384186125000001,143.30302059390024,143.32285252120278,211.000467,418.424655,-1.4940046236565747,-0.010573827815279907,1.472203931810422,0.21986694079795552,0.0050575794615416066,0.03864064751360469,-0.9492792759833732
197,0,A,96,3623,2022-07-12 00:12:04.143,0.0016610624999999998,0.019768507200433567,0.019838170418728134,0.046058,0.085865,0.4443674253719543,-0.5914421353977461,2.3216858726306313,0.0003125000000000003,0.04462929765439962,0.044630391723297705,0.107026,0.171116,0.035652139757955226,0.6190080119931927,2.3980519970236087,0.3725290000000008,83.07177825314129,83.07261353776538,109.672559,218.153025,-1.614158810237778,0.009228205508700425,1.3202011388523622,0.12108074924869443,0.005032265179399214,-0.13405026245530033,-0.9474427121007545
198,0,A,96,3639,2022-07-12 00:12:05.743,-0.01695475,0.03638057928259939,0.04013739025522212,0.067391,0.101566,-1.6055917884821915,0.05307600566385447,1.6790080165023191,-0.005078250000000001,0.04519192832174237,0.04547635658779186,0.08407,0.15885500000000002,-0.8465476551559092,0.06856275684769425,1.848652933260019,-0.5960464375000001,82.83223947636147,82.83438397202548,109.672559,219.345118,-1.603279605722502,0.04342591035883415,1.3239980034986223,0.1011507247482624,-0.13857990328044656,-0.02587533169366923,-0.964467369784486
199,0,A,97,3661,2022-07-12 00:12:12.164,-0.0113315625,0.06697703323245285,0.0679288398937631,0.158395,0.310353,0.963038132885627,0.23977746846183878,2.3317783764262856,-0.013536125,0.1642709210682444,0.16482767421954664,0.292293,0.522636,-1.1702456341527654,0.33861294404830905,1.773324785318954,8.046628124999998,142.94340065608475,143.1697035524905,212.19256,420.808841,-1.3949698330330749,-0.06356020328304138,1.482105185209129,0.4111037897334241,-0.2809066051368181,0.046309869859318245,-0.9982185624716972
200,0,A,98,3686,2022-07-12 00:12:20.177,-0.002227187500000001,0.05125561800697894,0.05130398367999799,0.132525,0.221956,0.7183500596832415,-0.7615135476960533,2.5831327412430127,0.007522062500000001,0.0503737483361482,0.050932268216598214,0.106382,0.168971,-0.740037626530726,0.5718007121464967,2.0886955112148606,-2.980232562499999,80.05461697718158,80.11007106157025,108.480466,216.960932,-1.5284042036917243,0.07630737988111422,1.3541426759767208,0.08269238096003921,0.4612892261653366,-0.300012475827027,-0.9966879636911732
201,0,A,100,3722,2022-07-12 00:12:38.192,0.018151125,0.06770264972277212,0.07009359541534448,0.136387,0.227587,-0.9906427498418138,0.026756024782229382,1.945784050480352,0.0170960625,0.061482173077312366,0.06381483337996346,0.151614,0.240848,-0.5015732046664141,0.2635155592633981,2.3758426053902957,6.0349710625,88.58509520438035,88.79042723229989,131.130234,255.10791,-1.4532847748008493,-0.05090280257234217,1.4768510309892717,0.2831748151953808,0.284373770079305,-0.17656059024008805,-0.9986972822768491
202,0,A,100,3738,2022-07-12 00:12:39.792,-0.009802125000000004,0.08119012519610605,0.0817796923684297,0.181551,0.34174499999999997,0.40178942947757834,0.17464402243370014,2.2200010142137203,0.0011971250000000011,0.056787052648331504,0.05679966951268291,0.106064,0.192233,-0.8354126381295566,0.523497963476335,1.8673348086350532,5.960465125000002,88.53347616473452,88.73389175685892,131.130234,258.684189,-1.450775617892856,-0.05752931240257354,1.4777919845926732,-0.19443132183223952,0.0537719193896985,0.13551952746661786,-0.9992859518632741
203,0,A,100,3754,2022-07-12 00:12:41.392,-0.008147374999999997,0.05654732836292423,0.05713125295645983,0.113997,0.214281,-0.358690106846713,0.2451863587612847,1.9953527027821008,-0.008915625,0.05944564190383829,0.06011050416108652,0.119014,0.204291,-0.908477818462845,0.026805906607015484,1.9799201763648753,4.842877937499999,90.39539072959943,90.52502489297903,129.938141,259.876282,-1.4335122751032467,-0.06909874484149625,1.4353836538969875,0.12025645853337293,-0.06046149257554298,0.016170088409899645,-0.9983090338587591
204,0,A,101,3772,2022-07-12 00:12:44.747,0.018648375000000002,0.07804258858859933,0.08023968795895209,0.1406,0.256629,-1.0937408171244658,0.16340219970577008,1.7522500844211435,0.005367687500000002,0.18291542130610486,0.18299416225849258,0.305678,0.566426,-1.288709919708721,0.2312060219840983,1.6704248716317387,-7.74860475,170.1109870631658,170.28737121459207,247.955351,494.718609,-1.4229458175225373,0.07910956493607997,1.4560994701570242,0.4602355977942069,0.15919432160041996,0.012635366582908895,-0.9972553518370609
205,0,A,101,3788,2022-07-12 00:12:46.347,0.000967749999999999,0.07873209685819056,0.0787380442718131,0.129891,0.234183,-1.0123500694210725,-0.5485974871616601,1.6496599731586017,-0.0029193124999999983,0.18802937644412068,0.18805203745622515,0.281586,0.529743,-1.5168303992558012,0.06774051098294817,1.4973834041311451,-5.960465312500002,173.2230550119983,173.32557207299593,247.955351,494.718609,-1.4430855004361316,0.086151756914219,1.430575696560077,0.6106435728167551,0.09778303933704713,0.04252663502927882,-0.9944077041202949
206,0,A,101,3804,2022-07-12 00:12:47.947,-0.007882,0.04899426289628205,0.04962422514004627,0.078461,0.15388200000000002,-1.3008356507324526,0.19840259029188645,1.5811027734654286,0.012565812499999999,0.17812716490937686,0.1785698365414425,0.29273,0.5529379999999999,-1.245140675465641,-0.2097951247747623,1.639302614985948,-3.7997964374999986,175.5107623282481,175.55189018067912,252.723724,499.486982,-1.4797875272057142,0.07117465023937584,1.4395955733652035,0.6908508470907632,-0.025615738420000297,0.040715539653384106,-0.9860843516494495
207,0,A,102,3822,2022-07-12 00:12:52.064,0.008849062500000001,0.07610742389418126,0.07662014016521701,0.136637,0.257651,-1.0717431684331102,-0.28953152439820484,1.7833039681912335,0.002544062500000001,0.09241237885388295,0.09244739054963909,0.147989,0.25706,-1.523300940466478,0.3999049451951312,1.600791532569415,5.7369476875,103.60860678445232,103.7673164757785,153.780002,303.983725,-1.3765584975509784,-0.09292075499333992,1.481969537449641,-0.05053098930941398,-0.11255380848402527,0.0234460661165536,-0.9976642073901887
208,0,A,102,3838,2022-07-12 00:12:53.664,0.0029261874999999965,0.08901075158879596,0.0890588371341525,0.138146,0.25571,-1.4800095653571739,0.058850299386904725,1.5511767775712786,-0.0018588750000000012,0.09204832733737955,0.09206709500073845,0.15991,0.253098,-0.9608536863346564,0.749684421351486,1.7368854746499538,3.5017732500000007,102.91470159775729,102.9742599917564,150.203723,299.215353,-1.4284597837865387,-0.08275170293893648,1.4586530945891192,0.24125079214423512,0.005707688303410803,0.06328198131299606,-0.9908346872428849
209,0,A,103,3867,2022-07-12 00:13:00.089,0.0221050625,0.05861696859961792,0.06264649069131886,0.115738,0.19890999999999998,-0.9244811828191049,-0.29416939146307935,1.8474777872280435,-0.0007905625000000013,0.08274658900444837,0.08275036544292418,0.159711,0.27121799999999996,-0.7865206294852314,0.6161030294943949,1.9300337726019865,3.2782558749999993,91.4688684623775,91.52759616295891,128.746048,257.492096,-1.4705893758287372,-0.07389142160702253,1.4066363959868022,0.3455920361778639,-0.2499266908765641,0.12039651333258386,-0.9941874568695567
210,0,A,103,3883,2022-07-12 00:13:01.689,-0.028592812500000002,0.08514341944567615,0.0898162056733778,0.148078,0.275271,-1.2099858660616096,0.2788905654681501,1.6486779739782687,0.010053250000000001,0.05882423728202942,0.05967712063575956,0.113481,0.191984,-1.2114986317915868,0.3718434230337579,1.9015830320070808,4.321337375000001,91.47408736309356,91.57610286324399,133.51442,263.452561,-1.4449142738565621,-0.0742827962713578,1.45796136574391,-0.05528657930747494,0.18283171048238886,-0.07924075937240264,-0.9966128632017891
211,0,A,104,3901,2022-07-12 00:13:07.971,0.0051149375,0.035553300877817155,0.03591935117645501,0.0634,0.10992299999999999,-1.4071479766407466,-0.01999939581204188,1.7650652899754615,0.0076525625,0.05399901613683432,0.05453856852322492,0.103343,0.200578,-0.7089490258828612,-0.4967155109653567,1.8948608809927239,3.9488080625000013,79.45740369012697,79.55546547089186,108.480466,214.576746,-1.5431331708275309,-0.05233000882487701,1.3635828205881262,0.14978158375883147,-0.33951901010075586,-0.06900686905956067,-0.9982095380729638
212,0,A,104,3917,2022-07-12 00:13:09.571,-0.014719937499999999,0.031603696200897036,0.03486359381306666,0.093979,0.11987899999999999,0.1431748731322311,-0.8165155396605623,2.6956199783619907,-0.0196531875,0.04977625722573307,0.05351563848364794,0.117955,0.212647,1.2830079987857044,1.0184228250530611,2.2041220723927633,4.246831562500001,80.86153510990282,80.97297968242427,110.864652,220.537211,-1.5368421867372664,-0.054198784190805524,1.3691561362174243,-0.016666780895187097,-0.3598426923317455,0.29443484938994857,-0.998003486448613
213,0,A,105,3935,2022-07-12 00:13:15.873,0.015043937499999998,0.04864061429565414,0.050913941259369225,0.089346,0.138987,-1.618812506146504,0.19929539183016964,1.7548435220296066,0.011278499999999999,0.07630367475996815,0.0771327125422476,0.131021,0.210376,-1.4173671457141936,0.4519264482072999,1.6986437489571804,1.8626453125000002,103.13841319598603,103.1552312010696,151.395816,301.599539,-1.4590464518752952,-0.055764385613317445,1.4676503967588432,-0.12929860263830642,0.26608217828321035,0.09291183826983375,-0.9840421790567634
214,0,A,107,3966,2022-07-12 00:13:33.336,0.0580328125,0.07072250259042269,0.09148486049239239,0.176041,0.273659,-0.3683159028701084,-0.2567866042666883,1.9242637421373021,0.0203835,0.07472472505051457,0.0774549650191968,0.151768,0.215213,-1.2459954112331961,0.5139492952763556,1.9594353952956418,6.556511562500001,98.24557209008573,98.46410655247641,150.203723,292.062794,-1.4314857824283833,-0.03239496970233654,1.525466774229541,0.0695922226883282,-0.3831421435520027,0.06265731943427412,-0.9995239464574324
215,0,A,107,3982,2022-07-12 00:13:34.936,-0.018840875,0.045609531854475055,0.04934782636297165,0.092509,0.17687199999999997,-0.2605849749682969,0.40859053320118055,1.874631707576375,0.006925625,0.08482122431463941,0.08510349214853054,0.169944,0.286692,-1.050386175631987,0.16137036282961797,1.9969098295449255,5.885959312500001,101.77960634349051,101.94965808900146,151.395816,300.407446,-1.3928165844719809,-0.06722401878076616,1.4850056276582344,0.264328865992262,-0.16727096169411654,-0.33491176700851766,-0.9983726770108532
216,0,A,107,3998,2022-07-12 00:13:36.536,-0.0389603125,0.06223790753704565,0.07342658295663432,0.134971,0.19378900000000002,-1.2870116147727728,0.08244160334825452,1.8381762376129334,-0.0209324375,0.08530285033409549,0.08783361096307325,0.137082,0.262192,-1.3911966302104166,0.2865864749194257,1.5607009491802815,4.693866374999999,104.57556642863841,104.68085534335741,156.164188,309.94419,-1.4085110712491369,-0.08413372217879941,1.4918123040528777,0.3222035788819755,-0.05051833964302452,0.11558620030373945,-0.9942464611630394
217,0,A,108,4016,2022-07-12 00:13:39.886,0.0030430000000000006,0.09651066691563166,0.09655862818774923,0.196125,0.355028,-0.532191647101981,-0.261297279432274,2.031149403020238,0.005029875000000003,0.2033909467094329,0.20345313181633504,0.340984,0.627222,-1.2409266862028607,0.13905463162076254,1.6759830480654354,8.6426745,175.21866872163665,175.43168952927402,255.10791,507.831634,-1.4282296490032957,-0.0792793130782129,1.4541723373041477,0.6159783542720152,-0.08381370833850331,-0.07221778744084827,-0.9966474343173436
218,0,A,108,4032,2022-07-12 00:13:41.486,-0.025943874999999998,0.06734001449720943,0.07216482662973701,0.159284,0.23244700000000001,-0.7754871099797596,-0.5324948009969434,2.2072248689413985,0.00773975,0.19147845167390898,0.1916348120397231,0.328484,0.635375,-1.1473629840083737,-0.05120403474465071,1.714114447702279,6.854534812499999,178.53981226734953,178.67134412646084,257.492096,507.831634,-1.4530734891194752,-0.07738889517498246,1.4411493754574938,0.5420152185702567,0.07777715222722768,-0.07238591305871826,-0.9932873691987397
219,0,A,108,4048,2022-07-12 00:13:43.086,0.0133958125,0.11312145916625344,0.11391186205324492,0.218655,0.422455,-0.7177807456917558,0.0793522680642258,1.919510365810681,0.010143125,0.20473607204852637,0.20498717565405158,0.341688,0.598249,-1.3110899935172373,0.34026017613024706,1.666875007715862,4.6193605625,181.15935273668927,181.2182374265421,256.300003,510.21582,-1.4920078440116948,-0.05594293488157415,1.414316829474146,0.514462009742552,0.14723247894604877,-0.008188961752151084,-0.9824981923944265
220,0,A,109,4066,2022-07-12 00:13:47.957,-0.003432250000000003,0.08600166750163918,0.08607012927331409,0.142083,0.265518,-1.4815553379556008,0.032727087801426524,1.6507817659808326,-0.001448874999999998,0.09630224023865891,0.09631313884278718,0.200733,0.315337,-0.6810969291273081,0.7895158197262665,2.084170471566276,7.003546625,101.14180129713853,101.38399101908743,153.780002,299.215352,-1.4114641617618073,-0.04321212541282521,1.5168075398713396,0.19102891580306045,0.009937137570596001,0.012082591923365816,-0.998900328443272
221,0,A,109,4082,2022-07-12 00:13:49.557,0.0037624374999999984,0.07307277332903203,0.07316957112036056,0.132336,0.25826400000000005,-1.1226882172571446,-0.22283721683248198,1.8086206871749106,0.00010218749999999985,0.10026711803553719,0.10026717010785484,0.196055,0.332083,-0.8683166361560128,0.691514279336343,1.9553259535410108,7.3015698124999995,100.12417275808278,100.39005375144102,152.587909,300.407445,-1.4088238057701075,-0.05215594906530417,1.519950466186594,0.2519817329012446,-0.1567685376868638,-0.03752525730264535,-0.9993329531343658
222,0,A,110,4103,2022-07-12 00:13:55.976,0.019931499999999998,0.06270913381737145,0.06580045711372376,0.127468,0.25094099999999997,0.02261822115061385,-0.32927235789544923,1.9371901897230812,-0.005055437499999999,0.04764022059663551,0.04790770362700033,0.104843,0.192461,-0.35877497440375716,-0.16626862898962036,2.188437183637236,3.7252907499999997,81.75172370707539,81.8365573582493,110.864652,220.537211,-1.5438284600129213,-0.0845948043659135,1.354708159516984,0.27696887528685116,0.14763248807846704,0.47851272971658965,-0.9963557268623061
223,0,A,112,4136,2022-07-12 00:14:13.584,0.0316516875,0.05308241551318896,0.06180268730656055,0.143729,0.21462199999999998,-0.05896819032428402,-0.18608325426262456,2.3256108474225314,0.011117499999999999,0.033743321855961364,0.035527603016879704,0.071098,0.125851,-0.42133801547519756,-0.19912844620850167,2.0012045272578693,-4.023314125,80.72401589343359,80.82421542156622,109.672559,218.153025,-1.5283858922869042,0.058265450228562096,1.3569269856560366,0.17065230688205996,-0.14339960087558898,-0.10605668587046045,-0.9977878047218393
224,0,A,112,4152,2022-07-12 00:14:15.184,0.020357812500000003,0.04622199490261475,0.05050656732111677,0.085657,0.16091,-0.7113497190164955,-0.6334211184121136,1.6959576653744761,0.009802749999999999,0.037208229618089866,0.038477867130013846,0.07511,0.134423,-0.38566634991315896,-0.6012472756328504,1.9520312741402455,-3.5762790625,81.14336566871863,81.2221371547207,110.864652,221.729304,-1.5190152210962757,0.06542785965496617,1.3649561053634065,0.158595920240095,-0.12317739246665715,-0.11369600357701065,-0.9972613902128754
225,0,A,112,4168,2022-07-12 00:14:16.784,-0.045725,0.05181742235845971,0.06910731426466377,0.137809,0.19389099999999998,-0.35981807046038217,0.09202187611568113,1.9941304544440248,-0.015188000000000002,0.05148019970702328,0.05367388849221752,0.112031,0.179689,-0.6672886411446637,-0.5343229012088782,2.087253283619353,-3.650784937500002,81.51518391534377,81.59689601579338,110.864652,220.537211,-1.5168679032575159,0.058764673736537175,1.3586871243060734,0.08898591464814071,0.3699503897013744,0.4137981523742042,-0.9980195667966278
226,0,A,113,4186,2022-07-12 00:14:20.310,-0.0024621875,0.05848253540077023,0.05853434303199703,0.102412,0.20093,-1.0918456770729135,0.17971358912790564,1.7496053546550923,0.011048562500000001,0.17935285034707726,0.1796928369772638,0.281075,0.5413920000000001,-1.4233742933181817,0.05053060827229296,1.5641970193590071,1.1175871249999991,171.2052027931994,171.20885042673027,244.379072,483.989772,-1.5064861569376427,-0.014618263592078934,1.4273740603414853,0.40046353146781083,-0.03934163482915224,0.02185991068304813,-0.9610170552919496
227,0,A,113,4202,2022-07-12 00:14:21.910,-0.004031750000000001,0.07963235721387067,0.07973435472555102,0.142625,0.27204700000000004,-0.8210426331289864,0.011522185997712209,1.7887521695123918,-0.004164062499999999,0.18674371368886447,0.1867901336227706,0.298161,0.554243,-1.4879638146130036,0.09613483013830122,1.5962352733370109,2.9802326875,172.39814798685134,172.4239055820507,247.955351,489.950237,-1.4849321480892894,-0.0492119702480051,1.4380566903584402,0.47148097922015625,0.05503916791255322,-0.0001666371757370155,-0.9812115509064847
228,0,A,113,4218,2022-07-12 00:14:23.510,-0.0012624375000000023,0.07811026153935278,0.07812046278784772,0.155012,0.295821,-0.36930296869485835,-0.3044017908324999,1.9842688390232297,-0.006804999999999994,0.18399015941688296,0.18411596016437576,0.299524,0.5664370000000001,-1.2695055515659874,0.3127532287073397,1.6268225727557233,5.587936062499999,173.0079406366071,173.09815872145595,250.339538,500.679076,-1.4470363223555756,-0.07535041406288948,1.4462287747545508,0.6121544516752117,-0.004333311423104917,0.05505653292368435,-0.9931484631561502
229,0,A,114,4236,2022-07-12 00:14:27.908,-0.008703125,0.07476816627572443,0.07527299032853683,0.15699,0.24073499999999998,-0.7690860476261516,-0.6706356109792109,2.085608653446618,-0.002115249999999998,0.12610647433889943,0.12612421318981537,0.22088,0.352315,-1.139558460997987,0.6528092894098692,1.7512894186905914,-7.823110500000001,137.0790166821494,137.302067983116,209.808374,410.080004,-1.4262779565335646,0.038406299998616514,1.528078761536207,0.5653038703715404,-0.09600908516506833,-0.0022158086665852684,-0.9992581675391224
230,0,A,114,4252,2022-07-12 00:14:29.508,0.0021145000000000005,0.05618738497429828,0.05622715838898495,0.10677,0.198217,-0.8407353092141365,-0.25320227475045914,1.8989044273117053,-0.015288562500000002,0.12083371859862252,0.12179707588315698,0.21056,0.36335,-1.1910459681221046,0.5087185217993441,1.7287771358484463,-8.046628,138.2882515340403,138.5221597236788,214.576746,423.19302700000003,-1.4203697590963436,0.042114449168760816,1.5490427410894643,0.18013084165292306,0.16234130137297867,-0.13412947489714583,-0.9992036881463443
231,0,A,115,4276,2022-07-12 00:14:35.936,-0.0034549374999999997,0.03868295642862104,0.03883693745891274,0.095402,0.173977,0.809267494427675,0.5593717519661846,2.4564758768873025,7.006250000000328e-05,0.05040650570297046,0.05040655439461718,0.098172,0.17761,-0.9324389350356883,0.18236349207298033,1.947603861820073,4.544854624999999,80.75079609329191,80.87859279971921,109.672559,219.345118,-1.5204745117323955,-0.0696173281447827,1.3560146783411984,-0.030190080470879302,-0.07555392275533357,-0.02029712609554111,-0.9970419009644688
232,0,A,116,4303,2022-07-12 00:14:43.837,0.0033260000000000026,0.06323240426889523,0.0633198170056184,0.14141,0.24081400000000003,-0.4476977237466251,0.2664382152886251,2.2332660877313124,0.004819437499999997,0.11608630838139825,0.11618630715982628,0.205036,0.35899000000000003,-1.0593805386647777,0.5844073450512146,1.7647174181889762,3.9488083124999998,133.40841924592567,133.4668476168728,199.079537,394.582795,-1.4441466984574765,-0.0730941003154153,1.491602900305802,0.4047758080846232,-0.18904055964685432,-0.030000625013703774,-0.9910814217742361
233,0,A,117,4330,2022-07-12 00:14:51.621,0.001271187499999998,0.06510217626279742,0.06511458570714014,0.141392,0.26118199999999997,-0.3524424380098994,0.1263257995748962,2.171433611448067,-0.0012060000000000013,0.049583715223599376,0.04959837952368,0.111624,0.209116,0.31846069370505203,0.5385487567007433,2.250557398688939,-3.799796687499999,81.03078532385624,81.1198288032415,109.672559,218.153025,-1.5199671652846172,0.0849570509345889,1.3519821308550093,0.5980912445212272,0.3011190557566429,0.03747840621253389,-0.9960773445923787
234,0,A,119,4349,2022-07-12 00:15:01.577,-0.014562374999999997,0.08089733102664373,0.08219757254855523,0.207027,0.312181,0.10270421527330598,-0.7687414799915373,2.518651020718481,-0.010905687499999997,0.15128576745629393,0.15167833548232096,0.252414,0.43391,-1.2661433037092433,0.4856818180683363,1.6641400975119511,8.046628000000002,160.40878702072217,160.61048277005395,239.6107,476.837214,-1.408852857819052,-0.08075027907896537,1.4918746016289028,0.5303092270959016,0.06518082410122995,0.11225841694020534,-0.9956441501995323
235,0,A,119,4365,2022-07-12 00:15:03.177,0.008096562499999998,0.058519370369956074,0.059076823144211976,0.116405,0.21615499999999999,-0.6454704015962398,-0.13195732896197154,1.970400468485664,-0.003849562499999997,0.15826030732505575,0.15830711925261765,0.241561,0.462499,-1.4660403979638437,0.24267884094365424,1.525901053221305,9.3877325625,157.10766113506298,157.3878861602595,236.034421,467.30047,-1.4030558114048444,-0.07146091493163322,1.4996987808811348,0.3790657078382413,-0.053717948751641216,0.051268582724886866,-0.9973619078292592
236,0,A,119,4381,2022-07-12 00:15:04.777,0.007368562500000001,0.07890595880379438,0.07924926528405485,0.166121,0.306447,-0.1962326088164894,-0.3318730165351822,2.0961834712860608,0.010128437499999999,0.16299277767242049,0.16330716707959422,0.255627,0.47499800000000003,-1.541748213511845,0.23181468489082113,1.5653140310456186,10.281802437499998,153.31602284414902,153.66039932953254,236.034421,464.916284,-1.4181852363941347,-0.045342974928614097,1.5360784042595919,0.5730301339363791,-0.0064562317847458375,-0.04368459460951575,-0.9989875203752253
237,0,A,120,4399,2022-07-12 00:15:08.384,0.0180306875,0.04774460788890033,0.05103580384580515,0.114058,0.198807,0.16776897985888972,0.09180001632520807,2.2348624182466934,0.00890325,0.05750422483772388,0.058189378195251405,0.128826,0.225987,-0.3259334209407361,-0.0418330449072577,2.2139092046615643,-0.22351743749999908,82.35177944010196,82.3520827726662,109.672559,218.153025,-1.607808544828836,0.040661326245215734,1.331752097912961,0.15221187356614674,0.4004699265822145,0.029185846044361332,-0.9597532424510906
238,0,A,120,4415,2022-07-12 00:15:09.984,-0.0014415625000000001,0.04378025238901774,0.04380397929055647,0.088808,0.165042,-0.6840819501994151,0.24227300579203825,2.0273957169719004,-0.0078754375,0.05442910528725503,0.05499590910410974,0.116984,0.221343,-0.0759805698784577,0.15052370094978487,2.127140034698654,0.894069875,82.25171990686863,82.25657899876065,108.480466,216.960932,-1.612535688964865,-0.0075225115366048464,1.3188059523072857,0.06841535766574636,-0.011690710463508915,-0.00529653198336555,-0.9446931933261021
239,0,A,120,4431,2022-07-12 00:15:11.584,-0.009820249999999999,0.03236578301520759,0.03382279143196197,0.083477,0.10957,-0.121537546878411,-0.9423517687423085,2.468069501830521,-0.004965500000000002,0.045282455882493834,0.04555389117298324,0.120163,0.19851200000000002,1.3256112214651106,0.9527170759603902,2.637820763624807,1.7136336875000002,82.13119685719947,82.14907204351726,109.672559,216.960932,-1.5986452391271726,-0.0397717601854995,1.3350431876077988,0.496695322577904,-0.1557803730824158,0.1497112097867735,-0.9699186524820026
240,0,A,121,4449,2022-07-12 00:15:15.740,0.014697187500000004,0.05227441422820866,0.054301212724141804,0.115498,0.186443,-0.5806265764473904,0.5338197751866259,2.1269874871256915,0.015416249999999998,0.09195858267890224,0.09324184517894848,0.180132,0.30045299999999997,-1.169323835397908,0.38265921260566893,1.9318794008665647,-2.1606687499999997,112.26360040188074,112.28439101068494,166.893025,332.593957,-1.4412680518466907,0.06197323356781646,1.4863421665093104,0.4270761377306755,0.16660624002684118,0.10977385510625873,-0.9847768105610889
241,0,A,121,4465,2022-07-12 00:15:17.340,-0.017154375,0.05052858227018026,0.053361130121793714,0.124022,0.18587599999999999,-0.5927535286420165,-0.24092721547954227,2.3242011501054587,-0.0009282499999999985,0.10306959352756515,0.10307377337616005,0.168665,0.293686,-1.4113283107784715,0.4084407360473266,1.6363522404915716,-0.8195639374999999,113.38969903612268,113.39266084077104,166.893025,329.017678,-1.4716109806317692,0.030105380987911372,1.4718150518961326,0.4964745680435189,0.2700657321848904,0.06459130753723377,-0.969203873794239
242,0,A,122,4491,2022-07-12 00:15:23.669,0.011531125,0.09338880755601485,0.09409801390305748,0.240379,0.333548,0.6092934111764672,1.1881423022516058,2.554559761990784,0.013053437499999997,0.19086998514203612,0.19131582124510116,0.323059,0.6097159999999999,-1.3011722021740781,0.13538695695616954,1.6886162257648216,-2.0861628750000003,175.6586100910006,175.67099753414965,250.339538,500.679076,-1.495945447012119,0.04635919010395462,1.4250476260393246,0.7079349132762371,0.3821612890097723,0.08400983368815983,-0.978096445396041
243,0,A,123,4520,2022-07-12 00:15:31.742,0.004138062500000001,0.04293223870017255,0.043131203102423424,0.087154,0.165349,-0.4815382823023522,-0.026395997757856393,2.0206716653146883,-0.0022039375,0.04400920511874298,0.04406435606800013,0.081888,0.156164,-0.5126085737722059,0.3891851254359625,1.8583727826098357,5.2154069375,80.17531907671729,80.34477119624619,112.056745,221.729304,-1.5041604321781632,-0.0783499405240352,1.394698663417632,-0.04321999685145349,0.23471171281627598,0.3377611974568669,-0.997903292885137
244,0,A,125,4545,2022-07-12 00:15:41.948,-0.0399928125,0.07825260330431406,0.08788000327470692,0.219898,0.323398,0.24717588300660998,-0.1787238479064281,2.502252979128981,-0.022213,0.16789274093748066,0.16935580836953895,0.268068,0.48142399999999996,-1.4141394131316198,0.04318907024754669,1.582868651396168,-10.281802437500001,180.91454023882332,181.20647430814552,263.452561,526.905122,-1.428338711025349,0.06661078291730417,1.4538805084413995,0.5285707759425666,0.10740044566878569,-0.11276393754639423,-0.997984662757215
245,0,A,125,4561,2022-07-12 00:15:43.548,-0.0009800625,0.08454861572970071,0.08455429583594497,0.182614,0.31389500000000004,-0.4017276158049192,-0.6362822791556823,2.1597246857133516,-0.008117875,0.16606379298400473,0.16626209199558992,0.291478,0.537078,-0.9857658894481443,0.35967389049460186,1.7531236164629243,-11.026860625000001,174.7659314385452,175.11345592736575,261.068375,513.792099,-1.4416627856618964,0.052737508673420995,1.4908527366868196,0.39207017102347647,-0.0147728094737585,-0.0713293475827814,-0.9986410911270301
246,0,A,125,4577,2022-07-12 00:15:45.148,0.04952425,0.09813730216099024,0.10992534472768326,0.232598,0.428631,0.6804615557868976,-0.5219387801543612,2.1159633438149523,0.010097124999999993,0.17614452779070194,0.17643368897088504,0.285597,0.5300389999999999,-1.5018238918676081,0.28484197669359845,1.618721467911545,-10.207296687500001,169.63203727555884,169.9388624650737,252.723724,503.063262,-1.4372087377820888,0.05376964853895883,1.487144966925623,0.6171005532624823,0.08851333940159427,0.0027054443308586968,-0.9990541300486646
247,0,A,126,4595,2022-07-12 00:15:48.726,-0.007295999999999999,0.04057987622732479,0.04123054657198956,0.100107,0.18685200000000002,1.2195443353629098,0.6783860743443519,2.4279813954251295,-0.0011634999999999996,0.05045865934852015,0.05047207183680892,0.101646,0.19436799999999999,-0.5777218035544927,0.07260756854383277,2.013905835461866,1.3411046250000007,82.2801954137797,82.29112418083113,110.864652,219.345118,-1.5897778867707957,-0.01875542794546539,1.3472249055241947,0.04090409718721765,0.04124155027862442,0.009998525397752967,-0.9781402211659218
248,0,A,126,4611,2022-07-12 00:15:50.326,0.016751750000000003,0.049434970434020696,0.05219614382188592,0.117943,0.215564,1.25676142341114,-0.8574570523696949,2.259611369040376,0.0027363749999999992,0.04714247659074961,0.047221825962683824,0.087886,0.16248800000000002,-0.5658388073583227,0.3345324818140218,1.8611309115714902,0.07450575000000104,82.99449476375626,82.99452820637003,109.672559,219.345118,-1.59676616524909,0.007437228235516298,1.3214432489729169,0.20715263070905535,-0.04841851974805356,0.3050556989809381,-0.9539789800671211
249,0,A,126,4627,2022-07-12 00:15:51.926,-0.0068276875,0.02240784353948063,0.023424960377501174,0.044885,0.08704500000000001,-0.2950725731752435,0.22636891940920922,1.9161185025145409,-0.0006504375000000008,0.0466877935505748,0.04669232416107063,0.084979,0.143278,-1.0831147200711873,0.4483768305767375,1.81997794127478,0.5960465624999998,83.90294270996829,83.9050598408516,112.056745,221.729304,-1.5818619754333403,0.025195806473770448,1.335518325266028,0.3269391882477112,-0.10384645849993136,-0.1289471291254003,-0.9707787991189963
250,0,A,127,4645,2022-07-12 00:15:55.785,0.01687325,0.10113445931500054,0.10253236282511001,0.18949,0.35232600000000003,-1.0968408150991733,-0.1092405991008164,1.8480994173831151,0.0166905625,0.16401110960121298,0.16485817829027316,0.264705,0.515938,-1.250654841990577,-0.21506956156521884,1.6056528268432162,5.885959375,110.3985871902179,110.55538237173393,165.700932,327.825585,-1.388133349158688,-0.08367836506915666,1.4988047478578965,0.3443172952683773,0.07783895167423141,0.05522319254085947,-0.9944463606236679
251,0,A,127,4661,2022-07-12 00:15:57.385,-0.018748749999999998,0.0715732977989173,0.07398819219561321,0.176653,0.252088,-0.742737556037977,-0.5169472915416022,2.3875836773110644,-0.009001812499999998,0.11434134691091558,0.11469514480433554,0.179181,0.339928,-1.481191128298684,-0.019160043654436576,1.5622370092968998,7.152558124999999,107.16412496333503,107.40255475028881,164.508839,321.86512,-1.3889993794699105,-0.06812065400270106,1.5317032204912018,0.3930750758262888,-0.17530965343622645,0.03589553116770694,-0.9967261748185369
252,0,A,127,4677,2022-07-12 00:15:58.985,-0.007961062499999998,0.07137651376631947,0.0718191146809991,0.140095,0.25471,-0.6306692930152966,-0.19735158245620088,1.9506645357891663,-0.0229804375,0.0994467745869422,0.10206743595994512,0.191776,0.338816,-0.46628296787316925,0.7760510822311624,1.8789146430136612,5.811453562500001,105.71542866521771,105.8750435673102,159.740467,317.096748,-1.401550718638172,-0.05647714697087239,1.5087641205875375,0.05141168478218864,0.13901983963281145,0.03262306146811807,-0.9986566751214463
253,0,A,128,4693,2022-07-12 00:16:03.804,0.0017518125,0.08687046622861731,0.08688812778402179,0.142805,0.27445299999999995,-1.239205700791321,0.22607510426737543,1.6435502023357094,-0.015115625000000004,0.14242487334068224,0.14322474180549252,0.255299,0.469219,-1.104432391067872,0.33082469375828427,1.782506267993213,4.9918895625,167.0782388696969,167.1527949667719,243.186979,483.989772,-1.479058454961999,-0.055979754893836,1.4548783288268847,0.45063290669419404,-0.02242384260752701,0.03683550349604291,-0.9834157078031637
254,0,A,128,4709,2022-07-12 00:16:05.404,0.010270312499999996,0.06922869531733097,0.06998636705950309,0.167695,0.28065300000000004,0.5339325182357433,-0.9572418995590607,2.3961095145490847,-0.0027994374999999972,0.15200741506295373,0.15203319073293667,0.237157,0.46409900000000004,-1.2888335585823385,0.23982395938408868,1.559902800544342,6.332994312499999,164.33636944059944,164.45835076966856,246.763258,483.989772,-1.438061444922753,-0.07556733383179547,1.5004604925511094,0.4049321729676973,0.2218737419675231,0.1019150482827467,-0.9934600882501898
255,0,A,129,4729,2022-07-12 00:16:11.955,0.0047976875,0.06810422052699702,0.06827300095160238,0.136479,0.229518,-1.1579141434570617,0.4045725527662659,1.9990186178683977,-0.0021596874999999962,0.07244520607476276,0.07247739049739925,0.137366,0.27373899999999995,-0.40181193894356104,0.3368796161038463,1.8952945057387127,2.1606685000000003,86.48655368343387,86.51353915084263,114.440931,226.497676,-1.5923787144907542,-0.03289261442394975,1.3228094945978794,0.6051047679711269,-0.18681572686314926,0.000923184802334833,-0.9481134959112353
256,0,A,131,4756,2022-07-12 00:16:29.364,0.0227844375,0.023575236960550233,0.03278600905779019,0.065454,0.097934,0.14445787168177837,-0.14458600216916861,1.9964003512787314,0.015776375,0.0410554624073871,0.04398232601426396,0.093288,0.14016699999999999,-0.8769086944147046,0.346058315681475,2.121033798206708,3.5017733125,80.20920357164538,80.28560738967967,108.480466,216.960932,-1.5308113949984947,-0.0778042412074382,1.3511819805195202,-0.6325715124317113,0.38013014504029247,-0.3614038550580367,-0.9961299942633433
257,0,A,131,4772,2022-07-12 00:16:30.964,0.003527875,0.03532447445977611,0.03550020278639264,0.075887,0.129688,-0.7485290873599646,0.28901045458321895,2.1376497609497536,-0.0018311250000000012,0.04241318696301158,0.04245269658249049,0.070903,0.1349,-1.3167080677629885,0.011543070916911535,1.670164811844809,2.011657,81.76350381992248,81.7882468377708,110.864652,221.729304,-1.5177224918597756,-0.05831010219390936,1.3555083558631968,-0.11080666869733877,-0.2574212057795805,0.15102203649577695,-0.997513921299672
258,0,A,131,4788,2022-07-12 00:16:32.564,-0.02151525,0.02377604418185456,0.03206565545096498,0.076882,0.10114600000000001,0.19645252868414564,-0.44172808559220067,2.3976431767492947,-0.008711250000000002,0.04140902862073077,0.04231540532566125,0.098828,0.173512,0.7441606576533863,0.6442047669216936,2.33550876422937,4.7683721875,82.71742786197402,82.85475390959411,113.248838,225.305583,-1.495651978015941,-0.07785266584781078,1.3668357294690658,0.1639797392719546,-0.17239178906432606,0.0949355617761478,-0.9960991733221561
259,0,A,132,4806,2022-07-12 00:16:36.267,-0.001969125000000002,0.05866645355724492,0.05869949085171011,0.125046,0.23320799999999997,0.003024381631556494,0.06138286818176131,2.1302740140608387,0.008306625000000002,0.0888169051271174,0.08920449907515875,0.144455,0.256436,-1.4207351096234448,0.27501064256331664,1.619368994811464,-1.8626453124999998,113.29350867824155,113.30881941043677,165.700932,329.017678,-1.4486479092978133,0.0254672362392718,1.4623833595846065,0.5418620623596255,-0.07181679952456868,0.016905027066842614,-0.9850201977401818
260,0,A,132,4822,2022-07-12 00:16:37.867,-0.005768187499999999,0.04542848910130452,0.04579322667232022,0.097162,0.151884,-0.47340214801625446,-0.7574820787691114,2.1217548327672158,-0.00637825,0.09871343119448081,0.09891927805665587,0.156296,0.279472,-1.3100707313799216,0.404364291899475,1.5800357935334068,-1.4901163124999992,120.39291303630677,120.40213434982165,176.429769,348.091166,-1.4737069031663164,0.004418272983478216,1.4653375536300144,0.13538598274078847,0.04467212013826484,0.03988639154616125,-0.9731401327785617
261,0,A,132,4838,2022-07-12 00:16:39.467,-0.0023046874999999994,0.05136546440912263,0.051417142262454654,0.107618,0.182538,-0.6079747430722948,-0.2783244134748194,2.0930373658394434,0.012973374999999999,0.09670652678844574,0.09757284859209041,0.199291,0.32515700000000003,-0.956902727964072,0.23912172056098557,2.0424841836190404,0.44703487499999905,126.41588435219809,126.4166747574377,181.198141,361.204189,-1.4850164624311915,-0.021166187528822614,1.4333405094515763,0.294166143024321,-0.0008520502953920831,-0.1708521044955973,-0.9613463793876397
262,0,A,133,4855,2022-07-12 00:16:44.325,-0.013820125,0.09361623881162057,0.09463084076689797,0.174894,0.342846,-0.3194376589265624,0.4118712086576208,1.8481712577278318,-0.004904687500000001,0.1848560023142063,0.18492105761935956,0.291525,0.540143,-1.439719205178474,0.2681405534866997,1.57648352087664,5.36441875,182.2752743286301,182.35419551000933,263.452561,525.713029,-1.4615333504882955,-0.0657605781326957,1.4447299129212479,0.6636012023477174,0.20146047082733842,0.04443847876446088,-0.9877026851964049
263,0,A,133,4871,2022-07-12 00:16:45.925,0.05116025,0.06867119829530063,0.08563354865574005,0.159221,0.219174,-1.159376858680894,-0.11559334175302047,1.8593296961228682,0.017628062500000003,0.1796810978210663,0.18054374955031677,0.296861,0.551201,-1.3132664389602509,0.16671134371936758,1.6442607442207027,2.6077034375000006,182.93735735313282,182.9559423264677,264.644654,523.328843,-1.499677197092089,-0.032888903370457974,1.4464938970266759,0.3395712616011382,-0.13646363639782827,-0.000895863642484234,-0.9671937333272115
264,0,A,134,4890,2022-07-12 00:16:52.351,-0.0001510625000000019,0.04857485018951262,0.048575085082915706,0.093706,0.16020600000000002,-0.8407266251189238,0.4665915932557496,1.9290959519689497,0.0007803124999999998,0.03648244600612525,0.03649078999127725,0.07505,0.13524,-0.5683654234638751,0.4213210090246641,2.056683344425811,1.639127937500001,83.20761877261907,83.22376200464026,109.672559,219.345118,-1.606144582414081,-0.018275785900707886,1.3178034296729466,-0.24230830964817182,-0.008396677510514226,-0.058985922266633184,-0.9446176155455864
265,0,A,136,4921,2022-07-12 00:17:09.540,0.006037437499999999,0.0793129478639591,0.07954240598848832,0.131892,0.255846,-1.2414080288514504,0.11042225390413024,1.6581344046732498,-0.0049481874999999995,0.10408073385311206,0.10419829038394776,0.196533,0.327383,-0.7659426211381737,0.7480673227033035,1.8861441898501325,-3.650784937500001,120.24894573040945,120.3043522900765,181.198141,354.051631,-1.4107770412876173,0.08416242104849472,1.5061644699528167,0.19011474437863277,-0.01657410336112617,-0.07739743424442987,-0.992626252935531
266,0,A,136,4937,2022-07-12 00:17:11.140,-0.009065812499999997,0.07507826484427663,0.07562363921626954,0.167153,0.267029,-0.7169136800008475,-0.3157191434258937,2.210327375570667,-0.0070016249999999974,0.10758504166813515,0.10781263350542458,0.186259,0.339781,-1.0160737618848414,0.5685434664286991,1.7276175708167671,-2.6077034374999988,120.50921116332391,120.53742195859566,178.813955,356.435817,-1.4467299000576244,0.07676712642967758,1.4834725357028309,0.35115786236633145,0.02788660671775526,-0.08842307332788982,-0.9859141471744001
267,0,A,136,4953,2022-07-12 00:17:12.740,-0.002885437499999999,0.08505926119107252,0.08510818799585325,0.147762,0.269516,-1.2439293480851799,-0.11127951447560175,1.7361666777255258,-0.0029251249999999976,0.11152952593196734,0.11156787849051805,0.19181,0.37179700000000004,-1.1108434855812634,0.3681618580765769,1.7192224374536402,-0.14901174999999922,119.69622908035848,119.69632183387799,171.661397,343.322794,-1.490362938913565,0.044379157406078534,1.434140952453346,0.3112169911962464,0.0007052306642030524,0.0055757694252999285,-0.9620453901205189
268,0,A,137,4971,2022-07-12 00:17:16.447,0.029356875000000004,0.08461269945232439,0.08956078951402226,0.16757,0.245616,-1.2863085761523863,0.1293689731585908,1.8710196829357346,0.0334714375,0.048235134081612056,0.05871086175647144,0.145085,0.19264199999999998,-0.15321034762643304,0.2665911621192348,2.4711781714566285,0.2980231250000007,83.64371981265519,83.6442507401495,109.672559,218.153025,-1.6208274499679007,0.005391262192995287,1.3111786886669645,0.09096111474938243,-0.050010195270019826,-0.27842064750176865,-0.939650314764857
269,0,A,137,4987,2022-07-12 00:17:18.047,-0.022622062499999998,0.055738724777380705,0.06015449402631943,0.101934,0.192926,-0.9530200872473245,0.17874280650011343,1.694536736613573,-0.0126250625,0.038642706283768403,0.04065280989135314,0.063433,0.12481800000000001,-0.6368912163048712,0.5944634434549618,1.5603595463518554,-0.596046499999999,83.11269737694072,83.11483463679086,109.672559,219.345118,-1.600542765044318,0.04324227905500809,1.3195304963219328,0.08156377904382617,0.014745678201796166,-0.04852124379745977,-0.9712434761774195
270,0,A,137,5003,2022-07-12 00:17:19.647,-0.025185,0.07621628070579803,0.08026958122243444,0.15786,0.313793,0.1170307473672807,0.33388657847407,1.9666229422893753,-0.016144437499999997,0.055615000813594294,0.05791088997492182,0.102075,0.186943,-0.9048414225210029,0.14617832334989717,1.7626218496072734,-2.0116569375,82.52900494461592,82.55351852454643,110.864652,220.537211,-1.5568755714248548,0.07172553434770837,1.3429427840442143,0.026640973909369415,0.28397142534158,-0.03497393600887799,-0.9903301908710983
271,0,A,138,5019,2022-07-12 00:17:24.527,0.0022865000000000008,0.03922281291385155,0.039289402325881725,0.098846,0.144402,0.24890237470801413,0.9503245388267038,2.515843819158471,0.0036030000000000003,0.05302074251295431,0.05314302160796844,0.109012,0.186614,-0.7700512434353088,0.2589404888491752,2.051294726976051,5.8114535625,86.57447444697544,86.7693068906229,121.59349,240.802794,-1.482990651762512,-0.0606436038235511,1.4013421837433224,0.13714165521131452,-0.16381915354050863,-0.11157158417986099,-0.9975244616842255
272,0,A,138,5035,2022-07-12 00:17:26.127,-0.0009164374999999997,0.08388112905100344,0.08388613513902342,0.131852,0.249579,-1.4618196000667976,-0.030438619067566813,1.5717972914294283,0.0019774999999999984,0.0651940556991203,0.06522404008300926,0.162122,0.24841999999999997,0.0121096150413873,0.8024177404784153,2.4856172631083684,5.8859594374999995,85.37569922605012,85.57835320241253,119.209304,236.034422,-1.4901971484592087,-0.06186468596291811,1.3929843183362332,0.3388215053499538,-0.05628463983873504,0.07504538155739711,-0.9977792194155792
273,0,A,138,5051,2022-07-12 00:17:27.727,-0.000835,0.044404810858453166,0.04441266094679534,0.08292,0.138442,-1.2782497355886409,-0.32973039914643687,1.8670351704288775,-0.0016378124999999995,0.04740035720622096,0.0474286442254309,0.116039,0.170571,0.1009308495801573,0.8594589787949578,2.4466016664625787,5.7369478124999995,84.27286128964806,84.4679094103057,116.825118,232.458142,-1.4929552090663751,-0.07338018544955563,1.383071024435068,0.3315163759222143,0.16405212162561364,0.03127499807334373,-0.9991076385602414
274,0,A,139,5067,2022-07-12 00:17:32.480,0.0008332500000000007,0.06238411489163327,0.062389679405932194,0.109698,0.21404299999999998,-1.0970277240327593,-0.03461276426939994,1.758271577038583,0.000731,0.047327662223059355,0.04733330722123693,0.106441,0.17385299999999998,-0.29380195394453734,0.6593000003143032,2.2487547616838266,3.3527616874999993,86.24591147991973,86.31105524749027,119.209304,237.226515,-1.5059737794920065,-0.08048684075694698,1.381159153461588,0.46832854587456574,-0.0543381844892487,-0.12111287082477443,-0.9926526108518057
275,0,A,139,5083,2022-07-12 00:17:34.080,-0.010898124999999998,0.06483116998392344,0.0657407767675436,0.106304,0.20939999999999998,-1.0911947095439996,0.3237053263161986,1.6170177054020234,-0.018552625,0.04030274594068468,0.044367907599412434,0.0903,0.130551,-1.023474934112691,-0.38416519373081354,2.0352548696976607,3.501773250000001,86.72268799414513,86.7933582068597,121.59349,241.994887,-1.4805447964580405,-0.07739583984741505,1.4009538576696055,0.2970649728266716,0.054607759581383766,0.07632013002333042,-0.9949451127920346
276,0,A,140,5102,2022-07-12 00:17:40.504,0.063817625,0.06669326003322507,0.0923075305405794,0.155109,0.265928,0.6305833291362819,-0.8625570281422894,1.6803504447756012,0.037658062500000006,0.18122134055915876,0.18509269014553897,0.3148,0.6139840000000001,-1.0736883042679737,-0.07044415404207935,1.700769488802998,-10.728837312499998,183.11534653303272,183.42938174128687,272.989305,544.786517,-1.4147147665209796,0.05914133187120528,1.4882528764395584,0.32513559172328665,-0.2457294011133831,0.160067220859856,-0.9986865112849916
277,0,A,144,5141,2022-07-12 00:18:06.304,-0.026358812500000002,0.062140675995295894,0.06750000451527763,0.110783,0.19926100000000002,-1.205397315148258,0.3055199689559995,1.6412295198428604,0.004883312500000004,0.1412189079805351,0.14130331458316006,0.238118,0.41892399999999996,-1.3343789778645507,0.2530494294523502,1.6851550913893276,-2.682209437499999,142.33754334409514,142.36281288559445,203.847909,406.503725,-1.479297881752612,0.03690012847665214,1.431890146507685,0.04633956219345643,-0.07823666158238096,0.16527974109704696,-0.9824932361861012
278,0,A,144,5157,2022-07-12 00:18:07.904,-0.0168370625,0.06173205934669273,0.06398698168231175,0.14591,0.260319,0.1961924619912656,-0.15805314777184726,2.280307590134927,0.0044420000000000015,0.13762856946597243,0.1377002341946084,0.243364,0.45869499999999996,-1.1788431763226226,0.16729596445575584,1.7673463042630675,-0.745058062500001,147.1721262516249,147.17401216566978,212.19256,423.193027,-1.499828555608759,0.005909546549585497,1.441780086562705,0.6655220920430461,-0.15743559969107718,-0.007231866080054345,-0.9650888602076451
279,0,A,144,5173,2022-07-12 00:18:09.504,0.039608625,0.06989436886909685,0.08033720168141283,0.154963,0.292699,0.5800194293081002,-0.6084655771543509,1.9289071159650923,0.013043312500000003,0.14852205256110906,0.14909368899432832,0.237857,0.409399,-1.494987501573135,0.346441899516176,1.5953525706178506,1.341104624999998,150.18768228557053,150.19366987968127,216.960933,429.153493,-1.4952790041037018,-0.029377318824461318,1.4445411259596053,0.20488127490991215,-0.20400622644443814,-0.06250493533304731,-0.9670712525824199
280,0,A,145,5191,2022-07-12 00:18:13.063,0.003320499999999999,0.07319572547372559,0.0732710034589059,0.13672,0.251952,-1.0449710901283966,0.08423779106836321,1.8659496055172702,-0.012497375,0.16427056375568136,0.16474526548128782,0.264697,0.49372000000000005,-1.2675193841215395,0.37587039149943624,1.6067047464260207,4.6193605625,153.49492592011677,153.56441897532292,225.305584,448.226982,-1.4558105760187696,-0.07981657643022899,1.4671730958471934,0.3155676860464012,0.02098035543810503,0.06843962570091564,-0.9896392636408669
281,0,A,145,5207,2022-07-12 00:18:14.663,0.018955375,0.08678015000122076,0.08882623866642672,0.173266,0.289531,-0.9727736599416605,0.29045287234125106,1.9506173243547307,0.008723124999999997,0.15665277789624216,0.15689546115925407,0.283259,0.49505899999999997,-0.905557754048568,0.5487294538516996,1.8053995820343252,2.8312208749999987,152.47137604972943,152.49766006775658,222.921398,438.690238,-1.4994200154063522,-0.0432143853063283,1.4618020886415786,0.5322401905338888,-0.059733961622072694,0.02611076685326827,-0.9743040916077488
282,0,A,145,5223,2022-07-12 00:18:16.263,-0.005072437499999999,0.09525677349995167,0.09539173192584617,0.20501,0.362646,-0.3060775347580966,0.17671625405829644,2.149138042271492,0.005772187499999998,0.15432935170205744,0.15443725892838328,0.278151,0.464542,-1.357894092372155,0.3375226018141956,1.8010614920910122,0.07450575000000192,151.32508819080374,151.3251065324631,221.729305,436.306051,-1.5167415327943838,0.0010105382797573198,1.465251273108692,0.4186559154288606,0.020146061574745515,-0.027352152039561428,-0.9497594297742225
283,0,A,146,5241,2022-07-12 00:18:20.724,0.0019368749999999985,0.04696043208898716,0.04700035815555026,0.080074,0.157561,-0.801827633144268,-0.37435786851366815,1.703689144984613,0.009543812499999998,0.06041696930418095,0.0611661224611917,0.158651,0.259785,0.4397046933983537,0.6219622290284417,2.5937723958333287,2.3096802499999995,83.42252741678068,83.45449480681532,110.864652,219.345118,-1.5982160073556515,-0.052747262822933697,1.3284443487032676,0.2149103970148735,0.211641269290125,-0.018156814984714043,-0.9749454154387693
284,0,A,146,5257,2022-07-12 00:18:22.324,-0.019937937500000003,0.031084681750962063,0.036929375723297846,0.086648,0.134309,0.5142494390450674,0.3158946059799377,2.346316402671705,-0.013079687499999998,0.05211574709806858,0.05373201392733665,0.096583,0.185864,-0.25125102512624276,0.6464493836055034,1.797494509150764,3.129244125000001,82.7409127937383,82.80006533049871,110.864652,220.537211,-1.5562865334821772,-0.07766123662421018,1.3389440160159383,-0.4328386637491616,0.07874154629181923,0.04748555800571857,-0.9920208712113194
285,0,A,147,5281,2022-07-12 00:18:28.872,-0.0457080625,0.08975085409166642,0.1007196246403227,0.207149,0.34477599999999997,-0.5229738921571117,0.10588715156441308,2.0566895551859385,-0.0402340625,0.11037918646956768,0.1174833800626178,0.189975,0.362896,-1.1620025894881878,0.3917551660445443,1.617037234532618,7.301569812499999,126.78210344676876,126.99218352368773,188.3507,375.509307,-1.4049794176601014,-0.05454347623272113,1.4831676625582795,0.04467499513952028,0.10129764725080762,0.06936070237718808,-0.998549883255164
286,0,A,148,5307,2022-07-12 00:18:36.700,0.0041148750000000005,0.0406260121487376,0.0408338714717941,0.077076,0.144766,-0.8046217019055768,-0.10198022102056759,1.8875506343609882,0.0058615625000000005,0.05665397248093989,0.05695639132540351,0.149352,0.229018,0.3719143356792305,0.6795400078741488,2.622216691129912,-0.22351737500000013,83.63811166684691,83.63841033408562,110.864652,220.537211,-1.612442574177221,0.026916182221475037,1.3255231843498911,-0.015088928286623896,-0.18752159750247183,-0.121759225318731,-0.95854110412791
287,0,A,152,5354,2022-07-12 00:19:09.428,0.026329125,0.06243502669062755,0.06775954088632094,0.128996,0.212147,-1.0741209555998654,-0.023017214923189366,1.9037319071629257,0.020228,0.04793840628087254,0.05203136343350998,0.144591,0.197309,0.6940267653522012,0.8826716168075095,2.7789200677927735,-0.5215406250000001,82.25870474560982,82.26035807756332,108.480466,216.960932,-1.6039619325555852,0.04107383817680673,1.318745365753377,0.2308366918436067,-0.30811672536720963,0.016043189227945967,-0.9694853506329666
288,0,A,152,5370,2022-07-12 00:19:11.028,-0.02253025,0.053440881598851825,0.05799603427067234,0.126089,0.19026900000000002,-0.9358030562898794,-0.2708002247462034,2.1740969289646963,-0.008355375000000002,0.05136638315069862,0.05204149891552894,0.088003,0.175964,-0.8679168424115762,0.1569502098219528,1.6910158591481366,-1.9371511875,81.66041223884524,81.68338559181652,109.672559,216.960932,-1.5631788332295133,0.07979684014946915,1.3426544236064035,-0.0989228029633773,0.11891130455440911,0.16576435695805206,-0.9889207060801635
289,0,A,152,5386,2022-07-12 00:19:12.628,-0.0019702500000000015,0.05958448014741338,0.05961704588035204,0.116632,0.215031,-0.7628904521683553,-0.28974203946359756,1.956353225452896,-0.013144937499999999,0.04273798682593266,0.04471381106338958,0.096927,0.192744,0.915424781654306,0.47077798270884524,2.1677194963898105,-2.756715249999999,80.7678427760257,80.81487428476511,108.480466,215.768839,-1.5316825319287397,0.08539316462112354,1.3423329177961774,0.12366241087544577,0.23098932729591815,-0.21749117112642116,-0.993787703096015
290,0,A,153,5404,2022-07-12 00:19:17.374,0.0012995000000000038,0.07840695117223345,0.07841771925002028,0.153191,0.277928,-0.9166086080002205,-0.2523830033689492,1.9535253188323298,0.0019999375,0.07677392498227242,0.07679996944782921,0.126713,0.20903699999999997,-1.3430424219813915,0.5391843816641515,1.6499095105249628,-3.129244250000001,100.346582082996,100.39536197113695,145.43535,287.294421,-1.446430075129707,0.07889977081803864,1.4486261829686093,0.1374033278350237,0.04325387188062986,0.05585863236657299,-0.990351893784491
291,0,A,153,5420,2022-07-12 00:19:18.974,-0.005315062499999999,0.0902205996013859,0.09037702408141408,0.169469,0.332128,-0.9260821373910235,0.08853676894111673,1.8751336606009257,-0.0007966250000000005,0.06602357975552654,0.0660283855256586,0.120684,0.196831,-1.1219487514475932,0.6425279195286683,1.8277593649946546,-4.246831375000001,97.7933875004517,97.8855567259092,143.051164,284.910235,-1.4220103185925426,0.08467657198546534,1.461412375684389,0.2159377729439794,0.011390672703919406,0.09384059406696287,-0.9945627696099933
292,0,A,153,5436,2022-07-12 00:19:20.574,0.0013569374999999944,0.08637954195328078,0.08639019937144202,0.152485,0.274148,-1.2396413016405878,0.26637690249276336,1.7650729030544052,0.0027364375000000006,0.061300420661249085,0.061361467252971556,0.124283,0.191109,-0.7631863835563828,0.7668104529059062,2.0254241882389366,-5.3644185625,94.7132733887431,94.86506808369711,138.282792,274.181398,-1.4204082467460892,0.07910549201975622,1.4576787303625451,0.45023052197575264,-0.1602492626885727,0.07017291301073947,-0.9964251814409832
293,0,A,154,5454,2022-07-12 00:19:24.471,0.0216471875,0.02804325352294815,0.03542632911850309,0.099691,0.11522400000000001,1.331386850923563,1.0939114959893272,2.8140369742099987,0.0158645,0.04091891742519589,0.04388667409932086,0.10323,0.152032,-0.5502049628619639,0.4176455554163951,2.352194649482392,-3.4272675624999995,83.30149911177219,83.37197321170675,115.633024,230.073955,-1.5018028286036857,0.05609295807049655,1.386953187570272,-0.1034802619700161,0.10851558148278703,-0.21698171781405148,-0.9980495621091937
294,0,A,154,5470,2022-07-12 00:19:26.071,-0.0032760624999999995,0.05500489221590743,0.05510236613057102,0.10234,0.18510300000000002,-1.1183464229159632,-0.1460568743454292,1.8572705164328933,-0.002641937500000001,0.05148454702805099,0.051552288178484375,0.107997,0.190416,-0.33562226493174174,-0.278246435954901,2.094902162753527,-3.2782557500000005,84.07795497642753,84.14184139761016,119.209304,234.842328,-1.495932618319495,0.05128726122594997,1.4167660467124723,0.1482464934077739,0.26564535155708735,0.03145613230277798,-0.9981427574489297
295,0,A,155,5501,2022-07-12 00:19:32.476,0.009911625,0.07068116690098131,0.0713727375447026,0.144539,0.24798900000000001,-0.986641430133929,0.26918422141493775,2.0251289914369823,0.003437562499999998,0.1968750608136315,0.19690506952923406,0.293154,0.5613170000000001,-1.4541672067565454,-0.05773181576211918,1.4888087985793383,0.9685754999999983,180.18813485527218,180.190738055875,256.300003,509.023727,-1.5121681110576475,-0.0033857566913230927,1.4223816704747858,0.6457787222496466,0.20253708433831258,0.001174301589562246,-0.9540470398280549
296,0,A,155,5517,2022-07-12 00:19:34.076,0.02392225,0.0945902015171894,0.09756833640133974,0.252725,0.38952,0.2518031721302738,0.7473329959153936,2.5902358215931387,-0.004711937499999997,0.1869840743540973,0.18704343457353026,0.314734,0.623714,-0.9849622056323466,0.20515168299494405,1.682678682187437,-1.6391278750000007,180.07899763307157,180.0864573717924,257.492096,512.600006,-1.5003648331001407,0.03434256950000692,1.4298248727743141,0.5121950216925151,-0.11057750686403321,-0.06197224675297004,-0.9666510846897148
297,0,A,156,5535,2022-07-12 00:19:40.568,0.007998500000000002,0.07588221496586009,0.0763025985820601,0.169182,0.281788,-0.6006610226379943,0.1116234100131347,2.21725082951208,0.0045296250000000015,0.11220919279624275,0.11230058081161023,0.178873,0.31503000000000003,-1.4649445241970125,0.39081555585873157,1.5928056534281714,2.9802325625000012,117.13641078538866,117.17431680112286,172.85349,343.322794,-1.4678046227772275,-0.04898018072542292,1.4751824010493704,0.3186185303202262,-0.09409821704017818,-0.07260100874884211,-0.9744580782829456
298,0,A,158,5560,2022-07-12 00:19:57.844,0.003266,0.0829905949407823,0.08305483492624015,0.175953,0.328064,-0.40280395236225,-0.2326031675057415,2.1185160401108667,0.0021600625,0.11010882174493829,0.11013000724626554,0.203573,0.335988,-1.1878124187133863,0.49738488235718475,1.8484789485647026,7.599593187499999,112.84018177343287,113.09580204091073,171.661397,343.322794,-1.3962921676788544,-0.07266310162691587,1.5178405732328069,0.13234549254482195,-0.1047115162607391,-0.0012802075078158662,-0.998994789311881
299,0,A,158,5576,2022-07-12 00:19:59.444,-0.010022375,0.10090636016926473,0.10140286743110374,0.189089,0.323091,-1.459743489569468,-0.09754508354296954,1.8647303058611526,-0.004287875000000003,0.11410844203863435,0.11418897677315443,0.214507,0.355528,-0.8602781423080006,0.7875971900532008,1.8785263346928434,5.5134303125,112.26095481799715,112.3962627957851,168.085118,330.209771,-1.3966127165984836,-0.09977233140113406,1.4954689223555149,0.4258962772666334,0.029574503794424063,0.033885732702939056,-0.9953691052459027
300,0,A,158,5592,2022-07-12 00:20:01.044,-0.001679125,0.0742138814170528,0.07423287449472774,0.132095,0.240224,-1.0751240373837172,0.3450546619409937,1.7794676671099652,-0.011247499999999999,0.09713361273910284,0.0977826415065578,0.178653,0.326634,-0.7372514860908312,0.641718736856918,1.8270420725750043,4.0233139375,111.1246172660304,111.19742630817235,164.508839,323.057213,-1.4396376528828072,-0.08555760769261839,1.479430275158352,0.11021420591724461,0.04460757334067668,0.10615332128704318,-0.9901310102645996
301,0,A,159,5610,2022-07-12 00:20:04.636,0.035783375,0.05805268155076365,0.06819504206043867,0.148831,0.215644,-0.714731148415233,-0.17204381481704834,2.182431383620187,0.022731750000000002,0.03008746813355188,0.03770925876691293,0.100987,0.127463,0.8226080717209725,0.7059315906670734,2.6780425630802527,-1.0430814999999987,84.67414563987874,84.68057013777741,110.864652,221.729304,-1.5867662752577112,0.055340430392447446,1.3092100327102243,0.31606112357214766,-0.10239820538917874,0.1281902659585632,-0.9793999544410059
302,0,A,159,5626,2022-07-12 00:20:06.236,-0.02330675,0.05615218976529321,0.060796981923447485,0.09858,0.165463,-1.4249383561058726,0.21091076815202564,1.6214620673790519,-0.008349937500000001,0.039747374244201265,0.04061496295163274,0.071321,0.125896,-0.843883195886153,0.6986030576019908,1.756027700552977,-2.2351743749999993,84.54712892693438,84.57666944420501,113.248838,225.305583,-1.5403854608665066,0.08005694350008785,1.3390080118336882,0.4179416788853572,-0.002511654799516387,-0.3739189702462426,-0.9911359971507891
303,0,A,159,5642,2022-07-12 00:20:07.836,-0.015747124999999997,0.046571020957075604,0.049161284958288066,0.086138,0.16840300000000002,-0.38077181980264196,0.6824487243955617,1.7521511098232199,-0.022264625,0.0434217185099735,0.04879712250481579,0.080404,0.136546,-1.1904087731698825,0.3672382293712315,1.6477201087433984,-2.6822093750000002,84.1687541059706,84.21148030335699,113.248838,224.11349,-1.5216747455694097,0.08533861957534683,1.3448147163788247,0.640841132196279,-0.14379716617017094,-0.23968281057211435,-0.9941714292687727
304,0,A,160,5660,2022-07-12 00:20:12.569,0.0005464999999999984,0.09822914903492241,0.09823066925545708,0.166638,0.312851,-1.2315109523230183,0.15320271192720447,1.6963948353710585,0.013649375000000004,0.19279184069511182,0.19327441443838345,0.32151,0.578938,-1.2685059666874818,0.16857663745231707,1.6634897119426975,3.9488081250000002,173.39715386029735,173.4421115313686,247.955351,489.950237,-1.489016144327036,-0.05453707616484937,1.4296144622014417,0.6087311845078177,0.0313409941542136,-0.045887304056393116,-0.9814166700992911
305,0,A,160,5676,2022-07-12 00:20:14.169,0.0057803125,0.07300966699581532,0.07323812864510876,0.13738,0.2558,-0.5585948051771874,-0.16017409818512002,1.875798884290239,0.004942187500000002,0.20436754729690412,0.2044272966250777,0.305838,0.606526,-1.4901359272384955,0.010047419966842483,1.4960722224924339,6.407500125,172.56080708749028,172.67972724248182,249.147445,495.910703,-1.4500594719583757,-0.07559068333780862,1.4428297344374423,0.6744657172158464,-0.07075370604580478,0.01601377822697424,-0.9924653223506859
306,0,A,161,5698,2022-07-12 00:20:20.537,-0.0009251875000000007,0.09091403382056779,0.09091874128823771,0.161463,0.315836,-1.0378999430374631,-0.04305701369324011,1.775904480332799,-0.0022434375000000024,0.11865887789898442,0.11868008390653631,0.230545,0.36876600000000004,-1.1956297409794783,0.5649233188800787,1.942575303380812,-6.92904075,108.98708440435405,109.20712510032006,163.316746,323.057213,-1.4126166465568346,0.049317042411323134,1.4954770199286325,0.38872084013174163,0.13267482041472953,-0.007894760290370098,-0.9991710887033542
307,0,A,164,5739,2022-07-12 00:20:45.131,0.0280391875,0.06251283000734605,0.06851313707010868,0.168931,0.24989699999999998,-0.09031832880499557,0.5293483106580217,2.4656731135684957,0.0030801875000000005,0.04510181687196586,0.04520687381568758,0.108241,0.170265,-0.4029330721211104,0.6673606219413187,2.3943482675070196,-0.44703493749999934,83.27697249127814,83.27817233554326,110.864652,220.537211,-1.6043377730638675,0.03869470388948454,1.3312570255901592,-0.1592782410376605,-0.2665875870175283,-0.2626835518354048,-0.966144627920458
308,0,A,164,5755,2022-07-12 00:20:46.731,0.027613500000000003,0.06194491650551319,0.06782092643959532,0.123223,0.237283,-0.3773789912936878,-0.49418509848514997,1.8168875960393804,0.028384562500000002,0.06407993553949703,0.07008510203361695,0.116995,0.225817,-0.36190055256997367,-0.6885786990053447,1.6693276688658067,0.5215407499999998,83.47946811164553,83.48109726732844,109.672559,219.345118,-1.6199365534307861,-0.002976361639237271,1.3137412251398615,-0.1424100511581428,0.10680559140022963,0.4505877981355085,-0.9456088391133494
309,0,A,164,5771,2022-07-12 00:20:48.331,-0.0463650625,0.0731689202543238,0.08662222527626787,0.158826,0.24143799999999999,-1.0480301477601466,0.288528179815679,1.8335479086741264,-0.020123,0.0393500770218433,0.04419687421781092,0.134174,0.175363,2.1033964180120286,-1.1483459826171014,3.035825550439699,2.086162812500001,82.98596651414306,83.01218412719142,110.864652,219.345118,-1.603075185534529,-0.045591635837471604,1.33552264846005,0.3207461824815287,0.4253585234092155,0.11775013363644891,-0.9703643425488668
310,0,A,165,5789,2022-07-12 00:20:52.436,-0.036497625,0.09345454613866773,0.10032860421945976,0.202176,0.325998,-0.9443591180592574,0.10796015200910003,2.0151381709423393,-0.0017331250000000046,0.1639287837606147,0.16393794517286106,0.283203,0.495604,-1.266550049790437,0.1453934512767653,1.7275012182285332,1.3411046875000032,154.12377378059898,154.12960846688765,221.729305,438.690238,-1.4975457819400622,-0.02188297245231742,1.4385899452124742,0.29372813966983136,0.2474044103733418,-0.11473077676589734,-0.9624581541015348
311,0,A,165,5805,2022-07-12 00:20:54.036,0.019837312500000003,0.06511588491750568,0.06807053280100356,0.172221,0.23608,-0.43437752780727656,0.4840324262513759,2.5300374907225787,0.0021014374999999974,0.1650499575635998,0.16506333490909633,0.289799,0.5248729999999999,-1.2915915843678059,0.2836623012428645,1.7556836602119912,3.4272674374999976,154.024622306567,154.06274838119944,222.921398,439.882331,-1.4745245653593404,-0.05431930609129011,1.4469519747137234,0.6464952348809901,-0.3085512116009308,-0.05564870840654473,-0.980796613692957
312,0,A,166,5832,2022-07-12 00:21:00.416,-0.007374375000000001,0.10554460844050431,0.10580191764566463,0.208258,0.359388,-1.0500553431033774,-0.0824058737109235,1.9683764210915855,-0.008047750000000003,0.11841639220062608,0.11868954554582724,0.224153,0.350328,-0.8948277095455781,0.8249261337739302,1.888565660683672,3.2782559375,134.2802324367947,134.32024339343403,197.887444,393.390702,-1.4601743064774197,-0.049350982563743664,1.473251082641154,0.5340736605664168,0.019250349083280844,0.07065764120958525,-0.9776830648200119
313,0,A,166,5848,2022-07-12 00:21:02.016,0.001955937500000001,0.05990601087585948,0.05993793315224091,0.100708,0.192438,-1.2418657052415867,-0.18295937424785952,1.6802047502072535,-9.624999999999911e-05,0.11158543587902724,0.1115854773900932,0.199062,0.327088,-1.224737459861752,0.5411467206161485,1.7839418233978281,1.0430814999999996,135.8102651364523,135.814270735623,199.079537,398.159074,-1.4930727799229657,-0.007264418417713109,1.465821934040566,0.1408146995037348,0.08030370870821693,0.03900331340891545,-0.9528709057536646
314,0,A,167,5864,2022-07-12 00:21:08.408,0.06994918750000001,0.05800315650917063,0.09086943929032192,0.13731,0.171786,-1.194911532520611,-0.5331940257046698,1.5110690796858943,0.019022749999999998,0.08643796140838526,0.08850641891975972,0.243994,0.340098,0.5399923763209333,0.829416687927329,2.75679439952492,0.8195639999999997,83.9418033427491,83.94580414519156,110.864652,220.537211,-1.6120009965387667,-0.014987270840041561,1.3206693667291574,-0.332407098372087,-0.3598331302144515,0.44040897506316523,-0.9549300387882066
315,0,A,169,5890,2022-07-12 00:21:25.804,-0.052157562500000004,0.07029885244348653,0.08753479297292306,0.185227,0.28533,-0.3249322511290287,0.1991949781780839,2.1160385911610695,-0.027249937499999995,0.07040622521257331,0.07549566638183612,0.134926,0.258185,-0.38376091981971827,0.6348219050842836,1.7872019212014334,-3.9488081249999993,80.66991288310308,80.76650252533848,110.864652,220.537211,-1.5310780607278456,0.07460194601079057,1.3726563430825667,0.37438984598833513,0.07360065465165606,-0.1297151427945442,-0.9972353648945755
316,0,A,169,5906,2022-07-12 00:21:27.404,0.005244375000000002,0.06305550886210795,0.06327322235353594,0.142814,0.242381,-0.47332464532299623,0.2334763038719294,2.2571001552921386,0.007204625,0.04522282807094637,0.04579313049055502,0.086134,0.162306,-0.8497742690577308,0.05598072847957988,1.8809371422590428,-3.799796562499999,80.9189059766308,81.00807242720445,110.864652,219.345118,-1.5320353787060137,0.07640615464521411,1.3685630169712444,0.43012075490161156,-0.1609981524054503,-0.05684886959620854,-0.9988112842786184
317,0,A,169,5922,2022-07-12 00:21:29.004,0.0484301875,0.06700691529817906,0.08267653693196456,0.167451,0.228825,-1.0964616590488392,0.1883691972390395,2.0253751089961263,0.01928725,0.04760119216928815,0.051360213283240946,0.100008,0.153724,-1.1927235780516385,-0.003304917361485249,1.9471881755723361,-2.6822093750000002,82.2333606699285,82.27709191629151,110.864652,220.537211,-1.5350138035621428,0.08427873191802994,1.3474546732010582,0.3499992103123685,0.1030447720863073,-0.05440969910938404,-0.997435797766198
318,0,A,170,5940,2022-07-12 00:21:33.358,-0.013578062500000002,0.06319865580697578,0.06464080659353269,0.15099,0.258582,0.10159628641295582,-0.1561130823168425,2.3358310014514356,0.017281937499999997,0.19055505588886534,0.1913371231323459,0.303659,0.591164,-1.3704782728934877,-0.032246473392699426,1.5870365093237147,-4.395843000000001,164.45036774969165,164.5091088319716,236.034421,472.068842,-1.4616926427677768,0.07313325602977643,1.4347802542720225,0.3689526402064237,-0.07303198833653667,0.08093936915860594,-0.9900465951796271
319,0,A,170,5956,2022-07-12 00:21:34.958,-0.0009657500000000013,0.10911133606751179,0.10911560993505924,0.230349,0.412362,-0.5902189745741335,-0.18009316768978684,2.111054505740228,0.006575749999999997,0.19531653162638973,0.19542719364158356,0.366785,0.6464890000000001,-1.0873084711155738,0.42554377344913624,1.8768370622600725,-2.3096802499999987,167.22449620543787,167.24044592747217,237.226514,472.068842,-1.5012960001790048,0.043072322190534945,1.4184757322572494,0.49615571760587296,-0.0825929065546687,0.027128477647619414,-0.976370964878252
320,0,A,171,5982,2022-07-12 00:21:41.500,0.0020190625,0.08635699414311267,0.08638059417955228,0.160971,0.312147,-0.7081527291485101,-0.07173021582406569,1.8635088300666554,0.00602775,0.11933836538887022,0.11949049846640528,0.226632,0.377882,-1.086988556422779,0.6112297938432942,1.8966528963281337,6.332994124999999,131.4702973141588,131.62274078008176,201.463723,401.735353,-1.3813774691153216,-0.077150378660425,1.5306148603652778,0.35029828341343283,0.028823511648752825,-0.06833527898934702,-0.9967870012561306
321,0,A,172,6009,2022-07-12 00:21:49.428,-0.02911975,0.05028237792395562,0.05810574300144521,0.137788,0.213555,-0.0181577872162908,-0.08244967559099681,2.3713318663969742,0.005232375000000002,0.19190360562170106,0.1919749244009488,0.28843,0.56537,-1.49928730775751,-0.09127036356520746,1.5024358045720607,10.281802437500001,162.55679949922737,162.8816396184536,243.186979,485.181865,-1.4114986645069152,-0.053072818255931055,1.493028800358713,0.5247542072446171,0.025062995589656235,-0.05721964511627844,-0.9988990744051977
322,0,A,175,6052,2022-07-12 00:22:07.078,0.0306750625,0.06750937056482303,0.07415169973397441,0.162924,0.251656,-0.6039351827458677,-0.1085894977945373,2.197171482036202,0.0187779375,0.13841231293515252,0.1396802753033244,0.242833,0.398715,-1.3203144795599266,0.41777234972463306,1.7384917052366415,3.0547385,135.38850529990228,135.4229625825881,196.695351,389.814423,-1.4663980121016682,-0.05733672482772093,1.452451986346442,0.45202337214730903,-0.2349364977195553,0.03136552952835721,-0.9802187092110781
323,0,A,175,6068,2022-07-12 00:22:08.678,-0.011630937499999997,0.06052952173058692,0.06163685348930865,0.103446,0.19896599999999998,-1.1807486224846082,0.013594874524456235,1.6783140952830022,-0.017001062499999997,0.15148784367048596,0.15243884972690688,0.238281,0.42110400000000003,-1.2192100493763698,0.534390818669924,1.563125151015497,1.7881396249999995,136.36314675415042,136.37487025112966,197.887444,392.198609,-1.4975616669279,-0.017318825314602514,1.4510550487461291,0.35622806606672247,-0.02928070356902795,-0.1319626076858547,-0.9623376071075045
324,0,A,175,6084,2022-07-12 00:22:10.278,-0.030075,0.0760388223664399,0.08177046001995464,0.138982,0.261704,-0.9207978262000598,0.44582163282229437,1.699660243639132,-0.0245191875,0.13821194046744784,0.1403699791388369,0.256574,0.414542,-1.2189283707164593,-0.3368868703682282,1.8278409783492826,0.6705523124999999,139.506701794818,139.50831332243996,200.27163,395.774888,-1.5034939226991155,0.022952714663907324,1.4355533747807574,0.3413523731316309,0.09896136056503474,0.05908988711657981,-0.961400805763408
325,0,A,176,6102,2022-07-12 00:22:13.849,-0.006840187499999997,0.0919658951909747,0.09221992216062916,0.200021,0.373954,0.00976820284593316,-0.3194013556557011,2.168956504339728,0.003315187499999997,0.14466948475716068,0.1447074645208826,0.259007,0.45589,-1.241965846749225,0.3444646482358113,1.7898662025318186,-3.3527617500000026,158.60730570695807,158.64273836193297,233.650235,458.955819,-1.4717733980010275,0.07110854940078429,1.4728076268258958,0.4466100631070871,-0.06981748924068418,0.06469045903849761,-0.988545253261082
326,0,A,176,6118,2022-07-12 00:22:15.449,0.008267500000000002,0.08413980068760563,0.08454500349518,0.131595,0.252917,-1.0452313475702488,-0.41526542171296593,1.5565083039768561,0.0037409999999999987,0.1370546557148826,0.13710570277754677,0.248823,0.43515899999999996,-1.2065728011696089,0.21882473637435892,1.8148260426753648,-0.596046499999999,159.13046722442314,159.13158351029304,232.458142,463.724191,-1.513645121725133,0.03143872857887381,1.460791986557238,0.5186559864413037,0.015996112622518537,0.010626204047450408,-0.9657572836086361
327,0,A,176,6134,2022-07-12 00:22:17.049,-0.0015736875,0.06813397413342952,0.06815214540689457,0.12694,0.24501499999999998,-0.7536367260288168,-0.24200522865679475,1.8625972703004328,0.0033044999999999993,0.14944513035726523,0.14948166010501088,0.255011,0.48370599999999997,-1.324041933250586,0.12800122771305483,1.7059684768074876,1.4901163750000022,158.2655035087678,158.27251829580155,228.881863,452.995354,-1.5185927698781074,-0.013497889928048207,1.4461251104391601,0.4441012630468769,0.06070870927137655,0.04120596893182516,-0.9576719394189571
328,0,A,177,6152,2022-07-12 00:22:21.169,-0.038792625000000004,0.05235731615647783,0.0651625376232387,0.122189,0.21092100000000003,0.16976268038847042,0.5264960407627806,1.8751418292897197,-0.015130749999999998,0.06771872323765045,0.06938850821641866,0.130211,0.22839399999999999,-1.0053138472375898,-0.00750676546772891,1.8765499265941785,-3.7252908124999995,80.47607534793481,80.56225229624715,109.672559,219.345118,-1.541220778207171,0.06057599139880977,1.3613392857576414,0.2267524780651026,0.5547758916803308,0.09512939597697728,-0.9976571993810329
329,0,A,177,6168,2022-07-12 00:22:22.769,0.034071437499999996,0.05616128726708545,0.06568830216113444,0.171271,0.24598,0.5932488314501154,0.40336126151543583,2.6073287688250724,0.022236375000000003,0.06659857531403637,0.07021272396795328,0.13633,0.220356,-1.06974184453454,0.13750193018152582,1.9416708581513544,-3.650784875,81.0858456558924,81.16798997101463,110.864652,220.537211,-1.5336055968291116,0.061459997924170735,1.3658666678772031,-0.28340907863287584,-0.12727240980066162,-0.3161324123834844,-0.9976056869088966
330,0,A,178,6198,2022-07-12 00:22:29.076,0.031248812499999997,0.15437740943351247,0.15750832621186253,0.351699,0.588644,-0.48057126608928513,0.24573173516996238,2.232891482364773,0.0453555,0.17276243029699775,0.17861684887595292,0.339932,0.5833200000000001,-1.1500144913359818,-0.0755864818687555,1.9031351305277946,7.599593125,121.50498187232634,121.74241017599374,185.966514,370.740935,-1.3817424484065919,-0.05969258325744961,1.5275409262159534,0.11614126976861795,0.2316973206087426,-0.061479960463841465,-0.998690551969798
331,0,A,178,6214,2022-07-12 00:22:30.676,0.005609687500000002,0.1372727793158201,0.13738735216510106,0.315948,0.559785,-0.09803130558147588,0.251152223936132,2.2996876715428587,-0.009821374999999997,0.18617596024926092,0.18643483467856806,0.282961,0.533445,-1.4012402443645835,0.27631316561751684,1.5177474772236237,8.1956396875,122.82020854506652,123.0933472489109,182.390235,356.435818,-1.4101597626725773,-0.04282099432471937,1.4817229287882066,0.5184854260956464,-0.09526051091976444,0.10012486122194475,-0.9992795961374371
332,0,A,179,6230,2022-07-12 00:22:37.072,-0.00799925,0.08548706734318065,0.08586050712347325,0.187729,0.341927,-0.4148145173094213,-0.18956958282802994,2.1864417796884537,-0.0009661250000000017,0.15200006310602102,0.15200313346030075,0.277211,0.46937799999999996,-1.1909973705442525,0.38265649674904617,1.8237189832168839,-7.674098937499998,161.5329879585884,161.71517551959062,241.994886,482.797679,-1.3963473228450225,0.07848593211372232,1.4964265735882287,0.45010178466211137,0.22446475739240515,0.03155079817901536,-0.9967287575078877
333,0,A,181,6257,2022-07-12 00:22:53.936,0.0196085625,0.10505968686416352,0.10687391415734945,0.197317,0.37103600000000003,-0.9190687439459637,0.11013232146390545,1.8462596935440396,0.0029593749999999976,0.20235866622623153,0.20238030461793954,0.34979,0.610749,-1.1973766974510358,0.38881328198760134,1.7283796496914337,10.505319875000001,172.41114010470804,172.7308975773626,255.10791,507.831634,-1.419822009215605,-0.061682132188242506,1.4769095371934973,0.6702891620113239,0.10609686464938557,0.06293847675640778,-0.9985132044797151
334,0,A,181,6273,2022-07-12 00:22:55.536,-0.013558500000000001,0.07085686225677088,0.07214241367687249,0.14898,0.261295,-0.5286565498168692,-0.2823123760564431,2.0650820010997246,-0.006014750000000001,0.20836565718752095,0.20845245096364304,0.336254,0.658467,-1.3701099186294239,0.06550406588166689,1.6130968882618093,11.175872124999998,172.7799320938714,173.14099760633576,253.915817,498.294889,-1.4383486558534746,-0.0465966064341881,1.4665262445658245,0.6717148456704368,0.06339451646603017,0.023740077751656003,-0.9990734107188889
335,0,A,181,6289,2022-07-12 00:22:57.136,-0.0073014375000000015,0.09257070657271173,0.09285820752597748,0.185583,0.330596,-0.7605067251054143,0.14195030051314894,1.9985632389908277,0.003211312499999999,0.19857338169953656,0.19859934654364425,0.330239,0.610987,-1.2777835614788755,0.23560100642234233,1.6628403151740814,11.101366437500001,173.6049916152511,173.9595741846681,257.492096,511.407913,-1.4323013886002807,-0.05480741694741436,1.4801835265856498,0.4674351358528911,-0.019143740968095038,-0.04063481529611176,-0.9989997174184015
336,0,A,182,6307,2022-07-12 00:23:01.103,0.007783812500000001,0.07210817764842864,0.07252707784553643,0.113765,0.214452,-1.4614334789118977,0.04750342295802684,1.5685865662792797,-0.0012185625,0.07048662772910258,0.07049716010725184,0.136634,0.22195700000000002,-0.7304711418127843,0.8151469596457546,1.9381489948265997,5.513430375000001,96.45450378022703,96.61195171400796,141.859071,277.757677,-1.4159404258588635,-0.0894460961925711,1.4683387353557786,0.469652406140579,0.01625915286235388,0.045594850581504885,-0.9947572576706017
337,0,A,182,6323,2022-07-12 00:23:02.703,-0.0005175624999999989,0.06264857554143663,0.06265071339029189,0.132953,0.2537,-0.3387218793307052,0.0014914454501414598,2.1221306638880484,-0.0019039999999999986,0.0607091563131131,0.06073900621717481,0.147181,0.227168,0.06281666734870583,0.8343944630499112,2.423171025777872,6.4075000000000015,94.37590112315593,94.59316449436346,138.282792,275.373491,-1.4199560315459192,-0.07631716185347082,1.4618687591135602,0.4427579237338818,0.01461254347279892,0.05516158268681383,-0.9965387261254349
338,0,A,183,6354,2022-07-12 00:23:09.220,-0.0153495625,0.0350922955450494,0.038302457826652585,0.080253,0.132118,-0.6910499828928627,0.13317395223383255,2.0952441319354795,-0.0116933125,0.04961218116390211,0.050971581072814486,0.092762,0.175113,-0.5629952774552187,0.5885802574957057,1.8198768421071068,4.842877937500002,82.31860832978607,82.46094071783469,112.056745,222.921397,-1.5281003295787912,-0.05484266408373181,1.3589069446034627,-0.010192790298091033,0.08037259611416427,-0.24559706864479663,-0.9980445470599857
339,0,A,183,6370,2022-07-12 00:23:10.820,-0.003224249999999999,0.05411402841974066,0.054209997785233305,0.108999,0.17569200000000001,-1.0977664069127413,-0.33322419420013,2.010680768367253,-0.0079951875,0.038706465970201206,0.03952358196143791,0.067455,0.133219,-0.690289289060801,0.47002142665507385,1.7067025975989225,4.917383812499999,82.4301032021771,82.5766466834359,113.248838,224.11349,-1.523337401242379,-0.05610851936242481,1.3714390514566228,0.3451997532848839,-0.0552165983355262,0.1957582289094982,-0.9979496192312375
340,0,A,184,6386,2022-07-12 00:23:17.204,-0.0079035625,0.036421207079407644,0.037268896218059636,0.064929,0.124625,-0.7607823111014804,0.3058574973470344,1.7421766295438856,-0.003417937499999999,0.046565196655427035,0.04669046836681444,0.09523,0.167813,-0.4755769273471504,0.5401283619539631,2.039602585517976,5.215406937499999,81.11257477947446,81.28007293844881,112.056745,220.537211,-1.5229071001054972,-0.06202561536775848,1.3786496609674248,0.30935538905227505,-0.05688633128998695,-0.06460378919950481,-0.9974142219390215
341,0,A,184,6402,2022-07-12 00:23:18.804,-0.004189562499999999,0.03977510906485479,0.03999514639381259,0.080336,0.14388,-0.7082852180102073,-0.014152246297631232,2.0086437291408017,-0.0094096875,0.05606115679964911,0.056845364987503595,0.119551,0.20076,-0.8418391568839212,-0.2004977390901675,2.1030914310477393,5.736947687500002,80.9112222265431,81.11435416103707,110.864652,221.729304,-1.519719420057151,-0.07683607991908242,1.3667698294176072,-0.11344155763620478,0.04492989981323542,0.016385644782596194,-0.9968486459844496
342,0,A,185,6419,2022-07-12 00:23:25.144,0.002069124999999998,0.06508549097425151,0.0651183723201448,0.104126,0.203848,-1.216595758520668,-0.02188228749956367,1.5990264542866643,-0.014930375,0.10493239574058803,0.10598926253871192,0.182115,0.320741,-1.0188640471193355,0.5989400574520987,1.718240089966506,4.023314062500001,115.13257986992117,115.20285588278307,169.277211,337.362329,-1.406618296433494,-0.07916905731211711,1.4693838073965515,0.7034080735470162,-0.19360087150318994,-0.10435299042871769,-0.9927814012617192
343,0,A,187,6450,2022-07-12 00:23:42.270,-0.011295875,0.06775948407038217,0.06869457382865113,0.151637,0.273739,-0.15686191377551673,-0.15411250343323718,2.2074087012787498,-0.025062187500000003,0.04179217348412671,0.048730883501251036,0.091834,0.17355700000000002,0.5268019155533592,0.6369473090307247,1.8845133394234974,-3.8743023125000007,81.55661174459154,81.6485831944847,112.056745,221.729304,-1.512456871119925,0.06940777624975024,1.37242730511421,-0.05894243280237792,-0.1881214488164684,-0.05545132893794568,-0.9972801112566979
344,0,A,187,6466,2022-07-12 00:23:43.870,0.0076128750000000025,0.04793737787582228,0.04853810939226001,0.096244,0.179756,-0.6682628018695511,-0.3641370106663551,1.9828543222029011,0.0034784375000000006,0.04148834863243045,0.04163391165489378,0.082075,0.14937499999999998,-0.9471839203314958,0.08696492976923703,1.9713497179973154,-3.8743023125,81.92496213250305,82.01652052373778,112.056745,222.921397,-1.5153363659405943,0.06166932022682622,1.3662704085034645,0.4649169951254257,-0.07411317569538071,-0.11362270150282061,-0.9987394833292191
345,0,A,187,6482,2022-07-12 00:23:45.470,0.0032228125,0.055469995943999706,0.055563539937962016,0.115778,0.20156600000000002,-0.5957070712412347,0.26681090063786095,2.0837045323114554,0.01469975,0.035663321311082345,0.03857402153004014,0.095971,0.142665,-0.3396173708923862,0.48895046257681213,2.4879697836343313,-3.2782558124999994,83.2403022266434,83.30483104811583,113.248838,225.305583,-1.502670571222308,0.07440666524167927,1.3594510255304268,0.040903263432642306,0.2531872184677604,-0.007548676360406256,-0.9986622072441017
346,0,A,188,6500,2022-07-12 00:23:48.975,0.018837125,0.08434796625725113,0.08642578718183595,0.195573,0.360796,0.2846920025540651,-0.04312992990230419,2.2629009972280985,0.0163079375,0.19847153874185233,0.19914040402706454,0.380496,0.663848,-1.1292668021779497,0.11969967064776418,1.910692116243211,-3.576279187499999,170.37445216275842,170.41198233277788,245.571165,483.989772,-1.4691891359403915,0.07498539614889137,1.441044001943786,0.7130550899924809,0.02447178701554097,0.025864156617869637,-0.990697500437255
347,0,A,188,6516,2022-07-12 00:23:50.575,-0.007934062500000004,0.06757329505569189,0.06803748637653731,0.185046,0.302394,0.9571037591659333,-0.7338995463606137,2.7197653801597967,-0.00788025,0.19478112831955127,0.19494046857823033,0.270642,0.525611,-1.5214212359382553,0.20516375970486322,1.388331535129097,-5.587936062500001,170.27366284018078,170.3653288860446,244.379072,487.566051,-1.4304551870030768,0.08785439904507637,1.4344413478840072,0.3498052793591577,-0.047586092156018105,-0.0025666193174637736,-0.9956469653201137
348,0,A,188,6532,2022-07-12 00:23:52.175,-0.0140250625,0.09371168191017379,0.09475537823555188,0.191381,0.362737,-0.38429504157691863,0.27977782424438385,2.019737597630047,-0.023615062500000002,0.1911541085895974,0.19260728025586804,0.351193,0.655878,-0.9075304463404832,0.39312122937218896,1.8233630604900275,-7.6740989375,169.454446675551,169.6281264785404,247.955351,494.718609,-1.415224751971019,0.08124754154772418,1.461758472179841,0.5255994237098316,-0.10854844920741166,-0.10601762603528,-0.9975444929199492
349,0,A,189,6550,2022-07-12 00:23:56.987,-0.0037216249999999992,0.07235405154246288,0.07244970163672174,0.121368,0.24149500000000002,-1.067266585383161,-0.10268836156657832,1.675203586186801,0.008701562500000001,0.1356881555516033,0.13596688106644758,0.2401,0.39896600000000004,-1.1505245864056106,0.465786689804465,1.7658712041990736,-4.3213373125,137.29713533509386,137.3651241305139,205.040002,402.927446,-1.4464159804722256,0.07049783154682729,1.492664191859839,0.18773849579282526,-0.018320152051243765,0.04179714555612474,-0.9862494748530609
350,0,A,189,6566,2022-07-12 00:23:58.587,0.000337249999999999,0.08686361377721688,0.08686426846523258,0.182423,0.286023,-0.17460167773157753,-0.8695769526066366,2.1000925147146643,-0.006592125,0.14392518618750985,0.14407607480468435,0.266575,0.412759,-1.0457490443617563,0.7782146621646826,1.8502378022262227,-5.811453500000001,132.59648955094244,132.72378096262872,201.463723,394.582795,-1.4039368551449016,0.08164225928371935,1.5179172981571893,0.5211387090003949,0.07126441711466573,-0.03769088688978238,-0.9934348211522855
351,0,A,190,6586,2022-07-12 00:24:04.940,-0.028303875,0.046724746871806326,0.05462885053019146,0.142988,0.166881,-0.09416911355071722,-0.8127998847988906,2.6174447862668377,-0.014154750000000002,0.05595312066196576,0.057715757461675926,0.124135,0.225918,-0.33233341993133036,0.06432302103105504,2.1507991137849554,3.2782558749999993,82.97312212301999,83.0378585732048,110.864652,220.537211,-1.5249420832726,-0.07211894397982271,1.33510971868649,0.16095384097896465,0.01381444590513061,0.023334500448840327,-0.9944035319280841
352,0,A,192,6624,2022-07-12 00:24:22.654,0.045334625,0.05185676999422906,0.0688792626131044,0.1658,0.232197,0.830381626042537,0.3569751109183239,2.407110554177975,0.025142375,0.05756145754634237,0.06281290007235775,0.136797,0.199352,-1.0448921893896663,0.3918577249447998,2.177848815170383,-2.384186,83.172519846202,83.20668483030352,112.056745,221.729304,-1.5640100426514818,0.0842874501595794,1.346727672524569,-0.5808809708337448,-0.06003964740122311,-0.013810042261834106,-0.9873518985234321
353,0,A,192,6640,2022-07-12 00:24:24.254,-0.0367083125,0.04302402955285388,0.0565558779046219,0.114262,0.149068,-1.0979259329806874,-0.2301928622003006,2.0203381900055732,-0.0250084375,0.049933305316903404,0.05584583176981519,0.116699,0.175408,-0.6577650463294056,-0.5139498338878005,2.0896635666742114,-3.1292442499999997,82.03695832691544,82.0966180856935,110.864652,220.537211,-1.5341623607757808,0.08850970010624339,1.3504167965150289,0.05003098711901258,-0.2250586507314888,0.04246715138072677,-0.9944822244854093
354,0,A,192,6656,2022-07-12 00:24:25.854,-0.0149313125,0.06179244161477068,0.06357082612085123,0.121165,0.219277,-1.001008427026448,0.204365951701046,1.9059843546733126,-0.01005625,0.054143279806338845,0.05506925559919981,0.099036,0.197524,-0.6492851229895074,0.2493535732868225,1.7983900258393732,-3.4272674999999992,81.40332237733327,81.47543836386893,110.864652,221.729304,-1.5260493166040379,0.08377975377539994,1.360712556155623,-0.19107227347744923,0.2883657598833446,-0.06284928017686846,-0.9960129237323443
355,0,A,193,6674,2022-07-12 00:24:29.596,0.011528125,0.08394595468504945,0.0847338242616253,0.188981,0.368289,0.21912255211256326,0.022927878635145893,2.2302899892314514,0.003933437500000003,0.1996682255580394,0.19970696589769346,0.287289,0.5630539999999999,-1.5231860878357781,-0.10921267737885747,1.438552725032002,-0.6705522499999992,175.56932831683525,175.57060883287005,251.531631,500.679076,-1.509975490464741,0.011169368999741483,1.4326522683499896,0.6839423439312058,0.06549115536425165,-0.042859181028892655,-0.9618600234312796
356,0,A,193,6690,2022-07-12 00:24:31.196,0.003985187499999999,0.09519819041558691,0.09528156788074228,0.22379,0.427882,0.547161033352173,0.19950861756674532,2.3487228954933164,0.0009694374999999981,0.1987206881328567,0.198723052767067,0.299687,0.582627,-1.488835369772171,0.11089841325801097,1.5080635881297464,1.7136338125000012,176.56109683351303,176.56941257164706,252.723724,503.063262,-1.5046291390327937,-0.023601330742318558,1.4312995683635272,0.6642769136403504,-0.006492744477527209,0.0007898074298038247,-0.9629909993194222
357,0,A,193,6706,2022-07-12 00:24:32.796,0.001024124999999999,0.0833832420505426,0.08338953103882404,0.235563,0.385625,1.7904941947245963,1.0031537482501454,2.8248509982665313,0.0007644374999999999,0.19304440970828732,0.19304592325224715,0.304398,0.5916870000000001,-1.3451496227157926,-0.005696069375118393,1.5768165153234162,4.246831312499999,176.85714107726957,176.9081228384442,252.723724,503.063262,-1.477375229000596,-0.05862696206241855,1.4285591862324605,0.5220998352359053,-0.12144484466915065,-0.04803372870831354,-0.9830549596658475
358,0,A,194,6724,2022-07-12 00:24:37.006,-0.008168124999999998,0.06190361601804353,0.06244017890849609,0.126125,0.205971,-1.0147192614800056,-0.3618995817817646,2.0199333538879154,0.0071338124999999995,0.12011794385530974,0.12032959617987796,0.213946,0.35268900000000003,-1.1941108720528621,0.23055469470122264,1.7779998171038238,-6.854535000000001,139.85295147740186,140.0208294754989,213.384653,419.616748,-1.386074137757737,0.0744963753256584,1.523949356672954,0.0995360279354992,-0.12960116291416082,0.04421234440976147,-0.9977156744749242
359,0,A,194,6740,2022-07-12 00:24:38.606,0.0008755000000000004,0.0662033860302855,0.06620917475792158,0.123309,0.227247,-0.7283237752396028,-0.5631947492247674,1.8624156010228283,-0.004591874999999999,0.11918944903853435,0.11927786918839973,0.197393,0.318924,-1.328841820264904,0.6150705061263133,1.6549004550728283,-5.513430249999997,141.2880936710092,141.39562697024786,215.76884,427.9614,-1.3882222302064287,0.09296075899244503,1.5259937285429739,0.2672674832678179,0.05750141733332323,-0.055538610323557606,-0.9954023005676162
360,0,A,195,6766,2022-07-12 00:24:45.075,0.0324330625,0.057448315691659695,0.06597130072188588,0.131859,0.197002,-0.9951119373492232,-0.014085602558087884,1.9987327604146508,0.006835312500000002,0.07927439674929633,0.07956853320840784,0.217178,0.348727,1.116457974412194,0.9016142499583635,2.729445815359724,-4.023313937499999,80.1830732739463,80.28394792668534,109.672559,218.153025,-1.5359033065176282,0.06036116543453064,1.3660583694781938,-0.23014162882741263,-0.07899958667980929,-0.4456744650672687,-0.9976013496712195
361,0,A,196,6795,2022-07-12 00:24:53.136,0.011781562499999999,0.09318676050542853,0.09392857684665248,0.182965,0.31335,-1.0190247106276416,0.00309777490750765,1.9479162374482486,0.014278312499999998,0.1987269624502796,0.19923924265205012,0.328144,0.600735,-1.2740423512593653,0.15847798236136126,1.646984778862406,-0.44703487499999994,177.39764076701152,177.3982040210135,253.915817,500.679075,-1.5039540161240343,0.021153236254026174,1.43133251208069,0.6787769671146342,0.05993415522344848,0.022775272277247616,-0.9569209447507168
362,0,A,198,6819,2022-07-12 00:25:10.148,-0.004467374999999999,0.08613608428445871,0.08625185479309996,0.172569,0.338895,-0.5607744313104148,0.1119662645590197,2.0007569740263174,-0.0027978750000000017,0.20145199822968837,0.20147142649827543,0.29415,0.5765640000000001,-1.5384109736502145,0.016355800085788894,1.4600085238514848,-4.470348749999998,159.39397258941088,159.45664776289664,233.650235,463.724191,-1.4367702355573344,0.08775451535036294,1.465290022573566,0.7029386904314389,-0.031168785017413752,-0.05415708054861117,-0.9947669677599658
363,0,A,198,6835,2022-07-12 00:25:11.748,0.0092595,0.07428840002904222,0.07486324010570876,0.191587,0.31134,0.41538279477000195,0.38578674363157195,2.5591598724484057,0.0021073750000000016,0.20412560673757807,0.204136484625789,0.346287,0.670455,-1.1975714130853974,0.0535843399120427,1.6963503639968767,-6.1839825625,161.1191129806035,161.23774436523783,240.802793,476.837214,-1.4144967788626823,0.08970527156514012,1.4934641634190218,0.5354106757127931,0.06852784508805095,0.00205651574531111,-0.9969895582890766
364,0,A,198,6851,2022-07-12 00:25:13.348,0.0002656250000000011,0.09187356443563825,0.09187394842255339,0.186251,0.35701499999999997,-0.35534908947360355,0.3320319724648679,2.027244972028205,0.009027999999999998,0.19964104104304306,0.19984506511983227,0.337829,0.643764,-1.2479837203551902,0.18568632155006876,1.6904545518671126,-8.270145562499998,162.14024832249092,162.35102535464307,240.802793,476.837214,-1.4120124386929098,0.07468285147043356,1.4832231116125396,0.6757259140519631,0.07122874165902711,0.04515638629684705,-0.9981460544012773
365,0,A,199,6869,2022-07-12 00:25:17.084,-0.0010323124999999994,0.05729742746594164,0.05730672616118024,0.132571,0.217484,-0.10317993131172898,-0.6961062012634663,2.313358463841266,0.004437937500000001,0.11660363250209488,0.11668805595234459,0.21193,0.339144,-1.2954011225478268,0.5419712435345104,1.8162098791546604,5.885959312499999,125.79580392356155,125.93343004065105,188.3507,374.317214,-1.4017725837309203,-0.08459616583110081,1.495637019806423,0.26952523587501154,0.12019828486172249,-0.011036929821010191,-0.9956767253947466
366,0,A,199,6885,2022-07-12 00:25:18.684,-0.001996625000000002,0.08721507533382274,0.08723792682586513,0.177019,0.293233,-0.836169247866529,-0.443012297850121,2.029151843020595,0.0030586250000000023,0.1268619999693934,0.12689886612229836,0.224226,0.359206,-1.2675410546988477,0.508462662031795,1.766966142817249,4.17232575,125.55377166326151,125.62307861628979,184.774421,365.972562,-1.4295346186305578,-0.07857522085384755,1.4708636584555088,0.4878727020484417,-0.037764581639281355,0.0038918806412825985,-0.9904800343660298
367,0,A,199,6901,2022-07-12 00:25:20.284,0.0006209375000000017,0.06132981124060789,0.06133295452028624,0.128089,0.234082,-0.39495302103296437,0.08952055136988671,2.088420507406566,-0.0031196874999999983,0.12206568067628527,0.12210553979677785,0.242107,0.378972,-0.9622279971178651,0.672271484732986,1.982768352713091,2.3096802500000013,124.48989735890075,124.51132144221619,182.390235,358.820004,-1.4737572368007383,-0.056031292533933116,1.464848600812935,0.27580375754846204,0.05850147340404647,0.023326756816613888,-0.9765351383923007
368,0,A,200,6918,2022-07-12 00:25:25.093,0.0109626875,0.0318796472155801,0.03371190329560911,0.063516,0.097558,-1.309217573699924,0.057834653690428145,1.8840822911435204,0.002813375,0.03902564743357085,0.03912692470026235,0.066099,0.131494,-1.1541533864746971,0.05354950153541227,1.689348204755709,-2.756715124999999,81.68090500339204,81.72741107152213,109.672559,219.345118,-1.5347259564308233,0.08228735576079552,1.3419311533559068,0.18127086445694882,0.1678633469263452,0.05495941698119685,-0.9976741392354058
369,0,A,200,6934,2022-07-12 00:25:26.693,-0.018594812500000002,0.02945841838978026,0.03483626653270267,0.076049,0.09548100000000001,-1.1948617343777137,-0.2671821673240965,2.183041053742333,-0.0007490624999999989,0.0494740221410044,0.04947969241454013,0.078281,0.148899,-1.203740262098436,0.30778739955302487,1.5820833998757096,-1.0430813750000003,83.04093363938334,83.04748447999698,110.864652,219.345118,-1.5818817360602697,0.06374993158095213,1.3349549681628603,-0.02710825735685275,0.2546103625948518,0.05967245772203594,-0.9851482750565189
370,0,A,201,6951,2022-07-12 00:25:33.044,-0.002831562499999999,0.0975089652160051,0.0975500694191834,0.27965,0.39258400000000004,1.8745688475874234,1.4290355644443569,2.8667329676446784,0.004521125000000003,0.1790536467440956,0.17911071710990664,0.284941,0.567141,-1.2275202515730221,0.09384466377153111,1.5908651620503163,-2.9802325624999986,152.9547580306993,152.98378930578352,219.345119,436.306052,-1.4764936940128597,0.04348598293107526,1.433780140989799,0.5462263016642563,0.24553261836338086,-0.06573034427271471,-0.9811991436172159
371,0,A,203,6981,2022-07-12 00:25:50.128,0.008428937500000004,0.06767013585167089,0.06819306616924113,0.150015,0.24471900000000002,-0.5682171010933605,0.3769801763584807,2.1998570885153295,0.0089704375,0.06573676381311369,0.06634599359089062,0.169869,0.23776,-0.09830321094418437,0.8516235580603875,2.5603505322033975,5.736947749999999,88.86613724420292,89.05112530558914,128.746048,252.723724,-1.455575228382957,-0.04271969383261774,1.44575430751934,0.2883794191824193,-0.001199697138590635,-0.14457995700557302,-0.9993134017226792
372,0,A,203,6997,2022-07-12 00:25:51.728,-0.00500275,0.0802100399540949,0.08036590083486901,0.172065,0.327893,0.19196993334473333,0.0954109316798264,2.1410199874888325,0.0033150625000000003,0.05903743476861604,0.0591304350012538,0.117723,0.183412,-1.1666806445536435,0.5126883974785565,1.9909036691088744,5.140901250000001,90.44475027807954,90.590737487485,134.706513,265.836747,-1.4450994754358322,-0.035809709669493796,1.4869788759431342,0.08697681898175945,-0.04009133745392455,0.04790954263824303,-0.9994410109760182
373,0,A,203,7013,2022-07-12 00:25:53.328,-0.0006040000000000004,0.06506661422246436,0.06506941756597334,0.134997,0.257095,0.13167711935545423,-0.19684327934804247,2.074661262537469,-0.02037425,0.06423963668707584,0.06739318203460941,0.105811,0.200044,-1.0004962628253984,0.5418766437509468,1.5700549641009878,4.917383624999999,94.45774207634824,94.58565271687534,139.474885,271.797212,-1.4253976217220816,-0.0651138041252084,1.4745881747783913,0.02653497384468809,-0.08255447421789754,0.09248773571355257,-0.997636765428085
374,0,A,204,7031,2022-07-12 00:25:57.187,-0.006241562500000004,0.09260192118685279,0.09281202998500518,0.191425,0.309546,-0.6177455314028082,-0.5260940872829851,2.062502027279512,-0.009224437499999998,0.19255943532224304,0.19278025412062433,0.292258,0.572693,-1.2611761320787707,0.4074617784715352,1.5160162607583845,-1.1920929374999982,172.76971505646853,172.77382766572305,247.955351,491.14233,-1.5081841521493762,0.03437756746325614,1.4351441670884066,0.6115566634460535,-0.313671460433988,0.007081334006365838,-0.9716956872850178
375,0,A,204,7047,2022-07-12 00:25:58.787,-0.028131312500000002,0.07514550092463848,0.08023850105895236,0.184137,0.286807,-0.2632706976497232,-0.4331848962065151,2.2948708857947375,-0.0125424375,0.19213319103260398,0.19254214041298207,0.313523,0.610409,-1.2293324935150318,0.2691143901377383,1.6283344483837516,-1.639127812499999,176.39043541417666,176.39805113886192,252.723724,500.679075,-1.4789542377451987,0.06746718192249065,1.4326900006454943,0.44296372134832346,0.10819867683512352,0.02745393228721345,-0.9889617327445719
376,0,A,204,7063,2022-07-12 00:26:00.387,0.0388961875,0.09518663169743083,0.10282707939029241,0.177533,0.3214,-0.8799164678521794,-0.3679370821477329,1.726519911415089,0.013568750000000003,0.18722538138247308,0.18771642019379925,0.3114,0.507094,-1.409076664717154,0.39025249261663975,1.6588852465783723,-4.544854687500001,180.47232405967256,180.52954178092284,262.260468,522.13675,-1.441546709263726,0.08627563596526674,1.4527288188559173,0.5747660970288573,0.35146544769605703,0.07743967761488653,-0.994308633463985
377,0,A,205,7079,2022-07-12 00:26:05.260,-0.0021071249999999996,0.07176763906165769,0.07179856539130848,0.119742,0.236239,-1.2249466568823544,-0.011975853202349174,1.6677492001044254,-0.0012516874999999993,0.05902224976938649,0.059035520573951915,0.131147,0.20359900000000003,-0.326275614003392,0.978912951326681,2.2214930727292623,6.258488437500001,92.5941527106495,92.8054189890084,137.090699,271.797212,-1.4293318263485615,-0.0582752409326914,1.4771842042568293,0.4023598817600599,0.0871673185090137,0.050916769207003575,-0.9978622131138047
378,0,A,205,7095,2022-07-12 00:26:06.860,-0.012447125,0.07209268274491784,0.0731593181086661,0.133095,0.22528199999999998,-1.3315781622320229,-0.13033170866087673,1.8192487770636314,-0.007891124999999999,0.0548640221181821,0.05542860973134722,0.099291,0.179734,-1.1069103264251736,0.1695274943939014,1.791331236364147,6.258488375,91.1624847237782,91.37706111356998,131.130234,259.876282,-1.4423836204337424,-0.05655773187707237,1.4350454304611737,0.19732481442480193,0.13139224340450337,0.07216577135738106,-0.9989112335984166
379,0,A,206,7112,2022-07-12 00:26:13.208,-0.006385437500000001,0.06820560750954494,0.0685038590724092,0.112766,0.22383,-0.9657151134425739,0.1349191085217491,1.6461262405787287,-0.008179624999999998,0.05352485088124371,0.05414624573319927,0.103402,0.196491,-0.9004267066637355,0.06750198541817887,1.9096799528725223,2.3096803125000003,93.11542857912069,93.14406939048388,133.51442,264.644654,-1.5073191051791317,-0.040534645120745144,1.4334183687022868,0.24457066014608478,-0.020587547890020097,0.22659072767782293,-0.9790781964133669
380,0,A,209,7157,2022-07-12 00:26:31.913,0.007706562500000002,0.06283401423390117,0.06330485329192778,0.141816,0.248058,0.05202669714653574,-0.5390308073414346,2.2402073873549826,-0.008318125,0.14865655924726084,0.1488890990326357,0.233279,0.456435,-1.300473229811405,0.24654574067611976,1.566797042333277,1.0430813750000025,167.80211424866323,167.80535618709047,246.763258,489.950237,-1.5040999411686622,-0.01224678377562377,1.4705326671746841,0.34237033448905874,0.12980295678121778,0.07114481997926966,-0.9543122468511224
381,0,A,209,7173,2022-07-12 00:26:33.513,0.0200674375,0.0751326529304742,0.07776642967365481,0.135056,0.241155,-1.441342816353342,0.04466728558728473,1.7366876757330854,0.012686125000000001,0.15677893922768893,0.15729136515675296,0.302364,0.475021,-1.2317656216370558,0.42657495568365245,1.9223178570461958,-1.1175872500000033,166.61257756391868,166.61632574196977,246.763258,487.566051,-1.4981430074648614,0.028188430263854793,1.4810268855775257,0.6710483780169679,-0.05442067458477436,0.01073635125524716,-0.9612829880017043
382,0,A,209,7189,2022-07-12 00:26:35.113,-0.008910375,0.08178633658646398,0.08227028403302739,0.169461,0.316336,-0.4992330722296128,-0.12654176715918086,2.0598081311104983,-0.0018509375000000028,0.15673772873795763,0.15674865734532625,0.23099,0.461681,-1.5311555330290874,0.2251176473457518,1.4736330371947992,-3.2782558125000003,165.38465038526192,165.41713800035205,240.802793,481.605586,-1.472143211626093,0.058408001455642344,1.4557306208470824,0.44211794985537145,0.12146286368240948,0.012449861759538206,-0.9807421215096483
383,0,A,210,7207,2022-07-12 00:26:38.648,-0.0070629375,0.03864208695268145,0.0392822602479478,0.077306,0.14343699999999998,-0.5988213827193114,0.2358689348091304,1.9679621160301908,-0.0115794375,0.05476531428053795,0.05597609329939434,0.132939,0.192755,-0.3738215336286279,-0.7283903428894927,2.3749245823384104,-1.6391278749999985,82.23376572132965,82.25010009052349,110.864652,221.729304,-1.5445732580169256,0.07233327943708379,1.3478968642954072,0.08458460589379352,-0.11463531432625175,0.2237996700548623,-0.9951102148512005
384,0,A,210,7223,2022-07-12 00:26:40.248,-3.1062499999998106e-05,0.04868415420399736,0.04868416411357496,0.111547,0.189985,-0.03052065902676082,0.27723278151399955,2.2912378600107575,-0.002337749999999998,0.0637883894015008,0.06383121256485733,0.137825,0.254949,-0.3000977365719151,0.39531338838873914,2.1592101177767757,-2.9802325625,82.05116690831719,82.10527252949782,112.056745,222.921397,-1.5249705752365093,0.08164260304532435,1.3647935333232293,0.09327959944345152,0.1844649917332666,-0.04951716494797744,-0.9963147243290462
385,0,A,210,7239,2022-07-12 00:26:41.848,0.006506125,0.04549109732666794,0.045953994369369026,0.084436,0.148058,-1.0998956740901629,0.24031745482158628,1.8374028451437823,0.0121829375,0.068684982487503,0.0697570841236752,0.116571,0.20873,-1.2705203065152122,-0.23608131108877672,1.6710990928652705,-3.7252908124999995,81.25698559878455,81.34233522735119,110.864652,220.537211,-1.5191806849305316,0.07456234147135135,1.3629391348322393,0.04781857803231958,0.12394764540139694,0.08780660871913441,-0.9966409026231192
386,0,A,211,7257,2022-07-12 00:26:45.464,-0.011574625000000002,0.05742179665627309,0.058576741759208496,0.127616,0.222387,-0.5242253841040618,-0.012399806482406184,2.178612127738195,0.010162375,0.14074409194788381,0.1411105002608771,0.242516,0.457106,-1.181977434519472,0.3251466499620875,1.7186247625205082,1.0430813124999987,127.97305790545724,127.97730880237324,183.582328,367.164656,-1.4855509142923968,-0.0016219527357453564,1.4344912369074259,0.44207767159885564,-0.24271310910094065,-0.17124488135428917,-0.959279970480705
387,0,A,211,7273,2022-07-12 00:26:47.064,-0.019035187500000002,0.05223760900589099,0.05559771719965218,0.119408,0.19240400000000002,-0.871314406144784,-0.12983951131343197,2.147714079180701,0.000566750000000003,0.12942643421385178,0.1294276750887344,0.197954,0.375646,-1.4348478855954576,0.26835526272568566,1.52945650815627,-0.5215406874999999,128.6010723459954,128.60212989382663,188.3507,371.933028,-1.47353744231254,0.03717652408957529,1.4646001598535072,0.1551423582407309,0.30603197588267805,-0.0165665883287118,-0.9727849071893441
388,0,A,211,7289,2022-07-12 00:26:48.664,0.033840499999999996,0.077135272457709,0.08423199924835573,0.168931,0.259048,-1.0707080545570304,-0.03810205748010115,2.0055442291226115,0.004235312499999996,0.13757956227884954,0.1376447377447191,0.224543,0.447943,-1.1145974830960772,0.1824069757018795,1.6313228073887251,-0.6705521874999993,131.69321653816846,131.6949236774337,193.119072,380.277679,-1.4461355676374388,0.07209564668495302,1.4664124220384926,0.20089946905177375,0.10540142549059611,0.07777386774528766,-0.9888500668330387
389,0,A,212,7307,2022-07-12 00:26:53.334,0.008673687499999999,0.09353575120957679,0.09393705131196901,0.171601,0.325237,-0.6220541851614847,-0.29412315000582534,1.8267658778228588,0.009854937499999999,0.18313832584602163,0.1834032883751338,0.3051,0.566721,-1.2598314126967296,0.08021293435344229,1.6635470536163302,1.043081437499998,179.9901966975833,179.9932191114987,261.068375,518.560471,-1.5030559483569759,-0.01193267339371653,1.45043450130351,0.4368704596367057,0.21995538663553285,0.007616715533517043,-0.9542832782954799
390,0,A,212,7323,2022-07-12 00:26:54.934,0.017001999999999996,0.09706234100308936,0.09854017477658542,0.205399,0.377064,-0.3899923918501691,-0.1120037641319051,2.0844188724618116,0.007380062500000001,0.1735167931327069,0.1736736676113063,0.287389,0.519741,-1.384747916718355,0.2835657235751863,1.6547643862925525,-1.5646221250000005,178.80636491934627,178.8132103007618,261.068375,517.368378,-1.4974385506511427,0.028158194256642607,1.460006084342907,0.4612145657128538,-0.14298324271958757,-0.03804628460773471,-0.960356606789828
391,0,A,213,7345,2022-07-12 00:27:01.423,-0.014058625,0.06077352867498624,0.06237841553374052,0.103048,0.205108,-1.0943057197800559,0.23476670845194675,1.6519816849830256,-0.009048125,0.06407176350475594,0.06470749141038462,0.100748,0.199885,-1.3673627570074192,0.37487997620256047,1.5569758277452153,-2.6077035000000004,90.89193355256917,90.92933356441452,126.361862,251.531631,-1.482446936150058,0.07523034939775108,1.3896710450482408,0.18934508754868376,0.03726209713559709,-0.0318934517944522,-0.9917226939335422
392,0,A,216,7390,2022-07-12 00:27:27.011,0.0013378125000000005,0.07884640527571529,0.07885775400800799,0.16628,0.27837100000000004,-0.6865999370999054,0.3955558127899823,2.1086068464886067,0.017972875,0.163714540490023,0.16469813296945718,0.292708,0.532173,-1.3297891227116387,0.10341938380153702,1.7772393330911767,-9.536744375000001,171.79535196628694,172.0598513613635,257.492096,514.984192,-1.416012090688389,0.057576735305076954,1.4965263189679852,0.5778449750878356,0.10180534861982812,0.0680130493969035,-0.9989550468274482
393,0,A,216,7406,2022-07-12 00:27:28.611,-0.021134562500000002,0.09894241807357497,0.10117446232282383,0.198262,0.351292,0.031028646742117694,0.8780284806702137,1.9596051755372097,-0.0091345625,0.1799472186149208,0.18017891585674642,0.255878,0.5045850000000001,-1.4611549530977683,0.14607749663952213,1.420132865065295,-8.344651250000002,174.1522062919359,174.35201220758287,257.492096,509.023727,-1.4086274080138175,0.07579624125151807,1.4768518742039574,0.590515558307565,-0.020178514770006036,0.06327157208503512,-0.9977846200976946
394,0,A,216,7422,2022-07-12 00:27:30.211,0.014416062499999997,0.0818552824169497,0.08311504146400037,0.220958,0.325851,0.32484043560863496,0.786370612923505,2.658459842021538,-0.0015334374999999975,0.16898575895728932,0.1689927162955182,0.294536,0.55983,-1.2120312594760363,0.2380995980053371,1.7428916846625733,-6.482005812499997,176.43931830938212,176.55834572410546,259.876282,512.600006,-1.4181845396662256,0.08204283828168538,1.4719002997801602,0.5246540941764792,-0.1438502896209595,-0.12077714854025716,-0.9958814406860788
395,0,A,217,7440,2022-07-12 00:27:33.464,-0.013102437500000001,0.07207874801299682,0.0732599466527413,0.13624,0.265235,-0.7631997552653482,0.19918426271761958,1.8596792138791718,-0.0027259374999999983,0.09708062477231796,0.0971188881806083,0.181833,0.29774,-0.759361252884386,0.8194570179986328,1.872272257296151,-3.129244250000001,100.38905850117655,100.43781775969055,144.243257,287.294421,-1.4695795669327278,0.0755558385144802,1.4361448726924673,0.4825618791886255,-0.04270642666388432,-0.013341267866862174,-0.985108042936062
396,0,A,217,7456,2022-07-12 00:27:35.064,-0.0016248750000000005,0.09679184143813142,0.09680547912050226,0.150714,0.278325,-1.4522643253381746,0.18887373055702406,1.5568746869419763,0.002967062499999999,0.08177031546079906,0.0818241281679035,0.178926,0.288986,-0.5147660922963597,0.744742335808469,2.186714408161404,-4.246831374999999,97.16103873966624,97.25380725554454,139.474885,277.757677,-1.440276195841527,0.08921746400783385,1.4341329037485921,0.35042694441767586,-0.028305723872952444,0.0568590822929035,-0.9930034444925532
397,0,A,217,7472,2022-07-12 00:27:36.664,0.010793375000000001,0.08918222566736252,0.08983299126086697,0.175078,0.310398,-1.0137792963553982,-0.005678443817424467,1.9489276438718284,0.0074891875,0.0792257979978892,0.07957898590590672,0.177768,0.262237,-0.8211719436769025,0.5788832698282391,2.2338560610735962,-5.140901187499999,94.08639017393408,94.22673548935778,134.706513,269.413026,-1.4277439382682733,0.08558440098489407,1.4295997022545064,0.45200323920887037,0.0604801279115276,0.10416203765804594,-0.9958288691369325
398,0,A,218,7490,2022-07-12 00:27:41.443,0.015305500000000001,0.0379342082015033,0.040905531192309434,0.113876,0.16007,0.7518289935190889,0.8248644531329349,2.7838777955145977,0.010696250000000001,0.02587053856585711,0.02799454464266208,0.065854,0.101828,-0.23948386025012658,0.5449469882394984,2.3523868968256867,-0.29802331250000025,86.2935595487766,86.29407417368269,115.633024,231.266048,-1.5818469061908562,0.01964523470524343,1.3399880015778058,0.05182011132986763,0.4790137424345686,-0.1105351588333624,-0.9651712523898126
399,0,A,218,7506,2022-07-12 00:27:43.043,-0.004428000000000002,0.05686375556538628,0.05703589993153435,0.118764,0.228723,-0.3828183874779194,-0.13914932983441197,2.082267486663028,-0.004127562500000001,0.05265157693978494,0.052813116992253925,0.112006,0.193437,-0.6325223742233352,-0.1618243874751088,2.120798891995484,0.7450581250000012,86.99306060140748,86.99625109399705,116.825118,232.458142,-1.5786702621763449,-0.011728842602515333,1.3428753139462721,0.47903711673096305,0.00854888277514834,0.04641359471325375,-0.9576534211721339
400,0,A,219,7528,2022-07-12 00:27:49.507,0.007174999999999999,0.056035408844542216,0.056492899282785974,0.104498,0.20776499999999998,-0.7548278082366968,-0.21317931519814642,1.849754594412217,0.001600749999999998,0.18879433706599225,0.18880112316601827,0.266724,0.5317419999999999,-1.53360833445086,0.15556196673556827,1.4127246465873082,-4.917383687500001,166.92861101001648,167.00102345813178,240.802793,480.413493,-1.4365816111304197,0.08466330896029618,1.441924055395809,0.5760177564586588,-0.03495693396199973,0.012578935500599277,-0.9948239639352066
401,0,A,221,7566,2022-07-12 00:28:07.313,0.006699750000000001,0.09434158790102856,0.09457918300424253,0.218604,0.39096200000000003,0.07521638605965819,0.48437863385605273,2.311333139663451,0.016669749999999997,0.17821841214732137,0.17899632117274086,0.30786,0.556674,-1.3854137611238269,0.16101965065453328,1.7199236162116367,-8.419157125000002,173.53219995987521,173.73631350299092,252.723724,503.063262,-1.4151187393014646,0.0723220309921561,1.4546396139322324,0.5882378570029545,-0.028462292163103607,0.040695000620759314,-0.997987854407629
402,0,A,221,7582,2022-07-12 00:28:08.913,-0.0205715,0.10356104766634026,0.10558445532368863,0.199015,0.362544,-0.9255462508079404,0.19049780300831914,1.8848892044750603,-0.005224375000000002,0.18374515454831555,0.18381941114617084,0.319533,0.5821609999999999,-1.3679822413235005,0.026037411860901152,1.7382984637346677,-7.078052312499998,176.84985888198392,176.99144445739776,256.300003,509.023727,-1.428137304837897,0.08515739766682476,1.4480926114012929,0.7503525437781442,0.01996483167132727,0.03964042066780144,-0.9958902310577857
403,0,A,221,7598,2022-07-12 00:28:10.513,0.004284999999999997,0.09098413082304517,0.09108497838076815,0.202834,0.345821,-0.17020079886617756,0.38860879408356763,2.2268655447452654,-0.010649062500000002,0.19943114565448045,0.19971525827834863,0.319079,0.6257809999999999,-1.25683332513345,0.12644220897759206,1.597669615985429,-5.215407062500001,179.06058584881401,179.13652300786703,256.300003,510.21582,-1.4561789051641782,0.07762109747262996,1.4307523596890637,0.7187060954119194,-0.1870560911165695,-0.035946216103857405,-0.9914648259880132
404,0,A,222,7616,2022-07-12 00:28:14.008,0.001841187499999999,0.08610773789867752,0.08612742012528588,0.134074,0.26651800000000003,-1.3431097361571924,-0.12502941336248397,1.5566935571153564,0.003958875000000001,0.10818505306295494,0.10825746347250151,0.200883,0.33396800000000004,-1.1524475715251228,0.5344154844153133,1.8556041639662684,1.0430814374999993,114.44704301208165,114.45179628601085,166.893025,329.017678,-1.492687370464341,-0.02560495588211923,1.4581948944072527,0.23331235488874696,-0.0023694418838274786,-0.0347635476299011,-0.9550602782556381
405,0,A,222,7632,2022-07-12 00:28:15.608,-0.00961125,0.06456665281948956,0.06527808807613011,0.157087,0.247921,-0.27210009174993743,-0.33828052335829517,2.4064277099659903,0.0015136250000000002,0.10505420372828674,0.10506510734599285,0.180083,0.308388,-1.326177558970346,0.42675007776261364,1.7140133822636627,-0.3725291249999989,113.62210033150798,113.62271102949549,165.700932,326.633492,-1.491944144540002,0.029444471663877397,1.4583434112656002,0.24888492175981727,-0.006279680283934772,-0.01471200990093487,-0.958018552612892
406,0,A,222,7648,2022-07-12 00:28:17.208,0.002041937500000001,0.09563863372512488,0.09566042948660904,0.199095,0.34407299999999996,-0.7918072538375105,-0.4932836014338482,2.0812680966257857,0.0047641874999999985,0.10326967715901578,0.10337951297555284,0.179141,0.289497,-1.1959988633145633,0.5057009796434735,1.7328481712074153,-2.8312208749999996,112.04871986535798,112.08448347165857,162.124653,324.249306,-1.4696246935772639,0.06366257388035168,1.4464504628867247,0.1964947449225291,0.0788722555900728,-0.01007315302505513,-0.9787436940322849
407,0,A,223,7666,2022-07-12 00:28:21.540,-0.0277966875,0.0395095565507871,0.04830797961840776,0.107806,0.145617,-0.6094960177351569,-0.44850405494341494,2.2316395935325044,-0.017018437499999997,0.07864004218031101,0.08046044648808817,0.175962,0.333434,0.2768056358278761,0.5610639092356814,2.186937901544586,-3.8743023125,80.50104174239989,80.5942177827929,112.056745,220.537211,-1.522163370663539,0.08402304923199086,1.3903819415680767,-0.055512284746155535,0.27064526220367724,-0.12057981063589426,-0.9963837903041246
408,0,A,223,7682,2022-07-12 00:28:23.140,-0.0107015625,0.05425481125896665,0.055300162609955315,0.101469,0.186341,-0.5260985155804287,0.7318061103188034,1.8348770638467025,-0.016711937500000003,0.059970166556451994,0.06225519843203859,0.133876,0.213998,0.17150598811528717,0.9335170417132732,2.150438893005005,-4.023314125,79.86787022618803,79.96914249268674,108.480466,216.960932,-1.5378918469789422,0.06767308719804435,1.356529063818843,-0.16344406134886538,0.4729785928471335,-0.254283451500523,-0.9971226552832902
409,0,A,224,7706,2022-07-12 00:28:29.532,-0.004267874999999997,0.060783373062535576,0.06093302222830409,0.114692,0.21563300000000002,-0.8481886788246054,-0.0871709447441979,1.8822634395233435,-0.0171534375,0.1754565302247143,0.17629303564395984,0.287174,0.550248,-1.4367345560121456,0.1621697996520505,1.6289582793274633,8.1956395625,167.54361634308958,167.74394738755495,246.763258,491.14233,-1.4011482006065066,-0.08342442840288167,1.4710710093752541,0.551904411297035,0.05950061169750489,0.15989307240567052,-0.997650385560053
410,0,A,227,7752,2022-07-12 00:28:54.024,-0.008340875,0.1009031539230037,0.10124730449436667,0.240181,0.361942,0.12246763607881483,-0.8746472468440514,2.3722211786227207,-0.0001499999999999965,0.19387551522948945,0.19387557325640586,0.310614,0.5712619999999999,-1.4953063189175433,0.24216624605950823,1.6021306592822,-3.4272673749999987,173.39672174080007,173.43058920535384,253.915817,499.486982,-1.4683567030101743,0.06266660369854055,1.464077462709569,0.6082224981960509,-0.08474803582095951,-0.03778515430333046,-0.9868086218646449
411,0,A,227,7768,2022-07-12 00:28:55.624,0.004137812499999999,0.06623715399817041,0.06636627202173179,0.155781,0.296116,0.714031234815339,-0.38063056391390915,2.3472917078872406,-0.0138193125,0.17466833360640915,0.17521415514396232,0.278723,0.51864,-1.2204870198974587,0.3575884336876589,1.590756179322333,-5.215407062500001,171.60182090982224,171.68105722645782,252.723724,499.486982,-1.4318481055176657,0.08091271516756475,1.4720536329563834,0.3114494115160277,0.0611711367636252,-0.05755873255403715,-0.9943674466750181
412,0,A,227,7784,2022-07-12 00:28:57.224,-0.0016446249999999968,0.10372636324174957,0.10373940053205435,0.224309,0.410227,0.06783326749344187,-0.4710662644700461,2.162235359463938,-0.013650312500000006,0.17382113221021156,0.1743562933598541,0.331539,0.5810489999999999,-0.7031891402654402,0.7081125998171959,1.9015029145850009,-7.3760756875,169.9606651262874,170.12064596255723,253.915817,507.831634,-1.41115870175624,0.0772955032101177,1.4925632075009032,0.5592558512084094,-0.12276854564485652,-0.12816347301547407,-0.996757069856371
413,0,A,228,7802,2022-07-12 00:29:02.224,-0.0040408125,0.09334138666088769,0.09342881048925701,0.172485,0.33102699999999996,-0.8383172186911816,-0.12195762615764913,1.8461650008894561,-0.004786312500000004,0.18837054088475416,0.18843133884936045,0.292774,0.571364,-1.256045138860039,0.343878889399427,1.5537436701760912,3.2037500000000003,169.93322754257093,169.963424998138,245.571165,483.989772,-1.4993955736292948,-0.032504064446008736,1.444847119329881,0.6157359624215298,0.06400353947136274,0.029898945253503718,-0.971826479884882
414,0,A,228,7818,2022-07-12 00:29:03.824,0.013729875,0.06825245982826827,0.06961973671398794,0.15315,0.277065,0.09276823319131733,-0.5231072506835657,2.199807227498883,-0.011556375000000006,0.18661154728334572,0.1869690332184049,0.289164,0.562872,-1.4587973559905165,0.09985958797004119,1.5465876622585817,0.8940698124999997,172.08436914298088,172.0866917113794,243.186979,486.373958,-1.5112623884033658,0.006346466316991817,1.4131655189691759,0.6503115284192473,-0.028664634238243402,-0.014168273531065713,-0.9579076036656704
415,0,A,228,7834,2022-07-12 00:29:05.424,-0.005483999999999997,0.08656393696352425,0.08673747424628528,0.150096,0.285194,-0.9556787185249869,0.33345236525394895,1.7304631164819535,-0.0076501249999999955,0.20052768984135175,0.2006735627969589,0.307295,0.584716,-1.3590981463728702,0.2684730977474294,1.5313178064761848,-1.3411047500000004,173.22196538528087,173.22715680253464,247.955351,494.718609,-1.49856967002254,0.04423999802824967,1.4313884472666698,0.7037128920330832,-0.018901948872217838,-0.008505773069306985,-0.9741422396607972
416,0,A,229,7852,2022-07-12 00:29:09.592,-0.008672625000000002,0.07062782775655341,0.0711583057555476,0.170482,0.31955999999999996,0.5728454369668055,-0.0024193696118325614,2.3958130845001038,0.001184124999999996,0.13368014486072483,0.13368538918670206,0.265302,0.444333,-0.9586683481856704,0.48375297701573416,1.9845250226222184,5.066395375000001,135.91853815776093,136.0129309184922,208.616281,411.272097,-1.388915003678354,-0.0952250041052494,1.5337974087553221,0.5451368984736441,-0.044852069603559,0.0094950678992371,-0.9923603035574103
417,0,A,229,7868,2022-07-12 00:29:11.192,0.008655312500000002,0.060424946833570685,0.06104169586694409,0.151806,0.22789399999999999,0.8885515948975602,-1.2095386713271337,2.4869230424216884,0.004707937500000001,0.13244092022599582,0.13252457140399473,0.19808,0.32752000000000003,-1.5545984641723654,0.5161669594809544,1.4946662185094923,4.5448546875,134.47238690646947,134.54916775830952,203.847909,402.927446,-1.4249870641859452,-0.07672040554175122,1.5150439976423467,0.35860020871486625,0.113640123155667,0.00891891551331682,-0.9911578868906118
418,0,A,230,7895,2022-07-12 00:29:17.574,0.008115625000000001,0.03925749897929535,0.040087586548082435,0.089516,0.165497,-0.0068280380376180005,-0.08474906991034686,2.2330104580536774,-0.0013411875000000004,0.051418408519248664,0.051435897178551286,0.123165,0.23742,0.7940496021246664,-0.07699416593783757,2.394533910285513,-1.6391280000000004,82.28990994256661,82.30623317195428,110.864652,218.153025,-1.5744778200309253,0.07132288593765516,1.3469775948606644,0.1948543413440133,0.40761688075918795,0.22283627733245254,-0.9859392568985715
419,0,A,230,7911,2022-07-12 00:29:19.174,0.03224075,0.060762194660310784,0.068785974300725,0.131523,0.205653,-1.1707925238787262,-0.07821058730572167,1.912061308094516,0.009677875,0.05317846417239196,0.05405192241030841,0.107602,0.197433,-0.6433058574608674,0.1250982790100001,1.990715504680716,-2.682209374999999,81.46181076919954,81.5059559843832,109.672559,218.153025,-1.5374184618073075,0.08296178567121129,1.345577236355753,-0.08055632745315067,-0.05753900033462817,-0.05623286577030778,-0.9940619913155477
420,0,A,231,7927,2022-07-12 00:29:25.707,-0.0008236874999999998,0.10336216756852984,0.10336544947690451,0.220753,0.40785499999999997,-0.17503173966184837,0.0073052017683642445,2.1356555901140255,0.008245062499999997,0.16916104888739486,0.16936186559055288,0.282646,0.518605,-1.4026291335142806,0.23999135544573147,1.6688880877311627,-2.5331975625,149.42523329900845,149.4467043341999,215.76884,427.9614,-1.4566769576561187,0.06572946501310799,1.4437845314908209,0.6065619470390933,-0.14753405861839147,0.1628293052352634,-0.9854856541357461
421,0,A,233,7947,2022-07-12 00:29:35.745,-0.0164175,0.03768844852703544,0.04110904351386687,0.118495,0.167109,1.3443496184771435,-1.0013873604978827,2.8824557778881275,-0.017161062499999997,0.06826500535090138,0.07038901208063301,0.136249,0.254517,-0.31278354478789927,0.5591519875368226,1.935657227919638,2.011656875000001,82.23251693016559,82.25711886549824,109.672559,216.960932,-1.5884580799585029,-0.05618898410571284,1.3332895743568383,0.15170901085628727,0.0575750497604213,0.2653022348090102,-0.9773029982539349
422,0,A,233,7963,2022-07-12 00:29:37.345,0.022167375000000003,0.03653124386035021,0.0427308353811975,0.115564,0.165576,0.8826123648282485,0.5689490671942619,2.704463860092253,0.0002825625000000007,0.05713761805388017,0.057138316727372185,0.102726,0.198069,-0.962656017329004,0.03708453757612962,1.797847852083976,1.4156105625000008,82.65106362866668,82.6631857129555,109.672559,218.153025,-1.6145816065220866,-0.010583373695764314,1.3267400482342098,-0.15456750496708155,0.28594217033021707,0.003509765092907495,-0.9421865639861529
423,0,A,233,7979,2022-07-12 00:29:38.945,-0.0029987500000000005,0.04132872447750475,0.041437374054107246,0.08062,0.13911099999999998,-0.7586709470037087,-0.5794757642769126,1.9455866072673829,0.0037453124999999995,0.06620059472610382,0.06630645600401593,0.120164,0.235035,-0.7323809615324626,-0.18872853406258633,1.81225188679549,-0.2980231875000001,82.2949017522703,82.2954413818658,109.672559,218.153025,-1.6084724673619237,0.031456948180107566,1.3326687014302459,0.23895421702422764,-0.5040296989003349,-0.09206729301727143,-0.9560676812297428
424,0,A,234,7997,2022-07-12 00:29:42.284,0.016195875000000002,0.06243526391879332,0.0645016941453866,0.1022,0.178189,-1.479529696337337,-0.05828918000632552,1.5844545070342113,-0.0016476874999999998,0.08862166134030011,0.08863697723192336,0.171299,0.31372500000000003,-1.0060282251665602,0.10595639093360548,1.9325907239795315,-1.1920930624999997,102.8054979898682,102.81240928416402,151.395816,298.023259,-1.472188294774022,0.056899751320052,1.4725441904736998,0.29933357036901753,0.0022056022782002884,-0.14664487326917958,-0.9759952541030782
425,0,A,234,8013,2022-07-12 00:29:43.884,-0.015479125,0.05372938157083492,0.05591466493461263,0.119552,0.186137,-0.9576940598506543,-0.22428712356369992,2.1381152894290922,-0.0021615625000000016,0.09293157866339673,0.09295671393348895,0.149659,0.28538699999999995,-1.347782593005483,0.2137229104603257,1.6099859135197254,-1.7136338125000012,103.81307212575874,103.827214568394,151.395816,300.407446,-1.4430755555616368,0.07303508730679986,1.4581515706584922,-0.1303839765573483,-0.04984434425101833,-0.13443857775673693,-0.9899288762233908
426,0,A,234,8029,2022-07-12 00:29:45.484,-0.0023995625000000007,0.07983773360696116,0.07987378548489799,0.150327,0.284377,-0.8158845051431154,0.19573041851422235,1.8820567860580846,-0.009236625,0.09488752192983213,0.09533602183526958,0.159264,0.309354,-1.2993165836609852,0.18397626044968518,1.6705542871842407,-2.5331976249999997,105.61624338251227,105.64661829155429,156.164188,312.328376,-1.4055789205551101,0.0759778872621326,1.4781749811341025,0.08536036954482451,0.14915789803251667,0.02975578059720178,-0.9956245891381263
427,0,A,235,8047,2022-07-12 00:29:50.008,-0.03472125,0.07187175629767578,0.07981926180362106,0.149747,0.243062,-0.9702050342818094,0.195577741465347,1.8760759823665345,-0.005037374999999999,0.17323184007814318,0.1733050650262421,0.30231,0.583354,-1.0878112895899514,0.041404591036309835,1.744380638582166,1.0430813124999982,175.20162337666503,175.2047283963628,251.531631,498.294889,-1.5163383534211516,-0.014722369467003366,1.435644079370758,0.3874311665472109,-0.037326616222249205,0.053408878195263985,-0.9561583195832639
428,0,A,235,8063,2022-07-12 00:29:51.608,0.011058812499999996,0.10828132061280164,0.108844576013518,0.201495,0.38038,-0.7903583454109322,-0.5369868625402409,1.8512176479512883,-0.0012565625000000007,0.1792750501666255,0.17927945381878677,0.311891,0.525543,-1.3462160696172227,0.45458710262823065,1.7396918238899544,3.352761750000001,175.9656212986472,175.99755933072248,255.10791,504.255355,-1.4953880825228434,-0.04871671413862707,1.4494968621730646,0.5720499655116995,-0.12665372524785395,-0.026808177999680778,-0.976492062169218
429,0,A,236,8088,2022-07-12 00:29:58.044,-0.0013188749999999971,0.0745584148385303,0.07457007881516553,0.136968,0.261363,-1.1332858262116465,0.06842060349417572,1.8367688780308011,-0.0008650625000000021,0.060612395615984305,0.0606185684047182,0.120535,0.22201300000000002,-0.645735972325137,-0.03405965213489248,1.9884171331010558,4.470348937500001,94.4084815222792,94.51426031539125,134.706513,267.02884,-1.477445609604978,-0.08391151433083226,1.4252506717027504,0.5130610740726845,0.020683067573537422,-0.008167392504380217,-0.9854800887337468
430,0,A,239,8132,2022-07-12 00:30:15.875,0.004550312499999999,0.07716943514818443,0.07730347382192794,0.131481,0.22764399999999999,-1.2987929214369145,0.1891597352938199,1.7008420643925064,0.0037664375000000007,0.08891216135178637,0.08899190124773995,0.172127,0.28086900000000004,-0.8215615805477778,0.6697704129867312,1.934187241610049,0.14901181249999995,104.4679928520086,104.46809912622889,150.203723,299.215353,-1.5181859411036722,0.0013872027519154784,1.437795118857372,0.18060381620377453,0.07334942362597703,0.011271004177005103,-0.9493697453589395
431,0,A,239,8148,2022-07-12 00:30:17.475,-0.004518750000000002,0.08134727791965445,0.08147268699693168,0.149703,0.296967,-0.7730229794157402,0.2160323455883545,1.8374624124725127,-0.0002141249999999999,0.09255503628846665,0.09255528397598378,0.161932,0.28407,-1.1833167703099252,0.6153441282117974,1.7495705598182603,-2.0861628749999985,101.53587251831563,101.55730147850853,144.243257,286.102328,-1.4994019415841477,0.055319739971227154,1.4203139990926663,0.16141070740105218,-0.07442852912967958,0.0024349061863962957,-0.9724423540136897
432,0,A,239,8164,2022-07-12 00:30:19.075,-0.004527187500000001,0.06590759990530184,0.06606290299356743,0.138282,0.25690199999999996,-0.4372888244780686,0.2614081281909198,2.0931868527404034,0.00045612499999999993,0.0843670332023082,0.08436826619870175,0.176248,0.273455,-0.8934704570562686,0.5996857480428938,2.089031906675736,-3.203750062500001,98.65309837403325,98.7051054062537,141.859071,278.94977,-1.4632660109135969,0.07602927499145104,1.4372009473687486,0.16139281259630536,0.016598712464514036,0.008169158004158255,-0.9895735861773106
433,0,A,240,8182,2022-07-12 00:30:22.688,0.008994375,0.04456691743866043,0.04546546944247909,0.104843,0.19595800000000002,1.0951260841303174,-0.388335594879369,2.305991806213345,0.012498000000000002,0.03850754851162302,0.040484951480457526,0.075751,0.135297,-0.87445676109833,-0.21414673533536605,1.8710902997269425,-3.501773125,84.27207091586112,84.34479445387782,118.017211,232.458142,-1.4993940341732226,0.05834563951856852,1.399223411049217,0.29798388480230903,0.015832793211761967,-0.09740359884980124,-0.9977681430613524
434,0,A,240,8198,2022-07-12 00:30:24.288,0.006738,0.0730923068147394,0.07340222039897704,0.127513,0.233559,-1.4231739720678778,-0.046416280489883,1.7371817815170216,0.004661437499999999,0.05514544259271199,0.05534210728109745,0.101034,0.184502,-1.1083569588697406,-0.08944033540957194,1.8256261816490134,-3.6507849375000005,84.80159404536411,84.88014245566868,120.401397,239.610701,-1.4925865507946101,0.054843317690291486,1.4184872164049844,0.678289375663163,0.23228923709620655,0.0904244207791434,-0.9981179992471609
435,0,A,240,8214,2022-07-12 00:30:25.888,-0.0120971875,0.06246684106609957,0.06362741687501937,0.100665,0.187386,-1.5533906817199754,0.005744095956892903,1.5821010021156758,-0.0076781875,0.03756770749296986,0.03834432434614672,0.086317,0.130278,-0.7742190932365931,-0.25647863481369393,2.2511023853436116,-3.9488081250000002,85.45498652337115,85.54617353989372,120.401397,238.418608,-1.4961528947126197,0.03533902814625374,1.4074433959790364,0.2827722692231269,-0.12467430642777548,0.17727739972376366,-0.9995093416809346
436,0,A,241,8232,2022-07-12 00:30:29.999,0.017127999999999997,0.08811118464758036,0.08976051049320073,0.150713,0.285364,-0.9339685214166615,-0.43865843542498933,1.6790568499654017,0.010675749999999998,0.20429316498524247,0.20457191620002488,0.323089,0.603948,-1.3432439581663687,0.2192785123031401,1.5793419057779776,9.685755875,165.3461805306043,165.62962682723548,243.186979,485.181865,-1.4188632495349365,-0.05676688159361108,1.4682577245293371,0.4338344407096074,-0.014354279098273345,-0.06343002840166134,-0.9988190299736235
437,0,A,241,8248,2022-07-12 00:30:31.599,0.003862562500000004,0.09116085871069388,0.09124265203257464,0.174419,0.328212,-0.7023696481095802,-0.20762916611231041,1.9115950283616314,0.007177500000000005,0.20722330843319725,0.20734757308502552,0.330662,0.58819,-1.5253160775314258,0.2503228886927254,1.594723271076859,8.717180375,169.33162245833435,169.5558539185898,250.339538,494.71861,-1.4194545303556771,-0.06904035784892654,1.4764429078349457,0.6870792683760413,-0.13898833597532764,-0.05180089800055299,-0.9973813845430815
438,0,A,242,8275,2022-07-12 00:30:38.043,-0.006569,0.05933694363653221,0.05969945260322745,0.153543,0.23880400000000002,0.3401711229684117,-0.688807805999307,2.5719331301154886,-0.0075238749999999984,0.12300065320805974,0.12323055377878085,0.188511,0.359524,-1.1402642284667504,0.6043002181076138,1.5297423749178984,-5.811453437499999,129.28019172927662,129.4107451667548,191.926979,381.469772,-1.3889357768535808,0.086029914619305,1.4830837945696755,0.3010840695852719,-0.16762425446013976,-0.1072099860129492,-0.9969622875463159
439,0,A,243,8304,2022-07-12 00:30:46.032,0.005208187500000001,0.057343113547115174,0.057579144560443926,0.103727,0.192881,-1.1680533093563987,0.007986223733461029,1.8014682363179637,0.005911562500000001,0.055769210282162814,0.05608164928644218,0.125485,0.223557,-0.2122865539186627,0.3270082745144257,2.2375411849796683,-2.682209437499999,80.7258038769883,80.77035136145312,108.480466,216.960932,-1.5402484582938016,0.08403566190800871,1.3430728500182219,-0.17737384214604945,0.19538917284909355,-0.13787122571321891,-0.9942314407818211
440,0,A,245,8326,2022-07-12 00:31:02.945,0.0055986874999999995,0.0395592768809017,0.039953494078271805,0.090408,0.172524,0.23843495608068288,-0.07623400994115447,2.262830875889957,-0.004772687500000002,0.039761651214956395,0.040047065476917276,0.084521,0.146128,-0.3501987958028523,0.6134084891003008,2.1105416587569206,2.9057267500000012,82.4506740801911,82.50186000462998,109.672559,219.345118,-1.5739556157317751,-0.07148758357172372,1.3293343809926859,0.1945176470091717,-0.048069621588261606,0.1668098661340062,-0.9858974975125276
441,0,A,245,8342,2022-07-12 00:31:04.545,0.004902625,0.0379223098285742,0.03823790416098926,0.091873,0.166484,0.21336823319164644,0.12202436583194998,2.4026682951344878,-0.0018391249999999992,0.04845441744680638,0.04848930759327256,0.110679,0.191723,-0.27347455162345824,0.38728513987244384,2.2825444514154225,3.650784999999999,81.7708359315204,81.85229282100687,109.672559,218.153025,-1.5410330152272729,-0.0860120026029684,1.3398837738098552,-0.04020581753822285,0.23967304050779642,-0.012256073221169166,-0.9926743762823997
442,0,A,245,8358,2022-07-12 00:31:06.145,-0.00632075,0.049940335831244666,0.05033874276836878,0.071698,0.141166,-1.5823640920683704,0.13078471141460382,1.4243105023483558,0.00038593749999999913,0.06230752421103404,0.062308719462547936,0.12118,0.236363,-0.6916404470205855,-0.03825353947825788,1.9448321365814294,4.172325562500001,81.14117648173915,81.248377346506,110.864652,219.345118,-1.5324344817266984,-0.07628298932141676,1.364515275513593,0.05817791153527384,-0.13112424025955022,-0.06015848010205835,-0.9960335040603859
443,0,A,246,8376,2022-07-12 00:31:10.998,-0.00022799999999999557,0.09666400596848343,0.09666427485826913,0.192893,0.313407,-1.1389520266358772,-0.3035673979301736,1.9954942017909216,0.0036196875000000014,0.10080541311216795,0.1008703794496308,0.164894,0.282764,-1.3737096357558516,0.428920791731197,1.634711804393867,-1.0430814375000006,113.56670871170411,113.57149883000712,169.277211,332.593957,-1.4672369160736798,0.058701109309148805,1.4904902439772565,0.23181558477920822,-0.05437989474687445,0.02305736680832687,-0.9733591522923123
444,0,A,246,8392,2022-07-12 00:31:12.598,0.005822625000000003,0.09299001267600933,0.09317212791052376,0.15865,0.31402,-1.1236691698422079,-0.009756818158193292,1.7027624414927691,0.005489250000000002,0.11116235893924481,0.11129780730319892,0.199601,0.32431699999999997,-1.2269599389133674,0.523358632911957,1.7933956188035618,0.8940698125000002,112.13716691796347,112.14073107134992,164.508839,327.825585,-1.4989191275324636,0.007132501637808618,1.4669856119925835,0.19720037521344844,0.0521331849727557,0.001984619445634346,-0.9462776785647288
445,0,A,246,8408,2022-07-12 00:31:14.198,-0.0006584999999999998,0.0909581256753623,0.09096050928081373,0.17366,0.334194,-0.6835968416679474,-0.01631525262462369,1.9091801637112211,-0.006005937499999993,0.10578528724701555,0.10595564299832029,0.191177,0.303439,-1.111814400428356,0.6813520943203764,1.8043116401363422,2.2351744999999994,111.05745870466254,111.07994931122033,160.93256,319.480934,-1.4838732324784911,-0.03894429068315916,1.4487993647629795,0.16152221917417886,-0.030874472258555555,0.07167001662270772,-0.9627286946884004
446,0,A,247,8426,2022-07-12 00:31:17.932,0.005490999999999999,0.08341939076812417,0.0835999152937669,0.16162,0.2933,-0.851396474256704,-0.41482233575479777,1.9332555473540078,-0.0078730625,0.06980826963321461,0.07025083360581923,0.15745,0.254586,-0.04849009363735135,0.9610843577991769,2.241254543447263,-3.50177325,89.61284250144287,89.6812352562275,127.553955,255.10791,-1.440515187964406,0.06789851646291013,1.422303725362019,0.37619967908271534,-0.11225387840150504,0.07446670957479991,-0.9975839461539442
447,0,A,247,8442,2022-07-12 00:31:19.532,-0.0003459999999999982,0.07338152248267271,0.07338233818757071,0.150221,0.283389,-0.45863770411205573,0.016546487796304937,2.047100211171031,0.0014038750000000006,0.05072837887203153,0.05074780081934586,0.105883,0.162352,-0.7703987462535613,0.6941299161286139,2.0864549456424077,-2.235174499999999,92.36978383089182,92.39682337619153,133.51442,264.644654,-1.463801173718422,0.06947693104371622,1.4450109335079533,0.4691086008626938,-0.16938817756231353,0.06934600572063114,-0.9911684353015401
448,0,A,247,8458,2022-07-12 00:31:21.132,-0.005969437500000001,0.08909467521194009,0.08929443059445252,0.159747,0.29405000000000003,-1.0156062805875996,0.012244486602165205,1.7889917538700828,0.002024874999999998,0.06067016418396587,0.06070394501904304,0.129487,0.21175,-1.0084551829250048,0.45990307211113884,2.1330903610857495,-1.2665988125000007,93.90756748552145,93.91610886104466,133.51442,265.836747,-1.4996870414254344,0.05557328346079024,1.4216349209861725,0.2702834443852137,0.2592053161794231,-0.04582882896805921,-0.9756343992527235
449,0,A,248,8476,2022-07-12 00:31:25.907,-0.0060888750000000005,0.05843456868035714,0.05875094225308221,0.144323,0.224692,0.253961005618228,0.8649062800846418,2.4565223035623482,0.008524437499999999,0.1780318820390637,0.1782358467229937,0.299218,0.5294369999999999,-1.3214217819306688,0.05151905342723388,1.6787756531660627,5.8859594375,166.43229907093368,166.53634646087502,243.186979,481.605586,-1.437107566462661,-0.07738114420253772,1.4602636851837794,0.6658749394431536,0.16822014694503643,-0.04818604141490227,-0.9912257381871573
450,0,A,248,8492,2022-07-12 00:31:27.507,0.006572937499999997,0.08684478257822166,0.08709316717422498,0.218494,0.34990699999999997,0.21926826409250788,0.5372816039076981,2.508738711533076,0.0207915625,0.18687349515179003,0.18802657328536704,0.314386,0.572739,-1.3113058347294984,0.0805784923936676,1.672029620636961,3.5762789999999995,167.64172561170776,167.67986741871238,239.6107,478.029307,-1.4791634444737654,-0.04674205546322928,1.428977155627572,0.5199663918813343,0.004243509305532388,-0.04663481615250396,-0.9788039192096314
451,0,A,249,8511,2022-07-12 00:31:33.901,-0.0023905624999999986,0.08195272128105993,0.08198758024504382,0.157864,0.289327,-1.162641968797717,-0.1337421757986259,1.9254623630576404,-0.010616874999999998,0.11304229588514371,0.11353976701468962,0.205656,0.338021,-1.000151128287355,0.7144925743960728,1.811312506686688,7.0780523125,117.7206726805958,117.93326757497421,181.198141,355.243724,-1.396079356547966,-0.07384642590556971,1.5364463711209064,0.35200671780169185,0.11972768924291032,0.1333255332375328,-0.9968519236931923
452,0,A,251,8543,2022-07-12 00:31:51.200,-0.0014818750000000019,0.0855354303336306,0.08554826588467472,0.166054,0.297569,-0.885192482609825,-0.24722962052181444,1.9410562947453882,0.0030156874999999967,0.1542827926705206,0.1543122629129406,0.289477,0.498159,-0.954146077037425,0.5456872075288549,1.8759170174525677,7.003546624999998,152.08525779053718,152.2464295231343,227.68977,445.842796,-1.4281909995028328,-0.0819302623776428,1.4955343827317924,0.35239972795612645,-0.028514461480914344,-0.05998826739204348,-0.9939293219305415
453,0,A,251,8559,2022-07-12 00:31:52.800,-0.0007899374999999972,0.08717555503369964,0.08717913395238278,0.173148,0.317858,-0.776093332082997,0.0018018253660048167,1.986117458961836,0.008697187500000002,0.16409752426652374,0.16432783860567418,0.283789,0.49364,-1.3860541443986665,0.30470897754486165,1.7269684942487942,8.493662812499998,148.16395004550927,148.40720468043529,222.921398,443.45861,-1.4072614926917697,-0.07593516046026633,1.5020928295227707,0.6380960141890494,-0.06782510308726984,-0.04502341553433682,-0.9960207987656591
454,0,A,251,8575,2022-07-12 00:31:54.400,-0.00033168750000000125,0.05997480249729751,0.05997571968044652,0.170936,0.28152699999999997,2.168428123761564,-0.8801996273485778,2.8500866835905447,0.007455375,0.15000786638784772,0.15019301779585162,0.333346,0.530198,-0.770588094180765,0.5121765963394601,2.2194507101062264,9.387732687499998,143.925102133944,144.2309417194458,214.576746,427.96139900000003,-1.4084528084106842,-0.06484118806821863,1.48773032639133,0.38230196782717213,0.1736665656350509,-0.06736071746209159,-0.9976821424401672
455,0,A,252,8593,2022-07-12 00:31:58.020,0.011438750000000001,0.0439851597054336,0.04544820431958781,0.088461,0.150874,-0.8920343207746915,0.2518570046868431,1.946413534359905,0.003886062499999999,0.05293251002393136,0.053074966784610426,0.127015,0.19838699999999998,-0.2595016819291782,0.6749751865693662,2.3931244369017515,2.3096803125,81.10336956859352,81.13625070537712,108.480466,215.768839,-1.5879547849515299,-0.05952635140203619,1.3370160077265032,-0.09413098795441167,-0.11095989803566203,0.05707392218146757,-0.9801297725049475
456,0,A,252,8609,2022-07-12 00:31:59.620,0.007425500000000001,0.04020960540561173,0.040889490301604395,0.076029,0.119993,-1.338981097015015,0.3341350455462972,1.859377542718277,0.007635437500000002,0.05356039438331363,0.05410190155911805,0.130432,0.209229,0.447466773547196,0.8784261605839893,2.4108579595390887,3.1292441250000005,80.61060894085394,80.67132354566354,109.672559,216.960932,-1.5470039254554129,-0.07616194983258737,1.3594986939556097,-0.02918457139784591,0.09053096084444939,-0.10220280661679926,-0.9915620738990593
457,0,A,252,8625,2022-07-12 00:32:01.220,-0.0178220625,0.033740753034106896,0.03815841096092053,0.086845,0.128905,-0.10808160173406511,-0.2585549194918058,2.2759071411265333,-0.0113179375,0.04259180893738365,0.04406992055600396,0.08478,0.16470200000000002,-0.014785954769918064,0.43645041028571024,1.9237611261917698,4.321337250000001,80.15537631476168,80.27177777892611,108.480466,216.960932,-1.5226841917378464,-0.08807014323918888,1.351414768696945,-0.12116527283943268,0.09218208732915908,0.21298433443078282,-0.9942352292428221
458,0,A,253,8643,2022-07-12 00:32:05.948,0.013773312500000003,0.06625963931734645,0.06767602189614502,0.134771,0.25788900000000003,-0.299871613413651,-0.1174256675635813,1.99141433293491,0.015271249999999998,0.1465132150266231,0.14730693552579252,0.270651,0.451406,-1.4273528502674007,0.2808184089940879,1.8373269325978931,-5.0663955,144.1308389548499,144.21985682003466,209.808374,416.040469,-1.4164164360820357,0.08671289074759893,1.4547814609316263,0.5887708068472668,0.258095892095721,-0.04695449211614048,-0.9954897362294671
459,0,A,253,8659,2022-07-12 00:32:07.548,-0.010561625,0.058290586833204684,0.05923968632597576,0.114881,0.22269499999999998,-0.29469558832749687,0.4770120584516022,1.9392573986271482,0.006332812499999998,0.15992817893988334,0.1600535127174268,0.279768,0.518254,-1.2321465727001213,-0.059353404402507554,1.7479653851392079,-6.034970874999999,143.6951021969783,143.82177605933717,213.384653,423.193027,-1.3988108020789252,0.08450873911249318,1.483674161498068,0.5444481140301893,-0.224835500486705,0.05228381365829015,-0.997541900873086
460,0,A,254,8681,2022-07-12 00:32:13.976,-0.004965937500000002,0.0705445626895411,0.07071913362246811,0.129828,0.255789,-0.23991758313364198,0.10287866158853903,1.8358256577785967,-0.007041499999999999,0.133267970485222,0.13345386723321284,0.279346,0.435318,-0.5804792054576327,0.7828128344475396,2.093202735832587,7.897616312499999,129.87720622588247,130.11710510328712,197.887444,394.582795,-1.395398658715231,-0.060582852347665785,1.5208411211033068,0.48384154102292254,0.014270998041911839,0.06101635715262378,-0.998562076871906
461,0,A,257,8727,2022-07-12 00:32:38.608,-0.0184379375,0.038559421328432736,0.042740923158461376,0.090191,0.16954999999999998,0.8278593669797871,0.5042658082391832,2.1101790353385237,-0.0009271875000000005,0.057364259737900776,0.057371752386845394,0.103926,0.196333,-0.6386997798995457,-0.32104122707718286,1.8114489391791508,-3.2037499374999996,79.92550283418937,79.9896869412554,110.864652,219.345118,-1.5286884394406195,0.06325576854685865,1.3859868220439373,-0.22816322345263979,0.08169579606568554,0.04846482632321335,-0.9977456009787825
462,0,A,257,8743,2022-07-12 00:32:40.208,-0.0026448125000000013,0.04923748874868969,0.049308471193472425,0.11217,0.20623200000000003,0.010177234169176153,0.42149724956357487,2.274862661222588,-0.0015588124999999977,0.04687753415579091,0.04690344448905112,0.107813,0.190553,-0.18111690751820575,0.4473056448747501,2.298615830339865,-3.725290812499999,79.72985558607418,79.81683821985146,108.480466,215.768839,-1.5389174762486586,0.05495635666249423,1.359117554884798,-0.3145035910481582,-0.10173363262938435,-0.05978109860470217,-0.9979738459484013
463,0,A,257,8759,2022-07-12 00:32:41.808,0.018626249999999997,0.04445500242871999,0.04819942354427073,0.110263,0.163113,-0.6000210199666527,0.19893591652767695,2.287641467303534,0.006045812500000001,0.05627771021485632,0.056601523970759834,0.116169,0.19489,-0.5675299484457077,0.4583937563555044,2.052400568931899,-3.501773249999999,80.10615588158832,80.18265788822258,109.672559,219.345118,-1.5328125812206792,0.06225988261001193,1.367784030717557,0.034423914312830886,0.15005616263278512,0.07986422487935864,-0.997546513218166
464,0,A,258,8777,2022-07-12 00:32:45.771,0.03523775,0.08413204191069237,0.09121348311036588,0.201536,0.311999,-0.757314731467897,0.0871361010262614,2.209497906752961,0.007175937500000001,0.13592055196440528,0.13610984727532574,0.239015,0.421967,-1.261650013110412,0.4240197823262969,1.756044876874453,-2.086163,137.4552928775159,137.4711228444223,202.655816,395.774888,-1.4400457615078697,0.07792541622707835,1.474170078827013,0.40779335557296326,0.03818702539588063,0.015237570520641406,-0.9880002441079522
465,0,A,258,8793,2022-07-12 00:32:47.371,0.015671125,0.051096773070658526,0.053445901405065666,0.102527,0.19580999999999998,-0.13483133503826794,-0.5880773527457099,1.918332319310127,-0.0034251250000000002,0.1357461988735205,0.1357894030838747,0.269374,0.45899,-1.0224583422231963,0.5459922103615935,1.9837630469117866,-5.1409013125000005,138.54249576666757,138.6378447595099,203.847909,404.119539,-1.398143663351608,0.08920806978377564,1.4703626513641181,0.3964491665529054,-0.1981121127191558,-0.04584086447605091,-0.9943887940687017
466,0,A,259,8822,2022-07-12 00:32:53.644,0.039224375,0.07787246659191793,0.08719330620666933,0.173096,0.296865,-0.44305563691197314,-0.11023285593593607,1.9851982626937026,0.022749,0.18688379798252977,0.18826330218440077,0.32119,0.600463,-1.3233113251403616,0.11606056351453434,1.7060680242684776,3.0547383749999995,181.8801395722778,181.90579044486452,261.068375,520.944657,-1.4857574420544546,-0.05866711995366435,1.4351845225022102,0.6424224982307352,-0.034625486354890336,-0.043974573583623465,-0.9759329551562445
467,0,A,259,8838,2022-07-12 00:32:55.244,-0.021786625,0.08420668616704005,0.0869794402380528,0.156407,0.303314,-0.31409228439789194,0.4024913555130709,1.7982065597563273,0.0017087499999999959,0.18972553785485102,0.18973323256845384,0.324721,0.624509,-1.1642451053055092,0.2329155676068262,1.7114608527151083,0.5960464374999983,178.8422653633257,178.84325861390994,259.876282,513.792099,-1.5083805792800797,-0.011687170976730131,1.4530952075807655,0.33440436136392115,-0.12976853529764343,-0.08139138114978461,-0.9544650701890998
468,0,A,260,8854,2022-07-12 00:33:01.594,-0.013945812500000002,0.05918427842786751,0.06080513546825219,0.112694,0.201657,-0.05327694355150214,0.955656630049189,1.8533631926342837,0.0049777499999999995,0.0500562729267022,0.050303165450844144,0.118448,0.18282199999999998,-0.5311871235016907,0.43439580746658357,2.354682830362762,-3.3527615625,88.20604303128374,88.26974021334637,121.59349,241.994887,-1.4571273727189122,0.09454478810051348,1.3775217838651246,-0.06510582783473969,-0.15960237802741523,0.194532621064294,-0.9967522275312195
469,0,A,261,8873,2022-07-12 00:33:09.576,-0.0055598125000000005,0.08451412099408206,0.0846968013707572,0.192139,0.331561,0.134958886619998,-0.6576003042076254,2.2685508412403728,0.000123624999999997,0.14096214443152594,0.1409621986416039,0.250308,0.41930999999999996,-1.2410636527386625,0.53616606842527,1.7757101010917655,8.493662812499998,143.09888673576415,143.35073663217608,215.76884,426.769307,-1.4120140439201112,-0.06793118708234809,1.5051812433558796,0.30691269384040715,0.003728166951508944,0.0010889162129998663,-0.9975479090408625
470,0,A,264,8911,2022-07-12 00:33:34.840,-0.0033102500000000016,0.07888860473042035,0.07895802499667148,0.156843,0.27681500000000003,-0.8959614103742664,0.3727733629332889,1.9864098678584199,-0.005276937500000002,0.1865640187845947,0.18663863258831892,0.312851,0.600122,-1.175467344159548,0.19820309346147175,1.6762392419048417,0.44703475000000026,158.76606977720715,158.76669912978826,231.266049,456.571633,-1.5039090377386792,0.01362584195817202,1.4566407834110422,0.7539646933423132,-0.057035517196741894,0.03225322056333775,-0.9571597876157172
471,0,A,264,8927,2022-07-12 00:33:36.440,0.0026459374999999972,0.07977195935796358,0.0798158285370922,0.150054,0.256947,-1.126618981727343,0.36067496510004515,1.8800030363684888,0.017394812499999995,0.18598813329256342,0.18679979985953546,0.303984,0.58676,-1.2220466097519234,0.006416904837556206,1.6273250840128386,-1.5646219999999973,160.53454818453363,160.54217266131425,234.842328,466.108377,-1.4866716990624624,0.050585435121606084,1.4628077103169155,0.47413744679977143,0.02960145790419915,0.03365744028892718,-0.9766370054745316
472,0,A,264,8943,2022-07-12 00:33:38.040,0.003811187500000001,0.08625716781246265,0.08634132353159465,0.155072,0.293436,-0.9367017390592896,-0.03161457202482329,1.7960345481993323,0.012466124999999998,0.1964488266135977,0.19684396295130568,0.307753,0.587316,-1.4256173379742179,0.15465690418599387,1.5634363146617327,-3.427267437500001,161.57691790087995,161.61326232842356,240.802793,476.837214,-1.4468840736929687,0.07386488923520197,1.4899940112009549,0.5668190992520763,0.08983069777338583,-0.006823287543616916,-0.9907755825163725
473,0,A,265,8961,2022-07-12 00:33:41.534,-0.0013828749999999996,0.03826381436140907,0.038288795133171794,0.071008,0.126702,-1.0685923126313064,-0.15535849646765748,1.8545373327373698,0.0016229374999999994,0.12503236213250388,0.12504289466644036,0.206024,0.382764,-1.4157044451079621,0.0966413744933734,1.6476266048509334,2.831221062499999,142.89640330885143,142.92444819312988,211.000467,418.424655,-1.4916845779175438,-0.027183990605323546,1.4763077252877048,0.11355968985615478,0.12646088284792387,-0.05576251646533341,-0.9579656262347278
474,0,A,265,8977,2022-07-12 00:33:43.134,0.0021833750000000013,0.08355655326250225,0.08358507474124792,0.166489,0.271729,-0.8252641536151315,-0.52204145434611,1.991850824030433,0.005525812499999996,0.1314917419979382,0.13160779922723995,0.245011,0.406821,-1.2861468934010087,0.44022479961103855,1.861675382755645,4.172325562500001,139.3774204795915,139.4398567130085,206.232095,407.695818,-1.4599557887960035,-0.06002540053740163,1.4790039222749742,0.4445805589970168,-0.06883566605575057,-0.04394976901311367,-0.9830242688832129
475,0,A,265,8993,2022-07-12 00:33:44.734,-7.737499999999758e-05,0.0687260253814694,0.0687260689376673,0.129093,0.235149,-1.02161647017352,0.03594491151231427,1.8783702021002233,0.0027554375,0.13533717584978672,0.13536522301836798,0.219024,0.414644,-1.317561298005252,0.2778113026441069,1.6180226731520266,6.0349709375,135.7982271614957,135.9322602417162,207.424188,408.887911,-1.4076544530369954,-0.07313562165265698,1.5259379019458374,0.4433879457608253,0.05189801622532758,-0.061058001071190096,-0.9938388278539155
476,0,A,266,9011,2022-07-12 00:33:49.428,0.008663937499999998,0.04906417261285055,0.0498232560877699,0.101965,0.182333,-0.24835849118019304,-0.7898088518678017,2.0465342493950196,0.0021265625000000017,0.06192635996888639,0.06196286248280094,0.100555,0.189804,-1.2261208704287436,0.30403303491588446,1.6228268993852746,4.470348812499999,79.28258928542317,79.40851958263998,109.672559,216.960932,-1.531525711285485,-0.06415131324372408,1.3811182928031345,-0.08565106769813907,0.2286374924092449,0.0365059219004177,-0.9981021375408091
477,0,A,266,9027,2022-07-12 00:33:51.028,0.0020667499999999974,0.052143394086044105,0.05218433675323468,0.107608,0.20812799999999998,-0.43315009385626535,-0.019067042664701606,2.062074689362222,0.005277625000000001,0.07471759879362007,0.07490375755010559,0.130484,0.24386799999999997,-0.8869962114409771,-0.43866094149649903,1.7420220863114237,4.097819750000001,79.7589183464363,79.86411698940259,108.480466,215.768839,-1.5303947897397927,-0.06670305486835659,1.3583129706973984,0.15633531444102466,0.06802555431509018,-0.11378784998087332,-0.9989054885547995
478,0,A,267,9050,2022-07-12 00:33:57.398,-0.00012825000000000033,0.07723611075097904,0.07723621723000162,0.198366,0.33113,0.6653985433624321,0.6000020698291472,2.5683028909777668,-0.0016250000000000014,0.15882653426970256,0.15883484697359393,0.270309,0.49173300000000003,-1.1194037785937831,0.4592324024156719,1.7018242857308163,4.842878000000001,150.30803515827407,150.3860329301356,219.345119,436.306052,-1.4528904445812656,-0.061098955903747726,1.4585471451454572,0.5253889310313866,0.17798542803697118,0.023332894685330924,-0.9891053396249017
479,0,A,270,9095,2022-07-12 00:34:15.359,-0.011313062499999998,0.09134077149093166,0.09203869794650237,0.157852,0.313941,-0.8297429550641118,0.3858173961480984,1.7150612027535603,0.0094895625,0.19839635008013906,0.1986231696493702,0.355106,0.609977,-1.2705405503432456,0.38045258360460393,1.7878377463559219,-9.164215250000002,157.16805153320294,157.43500012351723,236.034421,461.340005,-1.4379363902407385,0.037993266239495255,1.499249981356222,0.7169537149815852,0.1166043005530204,0.03479788784461232,-0.9993286309359982
480,0,A,270,9111,2022-07-12 00:34:16.959,0.007847625,0.09624167582632472,0.09656109663834603,0.239062,0.361931,-0.09067837552382851,0.6981380651153354,2.4757589580342905,-0.012111000000000002,0.20668780020540642,0.20704232194107078,0.350417,0.623941,-1.2131222435305724,0.39332912175007195,1.6924897128024727,-8.717180312500002,159.90480580552298,160.14223725270813,243.186979,482.797679,-1.40765093686252,0.06358254308302351,1.5185686373061305,0.5154093771012159,-0.002943441725248584,-0.04449425573179438,-0.9984828034392101
481,0,A,270,9127,2022-07-12 00:34:18.559,0.0033263749999999995,0.07904039600567785,0.07911035944410189,0.161674,0.309456,-0.3100377168416406,0.07492290193183149,2.0436514400397368,-0.017202812499999998,0.19502698602924762,0.19578422315795135,0.339144,0.624475,-1.3170038410276828,0.20361733596554835,1.7322335504347117,-7.4505815,162.7166054804458,162.88709237925264,243.186979,482.797679,-1.400361073248932,0.07865531408747123,1.4929788201620289,0.33298211876416145,0.0212792436660179,-0.07818648159483164,-0.9968448787880315
482,0,A,271,9145,2022-07-12 00:34:21.987,0.007129312500000001,0.07790429200364922,0.07822982685211888,0.189963,0.331879,0.4299220108331996,0.13615302706241894,2.428268189307066,-0.006682249999999997,0.16152079470980663,0.16165896074375213,0.272016,0.44823899999999994,-1.1119007789609492,0.6330453138956023,1.6826534003962597,4.246831250000001,151.64960834927876,151.7090613251417,224.113491,447.034889,-1.4453994261558174,-0.0801157251151682,1.477258438239768,0.5650920481161165,0.13360898463962365,0.09272182247822065,-0.98657917499543
483,0,A,271,9161,2022-07-12 00:34:23.587,-0.0020454999999999987,0.0812968912635963,0.08132262046549533,0.200362,0.359138,0.5952927081594428,-0.36296585244916235,2.463791732891986,-0.007237749999999998,0.16096954031527982,0.16113217535419486,0.280599,0.523511,-1.18931446958904,0.29070728572554183,1.7414212858679374,1.7881396875000002,149.92613879578775,149.93680181248308,220.537212,433.921865,-1.4916248295653922,-0.038849506468928,1.4708677878551297,0.3985053024839403,-0.09398842973249216,0.03471038497901421,-0.9641216422827613
484,0,A,271,9177,2022-07-12 00:34:25.187,-0.0068365000000000006,0.061799131200406046,0.062176123627764056,0.132901,0.26368,0.3876837250991274,-0.17933035133208108,2.137492533237542,-0.009035937499999999,0.15089305035457595,0.15116335803299852,0.273253,0.45981900000000003,-1.0759329643447153,0.5992745800402226,1.8076669078782286,-0.5960465625000033,147.31214628188775,147.3133521228845,215.76884,426.769307,-1.5019396221425256,0.005479659475865456,1.4646930294547362,0.18269634880597285,0.010206670178245622,0.013396403101913484,-0.95064371445489
485,0,A,272,9195,2022-07-12 00:34:29.244,0.0115175,0.033444988055013565,0.035372588712872,0.070665,0.11676800000000001,-0.9414803654529935,-0.12749997272648456,1.9977333458290312,-0.0009347500000000016,0.06891963492040928,0.06892597358851742,0.132553,0.253461,-0.6912386338671679,0.4505375759425798,1.9231211849299492,5.364418562499999,80.69113876550071,80.86925782883745,112.056745,219.345118,-1.5198338748764693,-0.06352569863579241,1.3856531889679504,0.11232805957216103,0.26610478672077836,-0.3081698088542501,-0.9975400676539017
486,0,A,272,9211,2022-07-12 00:34:30.844,-0.0071074375,0.036000726148872245,0.036695612149990085,0.079016,0.138373,-0.5017377007691799,-0.16637758068983877,2.1532819694362653,-0.001740000000000001,0.059720538268882004,0.059745880955301006,0.098369,0.18265199999999998,-1.4289125383005572,0.15714849599892527,1.646456599637303,5.4389245000000015,80.49273202670986,80.6762778568795,110.864652,220.537211,-1.5154797300646807,-0.0774454189298065,1.3741914593119304,0.10658124611044369,-0.2296202943697164,0.20790189216079666,-0.9968709287923982
487,0,A,273,9238,2022-07-12 00:34:37.168,-0.013294125,0.07701321516213548,0.07815221730139843,0.203923,0.347535,0.8064452897947803,-0.37705522704356165,2.6093053663923502,-0.0066669999999999984,0.11140653525769932,0.11160584656336335,0.205414,0.348977,-0.8555557839041881,0.6593605427262081,1.8405308173831003,0.8940696875000005,133.28038640347492,133.283385162839,195.503258,383.853958,-1.5096424658661807,0.003648563536967672,1.466823923785728,0.5659981032519509,-0.057220138183192715,-0.00039300949751260375,-0.9480972796086539
488,0,A,273,9254,2022-07-12 00:34:38.768,0.004260999999999999,0.07056939307961348,0.07069791623962476,0.134486,0.247774,-0.8607865957604424,-0.253419660770996,1.9022625722683364,-0.0005389375000000004,0.12237772888707567,0.12237891559083003,0.186579,0.347194,-1.4875114487662304,0.3699321051350968,1.5246008603624246,3.501773250000001,129.77157094160006,129.8188085007144,189.542793,376.7014,-1.4928081614976259,-0.038404724078448554,1.4600564832557135,0.34150780568679134,-0.012778268208833831,-0.03593824741744001,-0.9669820916886719
489,0,A,274,9283,2022-07-12 00:34:45.928,-0.005671875000000002,0.04827651372027992,0.048608558330812485,0.086526,0.15782200000000002,-0.961097885869167,0.1266634702398963,1.780056907080744,0.0036865624999999997,0.06696308833227523,0.06706449091779121,0.132799,0.23959999999999998,-0.6310764563263676,0.4355585759642179,1.9801686135631338,4.470349000000001,81.80779157832418,81.92984061442039,112.056745,222.921397,-1.5030545535594508,-0.07846981974210357,1.3677158915438805,-0.02432197190655066,0.54139285921673,-0.14278815694811825,-0.9963105044269575
490,0,A,274,9299,2022-07-12 00:34:47.528,0.004067124999999998,0.04114684135185075,0.041347358549247135,0.075695,0.143801,-0.9155333151357388,-0.12300242669312411,1.8307094493072105,0.002692374999999997,0.06535523098791997,0.065410665037324,0.140564,0.234626,-0.3929802465755241,0.6696996460829555,2.1489461989079723,6.1094768125000005,80.43522983332464,80.66691952257898,112.056745,221.729304,-1.5223046565918195,-0.07509669409946457,1.3891288481474107,-0.03882632399925244,-0.12986769714017757,-0.06689758440502835,-0.996585586468552
491,0,A,274,9315,2022-07-12 00:34:49.128,-0.0018535625000000002,0.047165036772445046,0.04720144476271356,0.089507,0.160024,-0.6588147091761858,0.47658730467539057,1.8962767019094595,-0.010119187499999998,0.06375455934697803,0.06455262808892834,0.161647,0.262442,1.1508647613463339,0.9305637997422584,2.5041118353433034,5.811453437500001,79.18212148470339,79.39509653545713,110.864652,218.153025,-1.5240761549090425,-0.07267122118856857,1.3963664865687122,0.005199376905099508,-0.47222750842624783,0.3887288518835152,-0.9968849385972172
492,0,A,275,9333,2022-07-12 00:34:53.056,0.019295749999999997,0.053114715955773495,0.05651105218561233,0.153607,0.203655,0.2508338027706123,0.8594529182911426,2.7181762515316996,0.008149812499999999,0.088676932744104,0.0890506476376646,0.179271,0.288952,-0.9829565439849,0.5601328010458761,2.013135274764426,7.152558125000001,111.52841075681785,111.75752991934364,169.277211,337.362329,-1.3825516227752659,-0.055053571755957126,1.5146828238076557,0.5505428409537131,0.17016569778397758,-0.022433450355482165,-0.9984674247202656
493,0,A,275,9349,2022-07-12 00:34:54.656,-0.024238375,0.05803044343583267,0.0628890386951494,0.140363,0.231958,-0.5434811710750687,0.014454593734126164,2.2319151781028275,0.0026039375000000003,0.08445096675325033,0.08449110175670868,0.145813,0.234399,-1.1606308738595983,0.6332265938819599,1.7257793657356622,7.450581437499999,109.13634536923219,109.39036997976169,166.893025,323.057213,-1.4003820336685393,-0.03474465404402027,1.5256646908761426,0.681293877284474,-0.31061437084487203,-0.0392171660362409,-0.9994596468363425
494,0,A,276,9380,2022-07-12 00:35:01.171,-0.027449750000000002,0.10763160002381968,0.1110767756947869,0.254462,0.48934900000000003,0.9962873220329369,0.19872338327369488,2.290865920516115,0.0024471874999999928,0.1994078581974701,0.1994228739075899,0.313916,0.582866,-1.3847814384254764,0.20212954046802115,1.5741223353619143,3.0547383750000003,176.2499417863752,176.27641193943205,252.723724,498.294889,-1.4921024290171114,-0.03378284556365591,1.4336786256282263,0.4736822405014799,-0.15192935140887026,-0.09191317459170362,-0.9747507755929871
495,0,A,276,9396,2022-07-12 00:35:02.771,-0.016379062500000003,0.10593470200285453,0.10719344558699706,0.20528,0.3782,-0.7149525706828634,-0.05262158251059976,1.915042462492699,-0.0020353124999999976,0.20010940476921577,0.20011975508195712,0.345864,0.612089,-1.3001327087793135,0.29470289726556276,1.7282851453538643,2.011656937499998,180.4302410601185,180.44145491722978,256.300003,511.407913,-1.5059891006530521,0.005650684599965337,1.420405322699084,0.6568117792842745,0.16941960146174345,-0.011512849585057444,-0.9662707861890717
496,0,A,277,9412,2022-07-12 00:35:09.147,0.01203775,0.05613192658650244,0.057408192859338465,0.102178,0.19531,-0.9420835427272443,-0.3958713377112161,1.779850486678034,-0.001851,0.05846128317955397,0.0584905790020923,0.127171,0.213748,-0.244203397676658,0.5787056089071408,2.174213389056226,6.109476687500001,79.26732414793798,79.50241746619645,110.864652,218.153025,-1.5227643291409905,-0.07755928794492906,1.3944815206045582,0.09321790450427979,-0.18867234563737156,0.10649120131529861,-0.996658320886507
497,0,A,280,9449,2022-07-12 00:35:34.214,-0.002969687500000001,0.07770954287981524,0.07776626581260991,0.209271,0.32676900000000003,1.0195176333880864,-0.9188004283546243,2.6910254441723036,0.016156250000000004,0.18897148315403967,0.1896608706599756,0.327945,0.566721,-1.452381195697127,0.1439345082407652,1.7291125937512986,1.8626453749999996,184.8623496055006,184.87173323539577,263.452561,525.713029,-1.4953415940583703,-0.04909604110640076,1.4250559368345828,0.667286777580004,0.2047801171278555,0.07273643431020324,-0.9815027161637234
498,0,A,280,9465,2022-07-12 00:35:35.814,-0.009787499999999998,0.08919051254337537,0.08972593094529585,0.22797,0.334887,0.10290404673982145,-1.035618368298454,2.540737082337868,-0.0069179375,0.1908708872256547,0.19099621318121074,0.267352,0.5310379999999999,-1.505816823349503,0.2169680869830895,1.3997764434541196,5.513430375,188.4769752550153,188.55759893406477,270.605119,538.826052,-1.4622644653443277,-0.06935223446643199,1.4351323973669488,0.35870051836637873,-0.1781604489348092,-0.04568787528326134,-0.9913942111931061
499,0,A,280,9481,2022-07-12 00:35:37.414,0.009183187499999999,0.1003220546317077,0.10074147893587576,0.197959,0.380119,0.006066648242267103,-0.1093323646995285,1.9650197921553783,-0.013509124999999997,0.18603099425830733,0.18652084945924946,0.303535,0.555561,-1.1047805736844025,0.5496710400247176,1.6273515849836158,9.3132268125,185.13084861336208,185.3649570495045,269.413026,532.865587,-1.426176946572891,-0.07443376594812763,1.4534194072510112,0.5008997095136439,0.22048051848868574,0.06562934879654764,-0.9958634008615787
500,0,A,281,9499,2022-07-12 00:35:41.235,0.014958499999999998,0.02960166420786169,0.03316647774674,0.070403,0.124216,0.020780828499540327,-0.2873530128836024,2.122715608742024,0.001220999999999998,0.06009005349161374,0.06010245726777733,0.122495,0.225339,-0.5153711455385919,-0.42851030395284634,2.03810302554257,-2.1606686249999996,80.12029127229796,80.14942022538231,109.672559,216.960932,-1.5251480306823633,0.07325394067067299,1.3683512456059923,-0.2050673360555591,0.14978557711789606,-0.2086349108054661,-0.9971849107964459
501,0,A,281,9515,2022-07-12 00:35:42.835,-0.0058408125000000005,0.03231763924936882,0.03284120730595177,0.061772,0.11596200000000001,-0.6623701189879245,0.19304918987905678,1.8809296328398117,-0.003348562499999999,0.05639116448740967,0.05649049745809024,0.097813,0.192267,-1.0195798471324238,0.057054015108658235,1.7314947540082564,-1.564622125,82.12227456573704,82.13717807573097,112.056745,222.921397,-1.5062323689937493,0.057747228155472265,1.3642633899192764,-0.08035321080371025,-0.11353605364368548,-0.03981039026346243,-0.9979010163907288
502,0,A,281,9531,2022-07-12 00:35:44.435,-0.007679374999999999,0.037746055008892984,0.038519312936824306,0.082208,0.163975,0.22790318028165224,0.4048180773777307,2.1342021373753397,-0.00015106249999999842,0.055749738450584625,0.05574994311376021,0.115549,0.19783099999999998,-0.7930585227612772,0.33541744088627834,2.072629917562735,-4.395843062500001,82.1806565672226,82.29813940819025,113.248838,224.11349,-1.483430936675306,0.08199622773783091,1.376080174040114,0.18693614342423046,0.17153333037062743,0.15743096556376038,-0.9962470818889009
503,0,A,282,9547,2022-07-12 00:35:49.315,0.006114,0.052733126411440845,0.053086378828518715,0.095694,0.182538,-0.7377601044660613,-0.5274551923205145,1.8026092966166285,0.0051548125,0.03048774062885513,0.030920453110562594,0.066991,0.123478,-0.2330030841529016,-0.10725241130787072,2.16655945372015,-3.7997965,82.47140798596679,82.55889769509523,114.440931,227.689769,-1.4989786589905574,0.06584074503087009,1.386173195076451,-0.103756198523493,0.16902471092665114,0.15628355810107322,-0.9974649550875061
504,0,A,282,9563,2022-07-12 00:35:50.915,-0.024751125,0.0947750790575211,0.0979537329514552,0.16295,0.286863,-1.5234694106426556,0.06365402735064046,1.6635404806956797,-0.01222,0.05482264637104816,0.05616805991953968,0.121305,0.208741,0.24916105304232783,0.9498293540599035,2.1596793653504944,-3.2782557500000005,83.17091803972421,83.23550064925982,118.017211,231.266049,-1.4886200842255795,0.06734314894961038,1.4178711016265086,0.5592385746977384,-3.987202651290573e-05,-0.026952703239673925,-0.9974440620546533
505,0,A,283,9580,2022-07-12 00:35:57.296,0.039032750000000005,0.07463219925365659,0.08422304160976378,0.173245,0.312748,0.1718222182891913,-0.37407154897510353,2.056978668648748,0.012483312500000007,0.21369285939424798,0.21405716817491185,0.331069,0.649713,-1.3945253599982008,0.003118268659291795,1.5466382313787999,10.13279075,181.39802055278764,181.6808061102021,267.02884,524.520936,-1.4272651543357233,-0.06624693360386624,1.4697691281600125,0.6616411259654642,-0.005519484872813438,-0.00043412981695546666,-0.9980726908865164
506,0,A,285,9612,2022-07-12 00:36:07.998,-0.015720625,0.07817125333672459,0.07973633361664556,0.188809,0.317483,0.09895677763136579,-0.04554030709069834,2.3679167505713443,-0.019367625,0.04099951763721587,0.045343856746256156,0.078646,0.12939299999999998,-1.0800274759517903,0.04662136506998593,1.734435613629038,4.2468315,86.64635463173866,86.7503680035907,122.785583,244.379073,-1.4557575761727606,-0.07811176124775969,1.4153897652044285,0.29304001491452286,0.1476609092431311,0.21515779184200198,-0.9970751924592718
507,0,A,285,9628,2022-07-12 00:36:09.598,0.010401937499999998,0.09190016655620703,0.09248697701196909,0.204264,0.381254,-0.1383442287499701,0.08184327825360088,2.2085704020098467,0.004679312499999999,0.07503996103636944,0.07518571485204154,0.156582,0.251906,-1.0657773062031048,0.19010766533332082,2.0826030624053886,4.544854687500001,87.58965820973296,87.70749072586862,127.553955,255.10791,-1.448066527814761,-0.07201238073603719,1.4543108455658849,0.34565606581709696,-0.16962181731590167,-0.47516885122383523,-0.9973643818784237
508,0,A,285,9644,2022-07-12 00:36:11.198,0.011581187500000003,0.08768515097439443,0.08844664835544928,0.208575,0.378018,0.5192803194674727,-0.5592462459657765,2.3582012871960853,0.0103984375,0.06169915789333023,0.06256927031049267,0.118678,0.23155,-0.7729289037622364,-0.18648250107088268,1.8967457892840103,5.140901249999999,88.80764963905877,88.95632355305645,129.938141,257.492096,-1.4456212644854398,-0.06398284681417328,1.4606959439201719,0.19230106372813074,0.03328330842773141,0.1650065915922325,-0.9975692621948129
509,0,A,286,9662,2022-07-12 00:36:14.644,0.003032312500000001,0.0949440582453154,0.09499246872877608,0.204102,0.392982,-0.07264093965298635,-0.09133728791852203,2.148612439821467,-0.0023896874999999977,0.18391783899873565,0.1839333632278617,0.336944,0.586533,-1.2210440390663846,0.3334648949459019,1.8318808186124698,2.3841860624999995,179.68454758755746,179.70036445407067,256.300003,512.600006,-1.500838942709984,-0.032184725283706556,1.4262631229415637,0.5492022151465156,0.034763139335890994,0.04090380212984356,-0.9702039391367754
510,0,A,286,9678,2022-07-12 00:36:16.244,0.008633687499999999,0.07383416915520784,0.07433723894985272,0.190944,0.292926,0.20397568462366378,0.5967705362212021,2.56861840306995,-0.0122004375,0.20332449956872167,0.20369021282345035,0.363454,0.654085,-1.0523072881514173,0.30850885841519493,1.7843469009236386,4.470348874999998,179.90857238497102,179.9641031891154,257.492096,511.407913,-1.4682743867124717,-0.06417347133990646,1.4307969836040817,0.6701460638181378,0.02407620080110057,0.05884722469037272,-0.9870679230270043
511,0,A,286,9694,2022-07-12 00:36:17.844,-0.008937,0.09214359402313325,0.09257597900373508,0.182454,0.353847,-0.18931728159551042,0.07941215881811178,1.9708568244537676,-0.002703312500000001,0.20434233238328237,0.20436021310987249,0.335116,0.639257,-1.2388979128593285,0.34294024921116284,1.6398299595617853,6.705523375,179.99217059371185,180.11703283911973,261.068375,517.368378,-1.4270607640356383,-0.08535163336202173,1.449437462325875,0.6307450169220109,-0.11039503480467185,-0.003760655499488477,-0.9947312883254253
512,0,A,287,9712,2022-07-12 00:36:21.560,-0.011046187499999997,0.05991695369553048,0.06092667394858758,0.107343,0.204052,-0.792950028183808,0.13902659177926263,1.7618391591600817,-0.0014968750000000017,0.05794835213993901,0.05796768194865136,0.109461,0.205472,-0.8895217837377407,-0.3099422917827876,1.8883108021632156,6.482005875000002,90.95811332377009,91.18878647938757,132.322327,262.260468,-1.4501132165972344,-0.06588573869852302,1.4510811264048382,0.4684717518388024,0.1183368849516057,-0.028122203576349085,-0.9972338368064625
513,0,A,287,9728,2022-07-12 00:36:23.160,-0.004302374999999999,0.056704951116365275,0.05686793395007418,0.088841,0.171911,-1.372538991522626,0.2502836525715062,1.5622336495993647,-0.006218937499999999,0.04342973069434801,0.043872732896555466,0.07335,0.14529999999999998,-0.9705236156269996,0.31937056001558023,1.6718812610316978,6.631017437500001,89.13234355637883,89.37866110044823,127.553955,252.723724,-1.4591056042997577,-0.0674321205068659,1.4271186593033482,0.5632052140266219,0.0889582413866406,0.11876362582027883,-0.9985889426648592
514,0,A,287,9744,2022-07-12 00:36:24.760,0.012320749999999998,0.06152774691500982,0.06274921928597997,0.11048,0.200351,-0.9659908392410332,-0.10190342993760654,1.7606593557202153,0.005258312500000001,0.0629718068858187,0.06319096701912782,0.13753,0.24380000000000002,-0.6958779036837397,0.28833488728384093,2.1764186637366993,5.438924499999999,88.50033277873442,88.66730401711465,126.361862,251.531631,-1.4470696278383948,-0.08516717165602526,1.4251235379346767,0.4476657866056389,0.019593314351454328,-0.22193251368748054,-0.9989675857797041
515,0,A,288,9762,2022-07-12 00:36:29.468,-0.020130125,0.060933631730427616,0.06417265311933892,0.123275,0.20022600000000002,-1.1304411860226242,-0.08467926724860278,1.9209896117393053,-0.009977312499999998,0.034673097263438174,0.03608005596673181,0.081322,0.134218,0.8113463536530339,1.1437252053650913,2.2539322021835067,1.7881394375000008,83.50396855768346,83.52311181661356,110.864652,220.537211,-1.6047254560535513,-0.03607521131392716,1.3273529875589232,0.5519923935965443,0.04616395211234545,0.15323698804528696,-0.9595785337004111
516,0,A,288,9778,2022-07-12 00:36:31.068,0.02805875,0.06303846491577583,0.06900102543078618,0.117857,0.177089,-1.480499653952608,-0.012210005969580218,1.7080470799411593,0.0071795625,0.046328816503566045,0.04688182330405357,0.091778,0.146003,-0.9163296873333202,0.35435160714040903,1.957645704280118,2.7567151875,82.96800384569525,83.01378885922685,110.864652,220.537211,-1.5677472125987004,-0.07321865247219123,1.3354968315926659,0.35893279603913486,-0.18050659382677378,-0.5810973279364167,-0.9862103078353361
517,0,A,289,9798,2022-07-12 00:36:37.428,-0.005691124999999998,0.08301693942569417,0.08321178483469154,0.147976,0.253621,-1.0784371185584105,-0.5407047540325903,1.7783058048084055,-0.012102749999999999,0.1894969843218158,0.1898830788264847,0.318154,0.627802,-1.180962683778707,0.2441431815264074,1.6755258128647121,-0.8940696874999992,173.63455047039383,173.6368523029079,249.147445,495.910703,-1.4948708357581992,0.039507903241116936,1.4348765351111328,0.5252875405363608,-0.21538576124830294,-0.018766592616286826,-0.9740621191380315
518,0,A,292,9836,2022-07-12 00:36:55.156,-0.003586312500000001,0.06605678108142905,0.06615406234077768,0.133514,0.256379,-0.24345199209171575,0.30651201184445853,2.018228288267965,0.004964874999999992,0.19993342919734403,0.19999506517505625,0.297401,0.578392,-1.458504054105213,-0.11527970984518895,1.487041691452157,3.874302375,170.54405402336812,170.5880552137764,244.379072,486.373958,-1.4706558367497904,-0.060799726589677,1.4325684860745418,0.5248013306019985,0.028771585890968995,-0.06555383238101731,-0.983884283002202
519,0,A,292,9852,2022-07-12 00:36:56.756,0.006001624999999999,0.09697890326307766,0.09716443372319936,0.202781,0.34961299999999995,-0.7129039808313573,0.2676461012961119,2.0869879258256123,0.011658499999999994,0.19530356041397454,0.19565122369314483,0.333954,0.654334,-1.080386892399066,-0.0003138583019628993,1.7068842897899081,6.034971125,171.4110347844816,171.51724030652528,249.147445,497.102796,-1.4289749006606367,-0.08490232104808368,1.4526087555673044,0.5018008841973671,-0.07401623615241419,-0.07546952025351439,-0.9934887417257149
520,0,A,292,9868,2022-07-12 00:36:58.356,0.0033613125000000015,0.09373866233358487,0.09379890851077373,0.176577,0.301111,-1.267182599306127,0.3363221434433891,1.8825059140183749,0.012245999999999998,0.19949315897199335,0.19986866936222145,0.314143,0.5869070000000001,-1.3634133877799077,0.021126519187797996,1.571747092740581,7.972122125,172.10048134577428,172.28502665821867,252.723724,500.679075,-1.4025766082181013,-0.0871997157315274,1.466893141569155,0.7024672497598533,0.003789070914112506,-0.09452616160505561,-0.9968039454322172
521,0,A,293,9886,2022-07-12 00:37:02.032,0.005597687500000001,0.09230619968934829,0.09247577307834469,0.14136,0.27274,-1.4421378793624453,-0.08260000647327481,1.5286165802608758,-0.00292625,0.10517509095759081,0.10521579110095594,0.205998,0.328518,-0.8229256080765319,0.7733231108241609,1.9578620076366882,7.4505814375,102.77309507772475,103.04280778206635,156.164188,300.407445,-1.4272875424683802,-0.051304691076248236,1.515527297453738,0.2537422436687764,0.017759799701127583,0.012479731815092335,-0.998772529370483
522,0,A,293,9902,2022-07-12 00:37:03.632,-0.0030925625,0.07570325542204967,0.07576639640574508,0.122399,0.240496,-1.1681173251977601,0.040889291980663406,1.6154787056853999,0.0015363125000000012,0.09864482803327726,0.09865679071312071,0.167329,0.287442,-1.3482224597768337,0.554702982147194,1.6960717938470944,6.8545349999999985,101.62680531366405,101.85770568949413,154.972095,305.175818,-1.41930601140035,-0.05192479994223868,1.5214567611842864,0.2081430893934232,-0.04184994199429836,0.0047265870642848856,-0.999396460567291
523,0,A,293,9918,2022-07-12 00:37:05.232,-0.0016387500000000022,0.09504524239046634,0.09505936883140452,0.146651,0.283582,-1.2345401588404037,0.19814145212942097,1.5427306303716093,0.004095812499999998,0.09363976389548588,0.09372929671366098,0.174788,0.292767,-0.8534914507876055,0.6813234069377281,1.864817150329954,5.2899128125,102.6083033654225,102.74457210526708,151.395816,300.407446,-1.4000362892403109,-0.09003142460929513,1.4735164388527233,0.06845655620949789,0.03229450090055703,-0.08427002274747779,-0.9976794020778867
524,0,A,294,9936,2022-07-12 00:37:09.360,-0.028797,0.04992305907594205,0.057633141823954036,0.097982,0.152304,-1.384152235668576,0.051332445614463595,1.7000981882836688,-0.0141354375,0.05318364421742923,0.05503008818421519,0.112313,0.196332,-0.8457188040516099,-0.01078951855053617,2.0409380341901,3.7252907500000005,81.29086304954689,81.37617714363475,110.864652,219.345118,-1.5350927247480888,-0.0801029024607682,1.3623723292422056,-0.230246014977071,0.19370336268531566,-0.6458283855146514,-0.9974948256793348
525,0,A,294,9952,2022-07-12 00:37:10.960,-0.004105125,0.04410605945739627,0.04429668759766355,0.08085,0.15496,-0.9342060347190317,0.21580637382334128,1.8251929068453523,-0.00831975,0.046210810618972045,0.046953777889803504,0.115026,0.230017,2.055800941004641,0.4253190427741025,2.449770927271415,2.086162750000001,82.3466901040148,82.37311118384528,109.672559,218.153025,-1.5863741399466145,-0.05380383816186245,1.3314121249496838,-0.19178664275433777,-0.12651304362800384,0.012732415863911916,-0.9864979452222312
526,0,A,295,9978,2022-07-12 00:37:17.426,-0.00036106249999999854,0.08952749268413918,0.08952822075992295,0.199961,0.37351100000000004,0.25094816920626517,-0.4787986300235264,2.233496860573286,-0.013093125000000004,0.17976815794478002,0.1802443356478228,0.310179,0.590858,-0.9767083729687913,0.4427226959728189,1.7208807083183737,0.6705523750000006,161.7593649842613,161.7607548220491,234.842328,462.532098,-1.5162216674169164,-0.01754744000900285,1.4517880326309491,0.46938314738806863,-0.26306755492057593,0.03544153463567902,-0.9597602426153113
527,0,A,296,10007,2022-07-12 00:37:25.356,0.004119062500000003,0.07971857463482769,0.07982491977877272,0.155758,0.285126,-0.8639748787420829,-0.03917357418345724,1.951245305747487,0.001503,0.08951966508468963,0.089532281585331,0.143659,0.252678,-1.4773136641754985,0.2592423072754303,1.604549749612738,-5.885959312499999,100.67053539517539,100.84245739657312,149.01163,294.44698,-1.4148422057072716,0.06437386256372316,1.4776675801740604,-0.055298315422643934,0.05105243792062423,0.023734454037296883,-0.9973165308543118
528,0,A,298,10035,2022-07-12 00:37:42.318,-0.0077543125,0.07194633660124637,0.07236300652051088,0.185067,0.286727,0.15800373149607871,-0.7023179328381027,2.557480802674276,-0.010325187500000003,0.12813962898788317,0.12855494550604615,0.236578,0.413769,-1.1354633195305117,0.4849592791766887,1.8402870388901014,-8.642674500000002,145.83024466174555,146.08612555823882,221.729305,436.306051,-1.3966300264456326,0.074097943010576,1.5177985188716996,-0.0034788326527531717,-0.005315815471473859,-0.09152890910847788,-0.997055162082559
529,0,A,298,10051,2022-07-12 00:37:43.918,-0.006905124999999997,0.09762327552502208,0.09786717874497047,0.172783,0.307901,-1.1891382470435232,-0.19856823117039177,1.7654846314743649,-0.0096725,0.14675268370757313,0.14707109652010145,0.289371,0.484955,-0.7261235899735015,0.7882756289191707,1.967558594767458,-9.1642153125,140.89707536751493,141.19478988055133,218.153026,425.577214,-1.4200116038372355,0.045336550945384,1.545050112575359,0.42901246797016046,-0.02951272021160439,-0.06658783876255787,-0.9989620221409785
530,0,A,298,10067,2022-07-12 00:37:45.518,0.012830499999999998,0.0745933571020235,0.07568877495375388,0.133046,0.255448,-0.8649392138869008,-0.2545548199079498,1.7578035855553429,0.0092931875,0.13932608787042483,0.1396356762979558,0.234978,0.394015,-1.4612116970425153,0.4633095963793125,1.6827934395404933,-8.046627874999999,138.69933304349382,138.93254912679296,213.384653,423.193027,-1.418910321492477,0.0486998906589336,1.5358866899164167,0.37842016633725123,-0.032809775539753686,0.05956126091683426,-0.9991377038662218
531,0,A,299,10085,2022-07-12 00:37:49.246,-0.018807,0.03547001233965109,0.04014754070145518,0.092979,0.1417,-0.23491083176228056,0.055915902054171185,2.3159326418375086,-0.001354625000000001,0.04549196280371265,0.04551212683038445,0.086112,0.152758,-1.117556236957758,0.12348228373597331,1.8920671477499613,4.991889499999999,80.02711830961745,80.18265788636417,110.864652,219.345118,-1.5350881345096488,-0.07038621361400746,1.382651248068114,-0.08315489529258885,0.15424952709749812,-0.09431943529191858,-0.9970806816986162
532,0,A,299,10101,2022-07-12 00:37:50.846,0.004617187500000001,0.033932435939338985,0.034245125626685906,0.09494,0.136273,0.8110970452895585,0.9294339274414821,2.772365358940804,-0.0065273125,0.04861001455168311,0.049046297752098476,0.093632,0.183446,-0.5992955378378295,0.3430912001442897,1.9090533698029002,4.991889500000001,80.08370055886736,80.23913045380378,109.672559,215.768839,-1.5400482334682035,-0.05902917225614575,1.366821379789777,0.2074611933865386,-0.13154722651574913,0.1735487709458686,-0.9977300013089825
533,0,A,299,10117,2022-07-12 00:37:52.446,0.013808312500000001,0.034027959036869136,0.0367229014419136,0.088435,0.129723,-0.18125515167639694,0.4527974182276293,2.408170284144948,0.0095026875,0.04578692837169626,0.04676263336722495,0.090132,0.15870800000000002,-0.8377613604568617,-0.03340162449536585,1.92743636339291,4.8428780625,80.15160181960229,80.29777544973658,109.672559,219.345118,-1.5343471743601818,-0.06449666000549269,1.365823130039897,-0.46541315299078984,-0.06708685236817305,0.11105927823587852,-0.9975290302843216
534,0,A,300,10133,2022-07-12 00:37:57.236,0.018271875,0.09772054512414151,0.09941411547348293,0.213999,0.324942,-0.9925456542178219,0.46287060359382004,2.1526017606330834,0.013449562500000001,0.1765104360884112,0.17702210251706563,0.307415,0.568299,-1.3790583594115051,-0.07334412786272243,1.7365910563081466,5.066395374999999,145.31896489600175,145.40725539167985,211.000467,422.000934,-1.432521494749796,-0.07721571592117958,1.4510999910673876,0.7015367316936835,0.024803713697768254,0.02740644713546274,-0.9912127720430427
535,0,A,300,10149,2022-07-12 00:37:58.836,-0.016979249999999998,0.06073138800745871,0.0630602602268259,0.125612,0.184866,-1.213727142262279,-0.3851236940161942,1.9919359601146163,0.007724562499999999,0.16178020571286245,0.16196451409587379,0.292633,0.5069239999999999,-1.1866763814791161,0.12352853765434829,1.806772314500804,6.407499937500001,144.75335138176763,144.89509581660297,211.000467,420.808841,-1.398102633073163,-0.08032896475722927,1.4562291829881397,0.08512639496191718,0.07660415296122505,-0.13357542061782812,-0.996501225257297
536,0,A,301,10169,2022-07-12 00:38:05.247,0.0335223125,0.11621955107721697,0.12095755242206871,0.276936,0.444946,-0.48451485274436035,0.29231718825936215,2.2895304547306052,0.022033499999999998,0.1806008044815277,0.18193989584921993,0.338922,0.56285,-1.0971628900434947,0.49497758486612764,1.8628239750168745,6.258488562500002,175.76880235327823,175.8801880820939,253.915817,507.831634,-1.4193823872494395,-0.08875634519859028,1.4436862944533706,0.54359503783088,0.16084720190218843,-0.0637762592463346,-0.9931518594554776
537,0,A,303,10198,2022-07-12 00:38:22.496,-0.07175143749999999,0.10295336809386614,0.12548969991671627,0.277685,0.351963,-0.6081247177568336,-0.578482942460934,2.212811092737421,-0.0397180625,0.19469449202001993,0.19870447833827876,0.301886,0.5999859999999999,-1.1272368112351545,0.43546807263037696,1.519271244033377,8.642674625,171.7775145214684,171.99479736273102,252.723724,497.102796,-1.4251335972819197,-0.05954039151629859,1.4693684220402,0.4086293936740947,-0.06179698899993049,0.05430906994844996,-0.9977731726945799
538,0,A,303,10214,2022-07-12 00:38:24.096,0.024276687499999998,0.08048344752394646,0.08406511096354123,0.211085,0.31978799999999996,0.026284587305458462,0.5527484101682657,2.5109703369278473,0.015112562500000001,0.19533456524670972,0.19591830421233616,0.338381,0.579221,-1.4183945060434973,0.31160703001859186,1.727153577407769,8.1211338125,179.80473013903583,179.9880379213353,258.684189,513.792099,-1.44162689890602,-0.05578812158745839,1.4372298958726317,0.6550922631275437,0.3273075716059163,0.052180700065137704,-0.9960062362392779
539,0,A,303,10230,2022-07-12 00:38:25.696,0.0474031875,0.09938865493431503,0.11011433564623863,0.266171,0.360591,-0.22176939142622132,0.6286889736410981,2.4172238649754054,0.0289975625,0.20424418359618246,0.2062923778616469,0.365141,0.631548,-1.3447369492775334,0.152675950043114,1.7700169234797776,6.1094768125,187.28189211498596,187.3815167541658,270.605119,537.633959,-1.4651744140786203,-0.061000361476018505,1.4441398686884308,0.4491160839493747,-0.23842168598417343,-0.0007593624931385907,-0.9888965229359556
540,0,A,304,10248,2022-07-12 00:38:29.302,0.004327437499999998,0.05446657903702135,0.054638218742126834,0.118911,0.191802,-0.922015916880282,0.3828931222341785,2.1763337593639003,0.0057515,0.062110414543375896,0.0623761440536364,0.137095,0.247309,-0.41777016486149465,0.16724628057390023,2.1978755192387953,5.5134303749999996,86.52624306695745,86.7017223230437,121.59349,239.610701,-1.4590626284506891,-0.08268898405712971,1.4024345392696165,0.04988885116398054,-0.0633883776201971,-0.17361420944572625,-0.9956140614297669
541,0,A,304,10264,2022-07-12 00:38:30.902,0.006312687500000001,0.04967820341548035,0.05007767884060223,0.114074,0.172263,-0.7840751610878121,0.6197230655963953,2.2779410436154346,0.0011866874999999994,0.049310060905101746,0.04932433814748556,0.077093,0.140679,-1.5411001078705828,0.11245256924739444,1.5629809318369945,6.3329943125,84.28392699582498,84.52151895700712,118.017211,232.458142,-1.4807369194660458,-0.06771314116088918,1.3962978003274038,0.305036182897217,-0.13931240093118857,0.1409221619087678,-0.9969236381695166
542,0,A,304,10280,2022-07-12 00:38:32.502,-0.011919875,0.055150571495084025,0.056424010458757716,0.145223,0.208196,-0.09112208138661071,-0.6913373589783404,2.5737801836356273,-0.0019098125000000035,0.0826771740356874,0.08269922907931186,0.14928,0.269663,-1.2323319754202697,-0.04629134378742841,1.805095424249173,6.109476687500001,82.61844931326924,82.84403341414723,115.633024,228.881862,-1.4941573414978153,-0.06976394281717263,1.395791817884297,0.34313726771677466,0.23724266898089835,-0.11077844423745109,-0.9970280301828842
543,0,A,305,10298,2022-07-12 00:38:37.296,-0.016693062499999998,0.07892040376264299,0.0806665263023486,0.141013,0.265337,-1.010229643699131,0.0822032406847325,1.7480980831065538,-0.0015102500000000007,0.07189289398951401,0.07190875510847063,0.113091,0.21846,-1.2671083925879731,0.5285360902782423,1.5727014023453485,-4.693866374999999,91.06594941742013,91.18683855054125,132.322327,259.876282,-1.4508978510321868,0.02903307523240258,1.4511121243298613,0.3497793589794133,0.0072975754442778104,0.3207562192599204,-0.9996087841263869
544,0,A,305,10314,2022-07-12 00:38:38.896,-0.00978825,0.06004806529408337,0.060840611302196826,0.107056,0.18168600000000001,-1.449934481621312,-0.22663112906710606,1.7596141410915513,-0.012189374999999999,0.06623681936419029,0.06734906905351402,0.127725,0.217335,-0.6499459871978672,0.8261236304377999,1.8964627394999722,-4.54485475,92.3614600984416,92.4732124250835,138.282792,274.181398,-1.417398839545549,0.06329036494936492,1.4953821585037808,0.17363645880867631,-0.13711100410931004,-0.1378282615264527,-0.9991298916084234
545,0,A,306,10336,2022-07-12 00:38:45.418,-0.004530062500000001,0.03537354842510988,0.03566243674284611,0.070903,0.126862,-0.5581213443975406,0.4355826192825976,1.98817036848227,0.0007913750000000004,0.06500362132208001,0.06500843837053001,0.13674,0.218278,-0.6191063503270948,0.6455015239062886,2.1034192395242606,3.4272675625,81.01725427855084,81.08971361264219,109.672559,219.345118,-1.5353129495734086,-0.10018244463656752,1.3524842315252874,0.1371896672008976,0.3494255124989084,0.01707040202559582,-0.9923064295933931
546,0,A,306,10352,2022-07-12 00:38:47.018,0.0041652500000000005,0.03484162395128131,0.03508971454892445,0.089235,0.16291899999999998,1.4178148369396961,-0.75203105932943,2.5430528902018437,-0.00028293750000000194,0.06090278362631378,0.06090344084748004,0.117917,0.217938,-0.5742847824455213,0.5747032326855195,1.936130345989786,1.7136336875000007,80.71861758053267,80.73680551351539,109.672559,215.768839,-1.5951312109567342,-0.03560014148869423,1.3583960661118892,0.5343880572180123,-0.2823829206745085,0.06628936335098115,-0.9803601207094444
547,0,A,307,10371,2022-07-12 00:38:53.456,-0.008004812499999996,0.0733426822680855,0.0737782221623529,0.139859,0.273909,-0.8487041600143952,0.1942773783442434,1.8956677987202355,-0.021159000000000004,0.09752615817948536,0.09979506405754746,0.1506,0.271355,-1.5533010615338267,0.008106124919536245,1.5090926732924943,0.6705523750000002,115.6184057738748,115.62035025971846,169.277211,336.170236,-1.4956710930190042,0.0012040219592373558,1.4640779985508772,0.15757609156842906,0.15004188019130324,0.03713529012252681,-0.9508186112683865
548,0,A,309,10403,2022-07-12 00:39:10.908,0.0047879375000000005,0.06771052728201571,0.0678795981890914,0.171999,0.275328,0.21399245805618383,0.5057385660103696,2.533883590778844,0.021219125,0.07059327362864946,0.07371337427750137,0.139138,0.23282200000000003,-0.9669041298649645,0.07877428102638,1.887554346327996,-3.0547383750000012,93.07392698027563,93.1240425994779,134.706513,268.220933,-1.444758773255432,0.0822630322285203,1.4465277627536675,0.09288572014805213,0.3617148448374762,0.10920020031804006,-0.9945171377337355
549,0,A,309,10419,2022-07-12 00:39:12.508,-0.007746812500000002,0.07724082516569424,0.07762833359146325,0.139694,0.27011700000000005,-0.9520609681483272,-0.023503739546281488,1.7995233639198214,-0.0018486249999999978,0.08703394441888392,0.08705357485767026,0.15124,0.26315700000000003,-1.3640491075854853,0.32049661315228717,1.7373209572067827,-1.8626452500000004,94.69448718441514,94.71280457491855,134.706513,268.220933,-1.4772373504620213,0.05940368026704068,1.4222629517157432,0.43310948811536054,0.05148932368567316,-0.08448816446547958,-0.9861625478059528
550,0,A,309,10435,2022-07-12 00:39:14.108,0.00019618750000000192,0.06643230331436915,0.06643259300364167,0.119224,0.211171,-1.1201824681112056,-0.21296517582178137,1.7946612439689722,-0.0062110625,0.06075937526471609,0.06107600985605968,0.092907,0.17232,-1.4731201226357467,0.3889102028205287,1.5211700996669184,-1.4156106249999993,96.77657182699431,96.78692477823128,139.474885,277.757677,-1.4891409122459107,0.03146395285731008,1.441050899381089,0.28584745082136265,-0.05045262932726887,0.084783551848966,-0.9754312453013319
551,0,A,310,10453,2022-07-12 00:39:17.687,-0.0535889375,0.09438169867052401,0.10853423085051324,0.21719,0.413679,1.0290368122701565,0.9396434941617431,2.0011198153616707,-0.0381075625,0.19469338844256137,0.19838775623242857,0.321264,0.602302,-1.3070118396185522,0.2302840136016387,1.6193741292361368,-7.078052312500001,182.2618586194184,182.39924323292394,263.452561,524.520936,-1.4167446537456208,0.08931111432132359,1.4443731033662839,0.5358090984426497,-0.24074351669142716,-0.06670685734852463,-0.9959518009875994
552,0,A,310,10469,2022-07-12 00:39:19.287,-0.035646625,0.06882753550712371,0.07751071872892806,0.138773,0.235933,-1.0348263434414364,0.27098015165435163,1.7903717353637185,-0.004158375000000001,0.19200035259013035,0.1920453786930969,0.340393,0.606356,-1.3426150302005067,0.2524614411532234,1.7724612917865306,-8.8661919375,180.5543698995798,180.77192771364386,264.644654,528.097215,-1.4065355511271709,0.0780219553322347,1.4639698616215275,0.4964194702858559,0.04089129391799176,0.03524541466694424,-0.9975498876506856
553,0,A,310,10485,2022-07-12 00:39:20.887,0.07670112500000001,0.07455059227872958,0.10696192493301063,0.25245,0.289213,-0.031191232159376803,0.6748909918279635,2.36018564697772,0.023600312500000005,0.21528411948304463,0.21657383695102117,0.363996,0.6412100000000001,-1.33306239618922,-0.03611461503730594,1.680701626403372,-9.313226937499998,181.04770409940613,181.28708546296255,271.797212,535.249773,-1.413915252184184,0.06843354184851563,1.4992640612313717,0.43857916573576416,-0.17112295342180847,-0.006362391569992878,-0.9983602275330621
554,0,A,311,10503,2022-07-12 00:39:25.531,-0.001827562500000002,0.07972734056847182,0.07974828411202652,0.130764,0.24676399999999998,-1.378497924398903,0.07403385308139628,1.639709260907847,-0.0036533125000000003,0.09323240508919012,0.09330395517306596,0.188878,0.309944,-0.7223727205236075,0.6732121544733652,2.0243300474203627,-6.1094769375,100.60117121998738,100.78651377680974,150.203723,295.639073,-1.4055971870872903,0.08103690869761532,1.4903156917663005,0.05537507287313296,-0.037956754550861935,-0.07087182770011324,-0.9962724127032901
555,0,A,311,10519,2022-07-12 00:39:27.131,-0.0104006875,0.0854240008067981,0.08605483260289629,0.140818,0.27693999999999996,-1.234246423474473,0.2026644944733135,1.636375270751042,-0.005024187499999999,0.09080608406462831,0.09094496887232136,0.157941,0.271752,-1.2820428937289294,0.4975462507944371,1.7366656117254282,-5.885959312500001,97.82653181763236,98.00344302367465,146.627443,292.062793,-1.4191240593080716,0.07242872637015144,1.4961458340252318,0.019475880509287766,0.0513926283731793,-0.040218671430492084,-0.9970844286955681
556,0,A,312,10541,2022-07-12 00:39:33.471,0.01790925,0.03653427551885352,0.040687768718006646,0.075215,0.124795,-0.7793725452798084,-0.40095285663874175,1.848589941642907,-0.0015680625000000017,0.04443247506817051,0.044460135635055145,0.076378,0.14247300000000002,-1.330469230350832,-0.21868662489605423,1.7178984928642194,-3.948808125,79.75752631113036,79.85521954686942,109.672559,218.153025,-1.5416926999521328,0.0649276626031837,1.3733924923420928,0.23944750160855316,0.32457788277632466,0.31415745740582585,-0.9974181086546751
557,0,A,313,10565,2022-07-12 00:39:41.284,-0.02906375,0.06657375100170862,0.0726413510784319,0.15425,0.227088,-0.9587788064376275,-0.1659924450378868,2.1234461874677146,-0.017151,0.1986142491045771,0.19935339663114596,0.320142,0.63081,-1.1882368126665876,0.23395954376290581,1.6059019079185461,3.2782558124999976,187.75772809486645,187.78634513861223,268.220933,532.865587,-1.4896924427624607,-0.05256284769051049,1.4283303336140651,0.488873383585127,-0.24291155739218234,0.010380934994912664,-0.9774297366563861
558,0,A,315,10583,2022-07-12 00:39:51.184,-0.0209814375,0.05516137819725948,0.05901693285987929,0.121136,0.198228,-0.8011170266210668,-0.24483940382959546,2.05256346153411,-0.007410687500000001,0.057616387802992684,0.05809101851997002,0.105151,0.197979,-0.9893993301419735,0.263651275934377,1.8101077013110403,4.246831374999999,80.30935415685202,80.42156391054807,109.672559,219.345118,-1.530558830638327,-0.08748564477394866,1.3637207941142186,-0.1658960472319359,0.11474251981123744,-0.1533252896896725,-0.9958346109335007
559,0,A,315,10599,2022-07-12 00:39:52.784,0.0030236875000000003,0.05859697402460168,0.05867493545746343,0.122029,0.21151199999999998,-0.25203086524867535,0.7263690040632478,2.0797466422177027,0.0008766249999999998,0.05406255341370194,0.054069660189426015,0.130525,0.202644,-0.040367048922424154,0.8130168960911435,2.4140155411134945,4.842877937500001,79.68371628818403,79.83074663444735,108.480466,216.960932,-1.5303369918009324,-0.07557217396650887,1.3588807642842484,-0.24957855904685666,-0.13408361585982848,0.1528808287134516,-0.9966321608932214
560,0,A,315,10615,2022-07-12 00:39:54.384,0.008806750000000002,0.04292843612120642,0.043822476805573184,0.077717,0.149523,-1.002396902348189,-0.16081840816520515,1.7734506505601306,0.002108375,0.05077364542367797,0.05081740169223531,0.112019,0.200839,-0.3369821974287075,0.36126506118093177,2.2043433207864314,4.917383812499999,79.40166850801461,79.55379076710345,109.672559,216.960932,-1.5439452711644939,-0.06250386785782827,1.3785962672862482,0.31871840365790205,-0.15056045282679711,0.15532744581853544,-0.9974976026393964
561,0,A,316,10633,2022-07-12 00:39:57.839,0.003705125,0.07673368599894297,0.07682308584175723,0.156717,0.306663,-0.2101846092664097,-0.005607304686521208,2.039972728026194,0.0030769999999999994,0.16426723952259928,0.16429605567199415,0.250633,0.45675299999999996,-1.4888663361580645,0.22451247627301926,1.5254961476395492,-0.44703487499999817,150.72664437117928,150.72730729226012,216.960933,430.345586,-1.5065428669238545,0.030461770017694192,1.4394268490401207,0.47848922150304307,0.025470774718112967,-0.023100400383404492,-0.9697041894338407
562,0,A,316,10649,2022-07-12 00:39:59.439,0.005850875000000002,0.0639428120441178,0.06420993653925379,0.169984,0.281231,0.835385387150712,0.6901763663719271,2.647316118994804,-0.011902875000000002,0.16410244725699363,0.1645335577595039,0.26946,0.5076499999999999,-1.3992062351793204,0.12583398134815854,1.6377206186343178,-2.6077034374999997,151.37423592004595,151.39669553063462,216.960933,430.345586,-1.4747247194593582,0.0673210320842274,1.433062539704499,0.6542395536565718,-0.23513171047155193,-0.0601063824456719,-0.9870739305797303
563,0,A,316,10665,2022-07-12 00:40:01.039,-0.015139937500000002,0.0670857707551206,0.06877294777245264,0.14013,0.272955,0.27386507569043594,0.6881740127241622,2.037574432081124,-0.012707562500000002,0.16843416654028687,0.1689128491347313,0.243688,0.474112,-1.4804437800976422,0.03440818043783547,1.4426848001694954,-4.619360562499999,151.33236966228077,151.40285532184518,218.153026,436.306052,-1.4380059177291913,0.08761024619290579,1.4408778852701318,0.42136857490002155,0.06943887724153489,-0.08903680983949512,-0.9947934864791946
564,0,A,317,10683,2022-07-12 00:40:05.260,-0.001407374999999999,0.10273168466621861,0.10274132439651534,0.220069,0.374533,-0.6269960877890992,-0.4684405621856655,2.1419716096969452,-0.0038348125000000014,0.1747409780654708,0.1747830518162087,0.333493,0.583422,-1.0587946980597096,0.5379455357970083,1.9080396899733796,6.109476812499997,164.75100692654235,164.86424715574955,246.763258,487.566051,-1.4341976827819998,-0.07391376020396631,1.4967663532705142,0.444801174889568,-0.10546028476906373,-0.02239750209214231,-0.9927011848827507
565,0,A,317,10699,2022-07-12 00:40:06.860,0.015147,0.08418611041689122,0.0855379026872006,0.144075,0.286227,-0.8788880636144043,-0.2729757408597332,1.684341040332271,0.0016146249999999954,0.1612760461560686,0.1612841284120201,0.273786,0.474147,-1.198249857820908,0.5204714366874964,1.6975383920020948,8.121133812500002,162.15380535515865,162.35704298107677,241.994886,481.605586,-1.4098083318519237,-0.08161772285918525,1.490510553510175,0.3937287845269705,0.18359152448040095,0.061600858716951486,-0.9962302927715261
566,0,A,318,10725,2022-07-12 00:40:13.200,-0.008891375,0.03790498362497173,0.03893384559737196,0.073278,0.12041299999999999,-1.2379563471427797,-0.30158272676626185,1.8821156470848663,-0.013124062499999999,0.06106527088541075,0.06245965357582845,0.141398,0.239179,-0.42871675173721613,-0.19203633137587858,2.2638293987387765,-1.4156104375000012,83.0413013031861,83.05336642808223,110.864652,220.537211,-1.5858542583550463,0.0612324234403415,1.3348604249052347,-0.1114638141778672,0.06961509720857824,-0.0019002103922761335,-0.9827087752433462
567,0,A,319,10756,2022-07-12 00:40:21.200,-0.0014479374999999987,0.058618938145522506,0.058636818060946144,0.110243,0.205585,-1.0241884390288631,-0.1919085616641733,1.8800986077623658,0.0203849375,0.10581205218302683,0.10775776567868554,0.204575,0.372625,-1.1781631664844225,-0.12762765707000612,1.8984710634220665,-2.831221,111.72961136226269,111.7654770826533,165.700932,326.633492,-1.424447833563929,0.0653697984561882,1.4825770562179956,0.22930125251315114,0.032630305015213926,0.2125362639941014,-0.9901540875841595
568,0,A,322,10778,2022-07-12 00:40:39.236,-0.0038737499999999987,0.09727692998181789,0.09735402942739453,0.204761,0.380448,-0.40767813015474896,0.029181394164823016,2.10326168525678,0.0024833749999999943,0.21710749166106494,0.2171216941872691,0.362432,0.6999409999999999,-1.296352579557304,0.10262524553843999,1.6692574243060192,-4.395843062499999,176.74699907294277,176.80165473637675,259.876282,517.368378,-1.4586723652352458,0.07522960536146987,1.4698747157513494,0.3764026201034922,0.1593329481244145,0.031645822241906055,-0.9907670971101816
569,0,A,322,10794,2022-07-12 00:40:40.836,0.009615124999999999,0.09197974842653883,0.09248094262806256,0.157101,0.298307,-1.1598880190447347,-0.25015070836007447,1.698739173018864,0.0075959999999999995,0.20229470692006501,0.2024372684657521,0.343801,0.6130310000000001,-1.4159031247714655,0.2527303864788319,1.6983088272511617,-1.7136337500000005,177.7687974277002,177.777056673576,258.684189,512.600006,-1.5032442487934121,0.04058156949431159,1.4551044653359348,0.5729561348772126,-0.061842550003607596,-0.004785713138521255,-0.9722503914821965
570,0,A,322,10810,2022-07-12 00:40:42.436,0.008018625000000001,0.07163926387016673,0.07208663173397686,0.145328,0.271809,-0.33484648745168233,-0.1720269104444256,2.0160187333527753,0.0142701875,0.18826084685358066,0.18880091289321801,0.340656,0.571501,-1.2071396335342603,0.2635866387573902,1.8043133096113162,1.1175871874999999,177.23765125903978,177.2411747448732,257.492096,509.023727,-1.512532299667554,-0.0011090312293685067,1.452778093863588,0.6212741687939546,0.19941647420906025,0.04476480689397294,-0.9539227042772939
571,0,A,323,10828,2022-07-12 00:40:45.865,0.0016425625,0.05356175462838287,0.05358693469902435,0.102242,0.17056,-1.2426915537905465,-0.30189081449307253,1.9079650772012064,0.0013949374999999969,0.0622932063425346,0.06230882286693033,0.14903,0.240292,-0.08973255962911963,0.5758837231354643,2.3917961075636995,4.023314,85.19908498467086,85.29402756212045,116.825118,230.073956,-1.5001992880336035,-0.08597916867816195,1.369675243848875,0.28384809579011433,0.11845042929117697,-0.1576770970690184,-0.9891401525384159
572,0,A,323,10844,2022-07-12 00:40:47.465,-0.0134166875,0.05712802504869956,0.05868235466848191,0.094317,0.187113,-1.0058345883250537,0.44018006694033035,1.6072463440301814,-0.005676375000000002,0.0637200515672608,0.06397238626841271,0.155717,0.284252,0.7403850051152006,0.4108851698093402,2.434128365114426,5.215406937500001,82.89534475996243,83.05924784391412,113.248838,225.305583,-1.4803163554003418,-0.09709746119147793,1.3634705459025889,0.23104659722707221,-0.00022324901865657218,0.051167207443137734,-0.9928431375385857
573,0,A,323,10860,2022-07-12 00:40:49.065,0.0070064375000000005,0.06370775884946114,0.06409187705210778,0.148881,0.250555,-0.369505263506134,0.14405056823868717,2.322930874359589,0.004963187499999999,0.06943691567910648,0.0696140681844374,0.166432,0.32493,1.1359738960320183,-0.06565396413553831,2.3907811214114156,6.631017437500001,80.0135215353265,80.28781987786559,110.864652,221.729304,-1.5014977837965058,-0.09038532502384691,1.3808402341556678,0.22299753601127056,0.15379859242789035,-0.15543140739187475,-0.9949806857649698
574,0,A,324,10878,2022-07-12 00:40:53.176,-0.016039437499999996,0.07503275215195092,0.07672794439324242,0.164068,0.305334,-0.3587802482984732,0.12388641378198156,2.1383082955947117,-0.018426375,0.07150945981553333,0.0738453393163712,0.112157,0.201044,-1.4828643880482866,0.32080919077738995,1.5188094609396054,4.321337187499999,93.19209235241772,93.2922292161015,138.282792,272.989305,-1.4193614901231444,-0.07123196155253729,1.4822541294375404,0.16918259626640997,0.17372430601701147,0.07616923718322155,-0.997475484203536
575,0,A,324,10894,2022-07-12 00:40:54.776,-0.014210187499999999,0.06639061064470897,0.06789434888532697,0.126723,0.24841000000000002,-0.8313173771530842,0.37311078018649263,1.8664734558988727,-0.0007579374999999999,0.07678223869690563,0.07678597950513166,0.14705,0.26819899999999997,-1.0076744492731846,0.29611552243108286,1.9150631527748179,5.7369478125,93.7018669868777,93.87732658650793,139.474885,275.373491,-1.4204383293738923,-0.05820122091955983,1.4857142834321546,-0.023961555043755276,-0.05867843963735404,-0.215761092800716,-0.9977711489923454
576,0,A,325,10922,2022-07-12 00:41:01.166,-0.012382124999999997,0.07408185212475708,0.07510950561513502,0.185274,0.332038,1.099502869324457,0.7486167198169708,2.4667184064471614,0.008428249999999998,0.1966048915723805,0.19678546386420415,0.339989,0.6324559999999999,-1.2478079238869055,0.06710886564582857,1.7277139953518943,0.5215407500000016,179.30401330816224,179.30477180813548,253.915817,506.639541,-1.5110692483076849,0.008234965179309897,1.4161129926408307,0.5654729918477149,-0.11377822754956311,-0.016100500435936957,-0.9586135038119525
577,0,A,326,10952,2022-07-12 00:41:09.181,-0.007672375,0.04589023384375345,0.046527184530927725,0.071659,0.141337,-1.3077499029652806,0.3126482104059155,1.540153368884089,-0.0022183125000000007,0.05255802056384776,0.05260481380955073,0.092011,0.182039,-0.855158428720384,0.2661947058277804,1.749098482376813,-3.3527616250000003,87.41710456338852,87.4813761937961,119.209304,237.226515,-1.5011468444191383,0.09080110732845312,1.3626820837376579,0.4772528177910529,0.18807967173460657,-0.012866637458615788,-0.990018054785752
578,0,A,328,10974,2022-07-12 00:41:19.199,0.015291062500000003,0.07776837539487753,0.07925740851136567,0.199778,0.31560900000000003,0.7919662813150228,0.9478550629701508,2.520622409340465,0.007645937500000002,0.17156350734184003,0.1717337981053453,0.283657,0.508024,-1.3066679677256174,0.158245498191756,1.6517249553055278,5.3644186875,152.50523133551894,152.59954971281846,222.921398,441.074424,-1.4487504093010226,-0.06415484324790029,1.4608260536778928,0.5461814923220969,0.10468237403980916,-0.008747461211897964,-0.9900205905487935
579,0,A,328,10990,2022-07-12 00:41:20.799,0.016548999999999998,0.052687052612572664,0.0552249482933212,0.130852,0.19774,-0.3611397444066742,0.45135740467807195,2.369436351574185,0.006807875,0.17243324619250308,0.17256758546870846,0.26531,0.49227699999999996,-1.4355180822131053,0.11991179579912922,1.5374266220356223,3.2782558124999968,154.3573486430073,154.39215667018547,225.305584,443.45861,-1.4825883204820947,-0.04044951805705622,1.4593071880024366,0.43036296636233556,-0.030155049996306606,-0.050727191783349695,-0.9761861191668375
580,0,A,328,11006,2022-07-12 00:41:22.399,-0.0356916875,0.09813091210133452,0.10442017269875348,0.217762,0.425657,0.8523960498945495,0.8327967562343881,2.0854399525677048,-0.022081937500000003,0.17268131477322204,0.1740874735170871,0.288184,0.565642,-0.984673412394284,0.196507152728139,1.6553976812795441,1.639128000000003,157.9595668105838,157.9680711016871,228.881863,454.187447,-1.5051214982173973,-0.0024572170302270407,1.448912184619032,0.4565858021981117,-0.019163432552486464,-0.012631280323337117,-0.957100232543024
581,0,A,329,11024,2022-07-12 00:41:25.865,-0.002302624999999999,0.08289480279613055,0.08292677741538013,0.167878,0.307117,-0.5615057885582004,-0.31976728005208976,2.0244124423055694,-0.000724062499999999,0.1485802529617701,0.14858201720493466,0.263861,0.430141,-1.3715223936867087,0.4272513965737419,1.7758609350152015,-7.674098874999999,143.94799135201922,144.15240548747107,219.345119,431.537679,-1.398966718905218,0.06693224147575202,1.5216195543754854,0.32270260756058694,-0.10321317457500487,-0.028702366208711517,-0.9974516617285285
582,0,A,329,11040,2022-07-12 00:41:27.465,-0.011917625,0.06889536773604141,0.06991853460367287,0.16932,0.269447,-0.13672491756945782,-0.6478993445166749,2.4216754678823817,-0.007319875,0.14156738152328513,0.14175649572903176,0.238361,0.423102,-1.2287843160760272,0.45766964093826834,1.6814820285599343,-8.642674625,140.5390605330823,140.80455731330218,216.960933,425.577214,-1.423612139410485,0.044347588848701776,1.540865843690296,0.5276587801549569,-0.09309973962887721,-0.004963262017364658,-0.9990396012323008
583,0,A,329,11056,2022-07-12 00:41:29.065,0.010205750000000001,0.047566977847688624,0.048649508883697894,0.091607,0.17215,-0.7458184431862804,-0.559616727413598,1.8829994814335496,-0.012321499999999999,0.13502781456935087,0.13558882723006715,0.23097,0.43474999999999997,-1.321156939448361,0.23941658599784066,1.7034589406698684,-8.3446511875,139.7071244886202,139.95611396548514,215.76884,425.577214,-1.4213530014637779,0.045347308080479626,1.5416892759198157,0.31401171598685623,0.0802568212325504,-0.13362711232183194,-0.9991857315357066
584,0,A,330,11074,2022-07-12 00:41:33.240,0.0013528124999999981,0.050166958135084726,0.050185194930253085,0.088059,0.167688,-1.1142202142856843,-0.06377478105205428,1.754680840084084,-0.0011693125000000002,0.06284685951254719,0.0628577365350718,0.148982,0.26402000000000003,0.12831043807230813,0.40313257649845324,2.3701457960846986,2.831220875000001,81.88416139794836,81.93309282267022,110.864652,220.537211,-1.5433970716369767,-0.0777055921977997,1.3531120110398744,0.3455790292515508,0.07895020974900345,-0.11972866072381799,-0.9921109908767185
585,0,A,330,11090,2022-07-12 00:41:34.840,-0.006804312500000001,0.03402861768372091,0.03470224041848739,0.079833,0.136512,-0.4348841862660082,-0.27829590597797477,2.3005142906412894,-0.009649374999999998,0.07010556781193898,0.07076652510986392,0.154568,0.268096,-0.005109983115505035,0.8078952988001901,2.184196549993597,4.246831375000001,81.35431115249423,81.46508159834207,110.864652,220.537211,-1.5171488767047712,-0.0897239991433349,1.3608855453752624,0.060455680161003666,-0.06847807602832397,0.013069062650152192,-0.9943558834396213
586,0,A,331,11116,2022-07-12 00:41:41.292,0.02577125,0.1092966311926516,0.11229385965681739,0.174488,0.331583,-1.2517390135562398,-0.36320844595435364,1.5538516579023545,0.024641437500000002,0.17916133416106025,0.180847958518855,0.309004,0.597295,-1.130712836728526,-0.14876205791144884,1.7086396912121273,-4.768371999999999,136.22369008738505,136.30712054971417,197.887444,392.198609,-1.4260024454224003,0.08100036982993356,1.4517762769981348,0.3899088375287115,-0.22798242563644858,0.0032003278700238826,-0.9927640583542244
587,0,A,334,11162,2022-07-12 00:42:06.134,-0.0100731875,0.07858673843294009,0.07922969496304716,0.137949,0.272024,-1.1786713134134121,-0.05906371059048103,1.741127490953229,-0.014842749999999998,0.19426830233967018,0.19483449520426305,0.302756,0.591823,-1.284347651764329,0.3323975665484535,1.553913744496799,-9.164215125,183.82200176972577,184.05029522792498,270.605119,537.633959,-1.4101191945780012,0.07407905563646087,1.4702781034112817,0.636777677087833,-0.10104279167105422,-0.07570927535670276,-0.9977249616580611
588,0,A,334,11178,2022-07-12 00:42:07.734,0.030792187500000002,0.0687273926422525,0.07531011426387228,0.166148,0.24007599999999998,-0.5694420744368562,0.43259765753746104,2.2061844099432526,0.004591874999999997,0.19179979388214777,0.1918547530014568,0.334057,0.618003,-1.1434374490583448,0.1965005795973736,1.7411974150959055,-10.803343187499998,179.69120501339725,180.0156698268061,264.644654,529.289308,-1.422276979415441,0.057423749807741266,1.4701200970705264,0.5334759152387987,0.03733613381696893,-0.055183350754747035,-0.9984487662671607
589,0,A,334,11194,2022-07-12 00:42:09.334,-0.011271687500000002,0.11282596990316478,0.11338761142068167,0.232999,0.389633,-0.5924913355363532,-0.5939438078887892,2.054889392947398,0.0099301875,0.1949186175376209,0.19517140181533385,0.328108,0.5826830000000001,-1.3823576169404204,0.2619661116819174,1.6811274446368292,-11.026860562499998,173.87837512300678,174.22766998752488,255.10791,500.679075,-1.4311222837585427,0.050544864221571964,1.46422155572801,0.5950666497862035,0.1917322815850258,0.02587483410972784,-0.9989720940131049
590,0,A,335,11212,2022-07-12 00:42:13.314,0.015420062500000001,0.07022110728928728,0.07189424341654553,0.122502,0.240621,-0.8892337139713917,-0.3231179800112085,1.7039194541660305,0.0003647499999999983,0.05760760686695378,0.05760876158623791,0.117889,0.223568,-0.5387982500578792,-0.07194189934713988,2.046372752233618,-4.991889625000001,87.84279795174601,87.98452201392841,125.169769,249.147445,-1.4592253486346363,0.08186683307666376,1.42263396032526,0.549639766660572,0.060430156039743374,-0.21339227752476464,-0.998897991752332
591,0,A,335,11228,2022-07-12 00:42:14.914,-0.003853437500000001,0.05411340651581726,0.05425043543892067,0.101362,0.196797,-0.8031975058457017,0.03887709684545948,1.8684089663044485,0.008594562500000002,0.05808825213733921,0.05872062279078365,0.149514,0.273614,1.1350571665944438,0.20629618225155624,2.5461923408528055,-3.427267375,88.32644706635382,88.39291494811755,121.59349,241.994887,-1.4594920503572024,0.10376069864154258,1.375602219605153,0.21555776191231155,0.07704820882650411,0.30830385039535885,-0.996534605803045
592,0,A,336,11257,2022-07-12 00:42:21.316,-0.012388187499999998,0.05417927137316765,0.055577519160740704,0.119418,0.21548499999999998,-0.3067206041307271,-0.11365964803114753,2.148674532496144,-0.009144125000000001,0.08789382161653557,0.08836820073066441,0.162934,0.285944,-0.8288749228351318,0.5930267066114773,1.843808051457369,4.842878,104.93251989707481,105.04421544889031,156.164188,309.94419,-1.3841528091375166,-0.08362362773744862,1.486651952538808,0.46209741895586154,0.013921459420778578,-0.03355822449611069,-0.9958973093289556
593,0,A,336,11273,2022-07-12 00:42:22.916,0.018687812499999998,0.06507208378043032,0.06770236645467055,0.114831,0.22389799999999999,-0.9973766502232375,-0.35852954809106147,1.6961150106456613,0.0014553749999999983,0.1050077490520789,0.10501783409200077,0.194865,0.34089400000000003,-1.0900770049764636,-0.30186744469928894,1.855541981843662,5.364418625000001,106.04101436814146,106.17661567128907,159.740467,319.480934,-1.3772355275226589,-0.079098826756581,1.504478796861812,0.29286973901018276,0.13340239040541588,0.11655833763520498,-0.9973630836081315
594,0,A,337,11291,2022-07-12 00:42:29.388,-0.019086625,0.047007380980111785,0.05073453577692418,0.114521,0.168403,-0.9116846756967156,-0.17155062898550916,2.2572592465128674,0.00519025,0.044857577692486925,0.045156848555894594,0.09854,0.176531,-0.27841477250815316,0.4396545473177633,2.182171766881128,-3.5762791874999995,79.7244246744652,79.80459675044678,109.672559,218.153025,-1.5306600927252523,0.06287718725140337,1.3742636823659662,0.016762062559370666,0.06349254685618846,-0.014609245983253598,-0.9986379796271536
595,0,A,337,11307,2022-07-12 00:42:30.988,-0.023047750000000002,0.029904418995150197,0.03775543742959416,0.093143,0.133458,0.526787119340435,-0.14289875889341264,2.4670088957038794,-0.018040624999999998,0.05525350086858185,0.05812412157293218,0.110598,0.174239,-1.1189770756406785,-0.258089073023261,1.9027900466629053,-3.20375,81.17370037284469,81.23689830540594,109.672559,218.153025,-1.5171342725322918,0.0789396853850047,1.3500338059152832,0.08073314858286852,-0.1371936413412766,0.15563431032691194,-0.998690462093511
596,0,A,338,11323,2022-07-12 00:42:37.291,0.019194625,0.05140609989689331,0.054872768615224804,0.121772,0.19858,-0.5735154396502331,0.004947634262715772,2.2191699648669374,0.005985750000000003,0.12915612335730545,0.12929475396840354,0.265873,0.439927,-0.9695811856290768,0.2561437472465117,2.0563324639217213,1.4901163125000005,109.46220253674299,109.47234459359917,162.124653,321.86512,-1.4566774012702548,-0.04837967422168548,1.4809644719117434,0.3443352511418411,0.00701382250822661,-0.07021737148951337,-0.9803096890205514
597,0,A,340,11349,2022-07-12 00:42:47.528,0.009134125,0.07900240785244697,0.07952869096118709,0.142936,0.27166,-0.9801788046655711,-0.020377307393332433,1.797288478817764,0.006306875000000002,0.10437792549305804,0.10456829348564507,0.180453,0.291007,-1.3556107386422123,0.4650365743081304,1.725695179531377,-1.0430813750000008,108.30747082516687,108.31249353282956,156.164188,307.560004,-1.505380669446486,0.030451515098194805,1.4417929354813215,0.1470734530507321,0.016217221190494662,-0.048720491141610624,-0.9538299703437209
598,0,A,340,11365,2022-07-12 00:42:49.128,0.005227062499999997,0.08800099174545474,0.08815609298603529,0.160318,0.272262,-1.2827394528332463,0.06658243743630454,1.8185697048234182,0.0020520625000000005,0.09814875804198235,0.0981702076278109,0.156441,0.28697700000000004,-1.4126725843944246,0.3042574745387542,1.5935690040822672,-2.4586918749999995,105.62767436069387,105.65628593029842,152.587909,305.175818,-1.475433252392217,0.06399725233693558,1.4441914899475305,-0.004737974352548189,-0.009540914847613935,-0.03402172633065976,-0.980270865261408
599,0,A,340,11381,2022-07-12 00:42:50.728,-0.010365249999999996,0.087727593596955,0.08833781232221567,0.166451,0.299465,-1.2007885256961373,-0.03504385035918467,1.8842554012189408,-0.0109890625,0.09267674172052874,0.0933259768261897,0.191568,0.332662,-0.4747330583815348,0.7809814373818059,2.0526760770666908,-3.3527616249999994,102.34764276072153,102.40254386093319,149.01163,293.254887,-1.439555212503286,0.07878232836013357,1.455155549674272,0.02586626991710959,0.08271614252960649,-0.09514639583147873,-0.9917998924964179
600,0,A,341,11399,2022-07-12 00:42:54.375,0.0037904999999999953,0.05113234765904065,0.05127265223659685,0.111951,0.193664,-0.6166665116749406,0.1712293538370387,2.183444684768868,0.015262375000000002,0.03078120706062995,0.034357281597210215,0.067365,0.099603,-1.264295422795975,-0.07720857752692661,1.9607197330032646,-0.9685755624999999,85.4243199379941,85.42981081267268,114.440931,227.689769,-1.5599868714476894,0.03539330877243215,1.3395901256405895,-0.2278509871399279,0.1141628351869404,0.4177137818223256,-0.9784789362069539
601,0,A,341,11415,2022-07-12 00:42:55.975,-0.0026973125000000035,0.07403436022864547,0.07408347986688733,0.140561,0.277985,-0.5227503788252705,0.32462946407484816,1.897332580118523,0.003369875,0.04396787670117099,0.044096827993915844,0.093704,0.18240099999999998,0.0705804009677724,-0.14893325227682913,2.124960099464038,-0.07450581250000132,86.49399896496348,86.49403105456007,118.017211,234.842329,-1.5655952334861867,0.010819008218221446,1.3644549752289294,0.36563683389599,0.011014439818794344,0.12341915323898693,-0.960367537567019
602,0,A,341,11431,2022-07-12 00:42:57.575,-0.0052771875000000015,0.06474449609736987,0.06495920629758727,0.106157,0.211092,-1.043129476565527,0.09993551442521081,1.6342102382482915,-0.013029187500000004,0.05113049580634187,0.05276445136938789,0.121497,0.224034,1.1345244333006521,0.8120004914088192,2.3026298359370103,0.8195639375000008,87.326122886585,87.3299686445071,120.401397,238.418608,-1.56307740453924,-0.022925719657038747,1.3786950673269598,0.5892120360470445,0.08477594257211843,-0.06713904492012467,-0.9609117120570035
603,0,A,342,11449,2022-07-12 00:43:01.514,-0.0010910624999999974,0.07794925517802331,0.07795689065238236,0.211115,0.367131,1.6669542156181523,0.6785288570786545,2.7080992870968017,-0.011837125000000002,0.20909489939106446,0.2094296886299194,0.330606,0.642652,-1.2441130622867773,0.20493828870054276,1.5786014015625538,10.6543315,172.9122980328167,173.24023086656723,253.915817,504.255355,-1.422917274900559,-0.06983163156550788,1.4656862077006267,0.5143747932957745,-0.0132267258914919,0.06785657118133201,-0.9985555725632514
604,0,A,342,11465,2022-07-12 00:43:03.114,-0.0096203125,0.09190030073789117,0.09240246581294514,0.256038,0.447716,1.9985484233001225,-0.6789000605557095,2.7709000809384277,-0.0153034375,0.19296968817471333,0.19357555567158394,0.350852,0.6380429999999999,-1.085834977483278,0.4288680165786362,1.8124809136296518,8.866192,174.98507097872192,175.20954433480276,255.10791,507.831634,-1.421512542770522,-0.084015431079033,1.456016057621392,0.38308759059224906,0.11887827330615637,0.1278165890700965,-0.9971161263861158
605,0,A,343,11494,2022-07-12 00:43:09.436,0.0032141875000000018,0.08809513074740477,0.0881537467308537,0.169044,0.29680799999999996,-0.6260770587475708,-0.38878204320525145,1.9176042569820213,0.002373187500000002,0.10754741977856719,0.10757360047863741,0.194719,0.310046,-1.0574564962101265,0.6483422088551064,1.810100239590553,-1.2665988749999997,110.34869562689845,110.35596449339756,158.548374,315.904655,-1.4883765847089219,0.03757246736681727,1.4366996358360469,0.4818756417286148,-0.01848494928276628,-0.020166656856864803,-0.9659701849889034
606,0,A,343,11510,2022-07-12 00:43:11.036,0.003308625000000001,0.07197762823342664,0.07205363256283476,0.164549,0.253121,-0.7376934448102697,0.5621151538382505,2.2837016559366963,0.005845062499999999,0.09493904754595757,0.09511880731255255,0.18088,0.285149,-1.1032138813698693,0.6122410360218111,1.9016218254886572,-2.9057267499999995,107.36200015157307,107.40131435179013,157.356281,311.136283,-1.4545725921203037,0.07658603760545366,1.4651243511283643,0.08290226617781002,0.024196352840660316,0.011357666299306315,-0.9855674137795316
607,0,A,344,11528,2022-07-12 00:43:17.444,-0.0052545625000000006,0.046584235878364404,0.04687964867015857,0.098313,0.181697,-0.22390428583758926,0.4975900919520862,2.0971360236021037,-0.0108275,0.04323843192259636,0.04457349830757061,0.09589,0.157742,-0.8789412065599169,-0.2532568771599763,2.151278307534446,4.917383750000001,82.0921551692682,82.2393008438178,112.056745,221.729304,-1.5087600278088895,-0.07414700951677537,1.3625692807482528,-0.09235136337948276,-0.17623584963099503,0.24202305382165804,-0.9965287587367058
608,0,A,347,11566,2022-07-12 00:43:35.064,-0.033986875,0.06919761842350049,0.07709356696735467,0.148023,0.208094,-1.2596146272877187,-0.3022772300968235,1.9200434721444455,-0.0062710000000000005,0.07928856128566088,0.0795361640497579,0.140781,0.255675,-1.0909775434068243,0.30889730254502534,1.7700250154373458,-5.96046525,101.41727566498399,101.5922780003668,154.972095,305.175818,-1.4171970993828005,0.03926361755481101,1.5254318344888425,0.1778349327926593,0.0044045689892912975,0.05160778734296683,-0.9991430316286056
609,0,A,347,11582,2022-07-12 00:43:36.664,0.024533,0.05613143855051285,0.06125852171534994,0.135764,0.20812799999999998,-0.8299507399363457,0.20962940440005443,2.2162467555265986,0.0065425625000000015,0.07657086016312664,0.07684986499784824,0.12642,0.227747,-1.360179772180178,0.21972652755248834,1.6450256614444243,-5.513430250000001,101.79217713015504,101.94138138174543,154.972095,306.367911,-1.4191652849995902,0.04225236624542133,1.5202079165443871,0.21603959473557688,0.08559564362935349,0.01778299557246118,-0.999459900537882
610,0,A,347,11598,2022-07-12 00:43:38.264,0.0007903749999999998,0.05221667625250936,0.05222265764493416,0.104074,0.17726999999999998,-0.2806434389691579,-0.633796087112094,1.9928897664995733,-6.22499999999998e-05,0.09214940344794696,0.0921494244739217,0.158322,0.307957,-1.2589855602404392,0.22738175605954536,1.7181008009963767,-4.693866312500001,104.68931320508152,104.79448783362261,157.356281,309.94419,-1.3961770763111914,0.06296998010151891,1.5015702090154526,0.23454863730011302,0.05743273240396556,-0.012037423000589265,-0.9983499895076515
611,0,A,348,11616,2022-07-12 00:43:41.601,0.029895625000000002,0.07084717117489149,0.07689648924121958,0.149666,0.268039,-0.4806581466829014,-0.05116334998225086,1.9463307294889225,0.022832624999999995,0.20649471413176507,0.20775320870867434,0.366038,0.701689,-1.0302910477847855,0.09011652199307499,1.7618885516867435,6.3329942500000005,180.1445062943877,180.25579037639602,261.068375,517.368378,-1.447163289583387,-0.07497067012186825,1.4483217124668089,0.6959586997717154,-0.14196343780754042,-0.08068159808045511,-0.9924748693232485
612,0,A,348,11632,2022-07-12 00:43:43.201,-0.008232187499999998,0.09963975025511827,0.09997924155512233,0.173849,0.339849,-0.7961772001013268,0.46518077274492353,1.7388509584177079,-0.008950687499999997,0.21309628323240376,0.2132841783494207,0.315902,0.581685,-1.5322726434312166,0.20345530862368466,1.4811318985061417,4.321337187499999,182.61647272869305,182.66759446316024,259.876282,518.560471,-1.4857798961844586,-0.05158616213581949,1.4226731499024088,0.603554070432425,-0.055467906448745434,-0.010863230683064143,-0.9800563615002366
613,0,A,348,11648,2022-07-12 00:43:44.801,-0.024394937499999998,0.10373010440891108,0.10656006539183663,0.228182,0.395355,-0.21670849394645053,-0.2669128619056986,2.141346283534475,-0.021182374999999996,0.2034157182391134,0.20451564105802517,0.334737,0.6142799999999999,-1.1672346312404631,0.45203546090405083,1.6367305613805276,2.0861628750000003,184.32708457438926,184.3388895030972,262.260468,524.520936,-1.5111126495565073,-0.012678852119396886,1.4227082994095699,0.6167467050641505,0.0292913734399458,0.00251901547714663,-0.9608550836367526
614,0,A,349,11666,2022-07-12 00:43:49.346,0.0009597500000000005,0.06574085008339564,0.0657478554003855,0.108408,0.214213,-1.0076445410179973,-0.1350923918737556,1.6488446556899312,0.0017809374999999995,0.05922110924584741,0.05924788197638376,0.114166,0.191042,-1.0829359833783294,0.4947689777439403,1.9269212027782974,-3.650784874999999,94.75496494125764,94.82526884339687,137.090699,270.605119,-1.4412835385998566,0.088467887393661,1.445719064887695,0.46654592504163656,0.07732588231568943,0.021819955119076986,-0.9933877015239341
615,0,A,349,11682,2022-07-12 00:43:50.946,0.002366749999999999,0.056835254774765455,0.056884511871642174,0.098448,0.192199,-0.9779034815347503,0.014596860049825577,1.7306644068976862,0.0003148750000000009,0.05092384155760811,0.05092481502420995,0.091675,0.16888,-0.8036769922100726,0.47716626937763196,1.8002029061159512,-4.619360499999999,92.99746448272708,93.11212000403088,133.51442,265.836747,-1.4288709779147122,0.0808698654711524,1.433910214848723,0.5334020574617157,0.05875917439112794,-0.01662428354412739,-0.9959725369150307
616,0,A,350,11707,2022-07-12 00:43:57.268,-0.0334521875,0.05832597542178222,0.06723814585068137,0.13805,0.197774,-1.0631199054060705,-0.011279549301362546,2.0531500125921607,-0.011546062499999999,0.04342047130310303,0.04492937666424385,0.090442,0.131051,-1.1314798786196631,-0.5519357156625342,2.012981410266848,4.768372062499999,80.55784228074205,80.69884339354154,110.864652,219.345118,-1.5121508318953272,-0.0553705892358742,1.3738071989377816,0.22166535200624532,-0.06021952515546589,0.04751883445288713,-0.998680460559685
617,0,A,351,11735,2022-07-12 00:44:05.295,0.0445514375,0.08590058761583702,0.09676642773225898,0.21788,0.381436,0.6238685462325653,-0.197178758625472,2.251607350876356,0.013534875000000002,0.21474764578449837,0.2151737535371124,0.354459,0.650258,-1.3318208322539136,0.26313385770546666,1.6473152239678905,7.003546625000001,185.0932587062254,185.22571118453897,268.220933,534.05768,-1.4141693194779994,-0.08676029506481067,1.4480761406432043,0.6172032043824528,0.24831692281663506,0.014446599761076198,-0.9962610375588996
618,0,A,353,11758,2022-07-12 00:44:15.484,0.0183661875,0.052429667057662534,0.05555345921778859,0.126878,0.21998099999999998,-0.08295570939046115,0.08272706166223331,2.2838901804943372,0.014851625,0.03460550131640019,0.03765782105353415,0.110601,0.142813,1.4560885269588546,1.3853029642599441,2.9369994573708933,1.8626453749999996,84.97161953977901,84.99203242072733,115.633024,227.689769,-1.5543278262883247,-0.037936042952493886,1.3605160472877473,0.3987461504956347,-0.12203880909194939,0.30702590977591554,-0.9799751765480403
619,0,A,353,11774,2022-07-12 00:44:17.084,-0.010429999999999998,0.09005113232214239,0.09065313746638888,0.208248,0.383139,0.5118284948878498,-0.36069374725754033,2.2971957267029097,-0.0059178125,0.05029058524617052,0.05063756974013958,0.096029,0.167813,-0.7233933450177483,-0.13379448945304323,1.8963982768683183,1.2665989375000009,85.85704954574278,85.8663917348843,118.017211,233.650235,-1.5586015225240026,-0.005908612632521917,1.3744284418563035,0.4792179804295623,-0.1401834946604965,-0.07596944150229688,-0.9674658794101367
620,0,A,353,11790,2022-07-12 00:44:18.684,-0.005890875000000002,0.08537491560381992,0.08557790966496552,0.163993,0.30774199999999996,-0.6794524751357205,0.03831231352510381,1.9163006042333446,-0.012474250000000001,0.055878109260805345,0.057253558907940386,0.105917,0.19824999999999998,-0.9331370839876589,0.1521839403389975,1.8499636008707674,0.3725290624999995,86.93366428581945,86.93446246490495,121.59349,238.418608,-1.5566120421923226,0.022278716850900583,1.3986799544436908,0.6073285799081514,0.041852430517933956,-0.1338589424472115,-0.9662496264489033
621,0,A,354,11808,2022-07-12 00:44:22.158,-0.017974937500000003,0.06925259341034525,0.07154732749856908,0.175033,0.277576,-0.27907521955996817,-0.374972952405598,2.4463946609815803,-0.01667025,0.21174238281148983,0.2123975845289913,0.321522,0.6345339999999999,-1.3619033190392273,0.18449565503189913,1.5137742772028262,11.101366375000001,173.51441316921327,173.8691804571714,257.492096,513.792099,-1.4159788996437042,-0.056154917360332735,1.4809530666846797,0.41597908110663745,0.1952150006607327,0.111848661418644,-0.9989445119885422
622,0,A,354,11824,2022-07-12 00:44:23.758,0.003581500000000001,0.09258545963392416,0.09265470564345343,0.179121,0.352644,-0.256701968516595,0.05744643221891005,1.9332099622579275,-0.006793687500000001,0.21673666460526433,0.2168431137344751,0.371879,0.704516,-1.1355639964952118,0.31413601163611005,1.7149679950425667,9.387732624999998,175.81143284373292,176.0618909429434,258.684189,512.600006,-1.4029185018560302,-0.07857897356121388,1.4692798516166803,0.6307050630331732,0.09044759263944198,0.09615814744662361,-0.9974224817160906
623,0,A,354,11840,2022-07-12 00:44:25.358,0.004266937499999998,0.07052455893558353,0.0706535219836032,0.153609,0.294776,-0.06372613777908764,-0.14518906913731933,2.17411667086672,-0.004852125000000002,0.21524580256734246,0.21530048453237396,0.359828,0.714223,-1.342807438069498,0.08384323247278241,1.6712828156496504,7.4505815,177.9104006691556,178.06634109496275,255.10791,510.21582,-1.4264865218630196,-0.08057808052580764,1.4326565505378188,0.5841152998174678,-0.04980007721484053,0.03157018099433976,-0.9947825073568901
624,0,A,355,11858,2022-07-12 00:44:29.332,-0.015901875,0.07166992082794829,0.07341285432402148,0.144568,0.24322100000000002,-0.9674440726891196,0.0374304622571881,1.9692464123778906,-0.0136628125,0.09576140854959446,0.09673117291138622,0.181452,0.307197,-1.1188958754844769,0.4452517486062313,1.8758378973262848,-6.109476812500001,109.26434586214378,109.43501717277086,162.124653,321.86512,-1.3883025894301018,0.08797931365644962,1.4814696172071251,0.10672468590321409,-0.12653086977191697,-0.20869275830733922,-0.995374460070639
625,0,A,355,11874,2022-07-12 00:44:30.932,0.0097890625,0.08468815001113553,0.08525202928339888,0.179752,0.303314,-0.5649212856208456,-0.4585781998517853,2.1084776692230958,-0.0026375,0.10615362055295145,0.10618638124896243,0.191806,0.317018,-1.1555938009804234,0.5867021974498989,1.8063144985635733,-6.1094768125000005,105.87326095669896,106.04938987343469,159.740467,313.520469,-1.3935104648720966,0.07963033543742681,1.5062836965930992,0.07798897875284437,0.05328135967385402,-0.042190804365850744,-0.9965079722806838
626,0,A,356,11904,2022-07-12 00:44:37.312,-0.013664875,0.034927448637989224,0.037505405972006224,0.086432,0.131358,-0.75040711072457,-0.2763669587852551,2.30452111528968,-0.019861625,0.04395743120746906,0.04823629241556611,0.074688,0.135229,-1.373390653042501,0.24404453516727437,1.5483777102217289,4.991889499999999,79.6711756843305,79.82740879988317,109.672559,218.153025,-1.5329040806709846,-0.06550757117114081,1.3738709629788273,0.04508759497265355,-0.14060339404310362,0.025910750088155722,-0.9972235898234354
627,0,A,356,11920,2022-07-12 00:44:38.912,0.012457625,0.035757244613635636,0.03786519461193881,0.057333,0.11446400000000001,-0.8802970675617043,-0.5637851191448622,1.5141345657292102,0.007333812500000001,0.04169278219341261,0.04233288193369901,0.078297,0.134116,-1.1781396686740335,0.31655348374257225,1.8495551548469424,4.991889500000001,79.82932114805085,79.98524536274705,108.480466,213.38465300000001,-1.5409773812750343,-0.05516479329973693,1.35625596330951,-0.018318129026339107,0.5812155124525181,-0.14256591245803785,-0.9977991219231581
628,0,A,357,11936,2022-07-12 00:44:45.286,-0.027758625000000002,0.10868945161207859,0.11217815363797445,0.211888,0.418379,-0.3295256486356051,0.5058173830286536,1.8888526252964806,-0.0237353125,0.1837431514362232,0.18526983229653848,0.318445,0.619105,-1.0627846806866361,0.16787296209876043,1.7188173382178298,8.791686124999998,162.51472284482125,162.7523544722152,241.994886,479.2214,-1.400435628535315,-0.07856716253343604,1.4868902313871777,0.553427170562542,0.0735532500293195,0.09509887470328435,-0.9977044598023961
629,0,A,359,11963,2022-07-12 00:45:02.356,-0.044426125000000004,0.12504864438783164,0.1327058553559337,0.230031,0.434229,-0.7840955604665205,0.11676746261081851,1.7333899802915862,-0.0002796249999999969,0.17204314992025802,0.17204337716002033,0.294566,0.5672090000000001,-1.2765452690216377,-0.24928154120957055,1.7121612285372625,-7.152558250000001,138.74767210718036,138.93190995837236,207.424188,408.887911,-1.4020814281730476,0.06943187160828865,1.492991696883385,0.7553761804941025,-0.03423189682521128,0.021064586476437087,-0.9982930718254939
630,0,A,359,11979,2022-07-12 00:45:03.956,0.031813812500000004,0.07892983068540907,0.08510015768382864,0.1663,0.25714000000000004,-1.0970664830940344,0.13418563756839244,1.9541679419426217,-0.004083624999999998,0.197926529957733,0.19796865220092294,0.308939,0.582343,-1.4660198195214977,0.05431438972689276,1.5605450487507018,-6.2584884999999995,142.73322990793028,142.8703734097966,211.000467,419.616748,-1.4109628001152943,0.07266233506795895,1.4768664906809275,0.44518739334524216,-0.026704257791255043,0.004557918161176911,-0.9969824239808891
631,0,A,359,11995,2022-07-12 00:45:05.556,0.011014750000000007,0.08678907910741131,0.08748525001321651,0.180049,0.31801599999999997,-0.7704671389106093,0.2738750188836624,2.0580497852243633,0.0038281875,0.1533619603459487,0.1534097320924833,0.263243,0.508468,-0.9913177492741809,0.07273057292120416,1.7159471984561159,-4.917383812499999,146.54193362834482,146.62441466240764,212.19256,420.808841,-1.4369122399126817,0.0748266680610513,1.447184362089754,0.17296210197046666,-0.10735811763748501,-0.009659661459179084,-0.9944022926623837
632,0,A,360,12013,2022-07-12 00:45:10.440,0.034345062499999995,0.055101876462454465,0.06492919303219855,0.107508,0.17319400000000001,-1.2332561835103995,-0.23620620993326416,1.655772927082068,0.020048687500000002,0.044656271994702415,0.048950306423325894,0.098451,0.15653899999999998,-0.7813809961686289,0.09687786719608549,2.011243793830184,-3.7997965000000007,80.38037986994193,80.4701430437251,109.672559,218.153025,-1.526326243603319,0.06922962652882214,1.3628975276011026,0.2772871522991818,-0.1803833569500069,-0.009070871528636814,-0.9975050175796503
633,0,A,360,12029,2022-07-12 00:45:12.040,-0.01439875,0.0662926473029815,0.0678383305219107,0.119387,0.227259,-0.939946133818137,0.2953602986571564,1.7598752664091564,0.002545437499999999,0.03967535070571014,0.03975692022387423,0.074836,0.138646,-1.1257305081602194,0.023802774632024487,1.8823389633450682,-3.5762791874999995,80.63057675990015,80.70984872654077,110.864652,219.345118,-1.5243306216303478,0.06853589052300411,1.3736198710473246,0.12587400489152162,0.1579536171187955,-0.047207751772703345,-0.9987878121475836
634,0,A,360,12045,2022-07-12 00:45:13.640,-0.0177470625,0.04704883132112416,0.05028469703659852,0.104707,0.167291,-0.5862460164103904,-0.17240094593491817,2.0822836005910803,-0.023265499999999998,0.038337771588539155,0.04484493528398719,0.11121,0.167438,0.41416585424880825,-0.3918050932164947,2.4798787041556913,-2.905726749999999,82.02623245107766,82.07768306954023,109.672559,219.345118,-1.513701684983882,0.08257489410914287,1.3362043724733317,0.0494541408311372,0.019435541404418492,0.09204264678308269,-0.9978150079225935
635,0,A,361,12063,2022-07-12 00:45:17.244,0.024570500000000002,0.08964286662989421,0.09294919584307872,0.236876,0.337045,0.20871476559209867,0.8696519274335296,2.5484459316883754,0.0039698749999999994,0.18830005997140412,0.1883419031781032,0.307351,0.575554,-1.2173462462438605,0.2546536039827056,1.6318779560667245,-3.5017732499999985,179.44339962452653,179.47756429342903,257.492096,509.023727,-1.476062512078377,0.06180126089791339,1.4346756766713444,0.7658933259476367,0.03341296221323342,-0.06718651858834962,-0.9841834476250478
636,0,A,361,12079,2022-07-12 00:45:18.844,-0.0301945625,0.10245930054719822,0.10681582220433217,0.202654,0.379142,-0.6518995769564846,0.32595444847434935,1.8972282927554986,-0.015805875000000004,0.18398952116284878,0.18466718599212475,0.296645,0.560772,-1.413847435069583,0.07194669174776551,1.606376348923466,-1.2665989375000004,180.93594073335174,180.9403739410623,256.300003,512.600006,-1.511855222202016,0.029897754730791773,1.4164887438747342,0.7304101232388999,-0.0016646483704307663,0.024771215274352835,-0.9621572281779366
637,0,A,361,12095,2022-07-12 00:45:20.444,-0.009100374999999996,0.08615209442453721,0.086631404230077,0.177816,0.31370200000000004,-0.5674055031621972,0.5154780076761913,2.0525582100430184,-0.0192550625,0.2074004218924918,0.20829232446987217,0.330214,0.6320140000000001,-1.2762613319933487,0.029510221489120695,1.5853392622144502,1.4156104374999998,181.4221178846212,181.42764070188463,255.10791,509.023727,-1.5184429680584577,-0.009087229389238033,1.4061138039003889,0.7947514313756712,-0.020559652047495398,0.0037833159177570984,-0.9529509785906638
638,0,A,362,12113,2022-07-12 00:45:25.336,0.017133875,0.07827267158535842,0.08012603066185794,0.182045,0.331629,0.020154608691838938,-0.14548695009633766,2.2719832555821102,0.002602687499999999,0.16008457420170077,0.16010573031457212,0.285401,0.47988000000000003,-1.3700502789699907,0.44348004202080604,1.782578296474777,3.725290812500001,148.00260820460366,148.04948438614406,218.153026,429.153493,-1.4758677621936815,-0.05110763784506693,1.4735142571048152,0.48129989658160666,-0.14530424187905883,-0.02547064823766503,-0.9819772445057104
639,0,A,362,12129,2022-07-12 00:45:26.936,-0.002365375000000001,0.06567606957815286,0.06571865118917916,0.182315,0.287237,1.3718224832974606,-1.0340685809995573,2.7741744040848317,0.012211312499999998,0.14116104599477805,0.14168823895903462,0.253476,0.40330199999999994,-1.2655517443164648,0.3919900024003414,1.7889699375350823,6.705523375,143.94731663775804,144.10341429315145,218.153026,429.153493,-1.4298749978552132,-0.07398704578440163,1.513864380452558,0.15030219276565263,0.08200653816872444,-0.08819214284752923,-0.9915302234748675
640,0,A,363,12147,2022-07-12 00:45:33.352,0.007715999999999999,0.033746270814343324,0.03461715542725889,0.089017,0.13985,0.24319958209159864,0.3163807342433247,2.5714706740434417,0.0077281875,0.058888886488898264,0.059393819829486466,0.108317,0.193914,-1.0625190186295548,0.13447851710807174,1.8237082630981967,-2.384186124999999,81.62247167747321,81.65728519990459,110.864652,219.345118,-1.5402560580668045,0.09290787954105942,1.3576823149164594,-0.11070255388076913,0.08342650859201348,-0.08200529902796086,-0.994187224693161
641,0,A,365,12177,2022-07-12 00:45:50.892,0.0399558125,0.03907876294936092,0.0558893251541607,0.122737,0.137885,-0.7940233999098205,0.4475842310426678,2.1960723208135353,0.02309075,0.06088543370082453,0.0651169622487106,0.130889,0.19766,-0.9970399977397868,0.1547324921077742,2.010059982529234,1.3411046250000003,82.98743802032955,82.99827366152404,109.672559,219.345118,-1.6109147612059624,-0.019067233114286528,1.32138361632986,-0.36427440789125,0.2853053858833209,0.04641725566858574,-0.9486755731460037
642,0,A,365,12193,2022-07-12 00:45:52.492,-0.03508925,0.0497365125480014,0.06086851522749672,0.100933,0.167279,-0.737662210887092,0.5522412244612731,1.658213603909375,-0.010964625,0.0598002034234364,0.06079709969130929,0.152363,0.214815,0.1772127370326979,-0.9585531300489858,2.5060899413558655,2.607703625000001,82.4132320853866,82.45447799213596,109.672559,218.153025,-1.5821212735911114,-0.06009550066036419,1.3300982756868578,0.05598290837183698,0.028839428397373884,0.09881969766213233,-0.9805203404243755
643,0,A,365,12209,2022-07-12 00:45:54.092,-0.0086873125,0.04201047181762951,0.04289929067959632,0.088195,0.15781099999999998,-0.7474959053855703,0.017493002633643617,2.0558614980071717,-0.0091986875,0.06880840569265388,0.06942054843983517,0.130962,0.26123799999999997,-0.7818001302722353,0.24934030820393077,1.8865019499738045,3.5017733124999997,81.14059502248494,81.21612264159775,110.864652,218.153025,-1.5416548687697542,-0.07707745399475982,1.3650571880812332,0.20431345773187456,-0.5744616391554113,-0.030573421026268918,-0.9924489498245522
644,0,A,366,12227,2022-07-12 00:45:57.561,0.024378,0.11431655972342765,0.11688696553080673,0.264054,0.457446,-0.43476096854534463,0.06402774042973203,2.259054282065402,0.006616937499999998,0.1719536789525266,0.1720809448114099,0.287903,0.506163,-1.3643760749538736,-0.31079391616072904,1.6730672900217043,8.493662750000002,141.12581400079955,141.3811786777116,208.616281,417.232562,-1.3997589883850308,-0.054210027801007095,1.475559073358382,0.6916316794938685,-0.08860617807656537,0.054698602868873424,-0.9989201092177501
645,0,A,366,12243,2022-07-12 00:45:59.161,-0.0178165625,0.11184956881117644,0.11325968365911367,0.194527,0.33890600000000004,-1.1928722934835214,-0.12013229547248233,1.7175308434154097,-0.006398812499999997,0.1926387089337248,0.19274495319219775,0.330225,0.592583,-1.3517988298131045,0.2910902936840143,1.713274430955982,7.450581625000001,145.51746683090226,145.70807911517306,215.76884,426.769307,-1.4037970235095847,-0.07148217223664206,1.4808296239321659,0.49186826355244784,0.045470130128467984,-0.05006326834064847,-0.9973883092721573
646,0,A,366,12259,2022-07-12 00:46:00.761,-0.0098494375,0.050862124096631024,0.05180701773589655,0.101067,0.192301,-0.7405085769675157,0.05862238896263239,1.9508360916511842,0.016653124999999998,0.15493348839497023,0.1558259041318227,0.289388,0.486681,-1.3821706967283935,0.2053812211835323,1.8571238306770157,6.109476875,149.3800522945756,149.50493547443943,216.960933,430.345586,-1.4231630013043237,-0.07890570177521643,1.4511957903696993,0.18848322256958158,-0.01911850492732347,-0.059885079295433345,-0.993747782993214
647,0,A,367,12277,2022-07-12 00:46:05.548,-0.006960312500000001,0.08431944435947052,0.08460623290980103,0.135325,0.26642699999999997,-1.1550588564109332,0.353430572273918,1.5994684474874377,-0.0012800000000000008,0.15467390050966903,0.15467919672300798,0.258665,0.42656499999999997,-1.3323476414729445,0.48240919896970447,1.6722675413372152,7.227064125,158.96878469104993,159.13297886364174,239.6107,469.684656,-1.4003059742418111,-0.09047565422548527,1.505726227907279,0.5475818347875734,0.03501055858214513,-0.0077094054120094065,-0.9953106881322851
648,0,A,367,12293,2022-07-12 00:46:07.148,0.011977687500000004,0.09226633482730764,0.09304053708095467,0.175323,0.332549,-0.571501942215797,-0.1643783174286384,1.8843721833575755,-0.0033895624999999993,0.16218645705520882,0.16222187271161215,0.282291,0.519979,-1.2239169846297497,0.35647256986653053,1.7401537491916348,5.438924437500001,159.17676901888947,159.26966344640064,236.034421,472.068842,-1.4358239876929804,-0.08230152576787733,1.4819797812873081,0.49620791251514457,-0.03300601992446144,0.07485310374929166,-0.9909107952050095
649,0,A,368,12314,2022-07-12 00:46:13.485,0.0144999375,0.053592884131744525,0.055519775009112746,0.136265,0.221763,0.09604162475556688,0.2368638756139899,2.454350724181323,0.014308499999999998,0.08622719224887819,0.087406303293155,0.223288,0.38301399999999997,0.5150130793803251,0.3670732191546566,2.554598370910467,-1.0430815000000004,82.80743963976866,82.81400895204611,110.864652,219.345118,-1.5728351875770183,0.06029240479486134,1.3387185743440675,0.11938811539425621,0.4352885467333152,0.30721748120585524,-0.9876780408144078
650,0,A,371,12357,2022-07-12 00:46:31.584,-0.0291529375,0.04416429693268754,0.05291860625940086,0.120274,0.15839,-0.7754975118561838,-0.2633552083750891,2.2728111812021434,-0.0056110625,0.053424987447903007,0.053718835674160886,0.135012,0.22438599999999997,0.3451383541662638,-0.5642585323287379,2.513308382537071,0.4470348749999995,83.44531501142134,83.44651243482143,110.864652,218.153025,-1.6207889065946683,0.010061238009770795,1.3285714257572405,0.08204348627598868,-0.11060968473437398,0.0011906098446038378,-0.9457002253505407
651,0,A,371,12373,2022-07-12 00:46:33.184,-0.0002801250000000026,0.05514694053716285,0.05514765199557457,0.104549,0.207935,-0.5039335933474973,0.13976480523800294,1.8958014750725876,-0.009375625,0.047913981030951444,0.04882265787905243,0.097208,0.158004,-0.27560175720719515,0.9845280628245587,1.9910427703631333,1.4156103750000009,83.44887395984715,83.46088016490278,110.864652,220.537211,-1.6092019437071081,-0.034001777008220116,1.328342713148395,0.17636007462609612,-0.24848725544448352,-0.5690033574547019,-0.9631377081598602
652,0,A,371,12389,2022-07-12 00:46:34.784,0.026331125,0.04235930123637989,0.049876232265478916,0.100672,0.143732,-1.146458010859293,0.10995281099945634,2.018436345876082,0.013465875000000002,0.049706108433565536,0.05149783495570469,0.078304,0.15556199999999998,-0.5725201630661916,-0.6736950873020371,1.5205299420325602,2.831221000000001,82.89105890213547,82.93939629794838,109.672559,219.345118,-1.5785518423096276,-0.07121748048586615,1.3223216456268432,0.09913979527020385,-0.31633204887966826,0.23755841959342588,-0.9845786625944684
653,0,A,372,12407,2022-07-12 00:46:38.256,-0.004784062500000001,0.05626003762048683,0.05646307720149957,0.124217,0.237464,-0.032637059365669074,0.34596540090516487,2.199968654855761,0.0001303749999999968,0.16272536390874773,0.16272541613673935,0.261829,0.473101,-1.4994110932155178,0.14443757226563467,1.6090233856276217,2.9057268749999983,156.6094326484389,156.63638671502233,231.266049,454.187447,-1.5011683417716883,-0.028032290587886033,1.476451633302521,0.5656026502565377,0.25123668991032466,-0.004922342348149777,-0.9694631576954205
654,0,A,372,12423,2022-07-12 00:46:39.856,-0.005815750000000001,0.06958391867154005,0.06982653282062629,0.165827,0.303802,0.6495574867901555,0.44660423703103097,2.3748422455112337,0.014376500000000004,0.1710878107869611,0.17169077654936796,0.269334,0.519741,-1.2735265346222102,0.012327004581603074,1.5687156026261884,1.0430814374999997,160.04424794233748,160.04764702523323,231.266049,460.147912,-1.5133735030095836,0.014436650644754467,1.4449824992649747,0.43166811096815555,-0.059246221778794385,0.020639885732119764,-0.9565758133250055
655,0,A,372,12439,2022-07-12 00:46:41.456,0.009120875,0.09462138019554235,0.09505995976684925,0.180859,0.30619799999999997,-1.2237777183843184,0.19589904036237232,1.9025781248339206,0.009842249999999999,0.18533857240449841,0.18559972065172942,0.309559,0.557616,-1.318934884969034,0.1479265617820474,1.6678850534526142,-0.7450581874999971,163.19209143260198,163.1937922160322,237.226514,474.453028,-1.5009257972640184,0.04406412411627453,1.4536491295328502,0.613058112961922,0.052385407547905036,0.011175024728806278,-0.972070803349032
656,0,A,373,12457,2022-07-12 00:46:45.658,-0.003147312500000001,0.06786220246363099,0.06793514627339445,0.168364,0.28862200000000005,0.9208886636932694,-0.8368985771061125,2.478304813276551,0.006365812500000003,0.15796990144613735,0.15809811299217805,0.243543,0.46143100000000004,-1.489921829546757,0.2980589926047396,1.5404548187874283,-7.450581375,142.6940219910973,142.88840077074576,220.537212,431.537679,-1.397310985107598,0.08206882412380186,1.5434227747697744,0.430965612014093,-0.06894231068596063,0.014378996910146992,-0.9978971568836997
657,0,A,373,12473,2022-07-12 00:46:47.258,-0.006762000000000001,0.10151802538465766,0.1017429807013732,0.232817,0.442732,0.4913443601416718,-0.15109555377308415,2.2882856231954065,0.004552750000000003,0.16191914386642953,0.16198313703284056,0.272141,0.46364400000000006,-1.462902004897902,0.2269022531038606,1.680057597259806,-5.5879361874999995,142.2022086150241,142.31195721311124,213.384653,425.577213,-1.4102646139145487,0.09653574073796435,1.4994147869139192,0.5892870576945789,-0.05617191322153157,-0.0032576247796748366,-0.9957424946883637
658,0,A,374,12500,2022-07-12 00:46:53.743,-0.029736,0.04279839794752836,0.0521146098793323,0.110238,0.185501,0.5494089775018454,0.6110891356860793,2.115299342262147,-0.009371249999999998,0.07344927397913814,0.0740446903877989,0.143865,0.27141099999999996,-0.44443246290091665,0.3815270388465519,1.9429482282460337,-3.5017733749999986,79.89410357392622,79.97080844064982,108.480466,216.960932,-1.5202867715920962,0.08549234880544802,1.3565008046718519,0.1633508709100067,-0.11505224299720901,-0.0433802290319712,-0.9958039596768686
659,0,A,375,12530,2022-07-12 00:47:01.644,-0.007512874999999997,0.05784028628676015,0.05832616915673444,0.123193,0.21079599999999998,-0.7898810518469146,-0.5013369775582233,2.112139401251521,-0.010137625,0.19372727984297766,0.19399234623046344,0.304361,0.595796,-1.23359640528363,0.19517210678833286,1.5689330322260153,-8.568168812500002,173.95381425198266,174.1647008139502,255.10791,509.023727,-1.4102800932788642,0.08647908449739625,1.4647509444093187,0.6507091430068951,-0.16490174717278747,-0.09841509134637277,-0.9972366455405
660,0,A,377,12557,2022-07-12 00:47:11.896,0.0398631875,0.0454557360849799,0.06045905772245793,0.131102,0.184332,-0.3042905190900518,-0.007625302471712003,2.168442660847181,0.0096083125,0.052699150283375955,0.05356790186004581,0.094655,0.184195,-0.6736410825728094,-0.3286785545116241,1.7670096590174542,4.8428780625,79.45041705754427,79.59787835455141,109.672559,216.960932,-1.5383185264702375,-0.058998754009713786,1.3778326918650705,0.13815876818806522,-0.1325107368630941,0.10575720497392163,-0.9977033383632682
661,0,A,377,12573,2022-07-12 00:47:13.496,-0.004330062499999999,0.03866994339514339,0.03891161733258462,0.102753,0.155018,0.3798626794641238,-0.6707193647780524,2.6406766678894775,0.0106840625,0.04863243437828909,0.04979219682904642,0.097289,0.17319400000000001,-0.4570371971124709,0.09741919950125627,1.95390053453609,4.470348812500001,79.73834923194991,79.86356088193054,110.864652,218.153025,-1.5300419233707507,-0.05669221014845832,1.3881756682988524,0.2857976563429523,-0.2794288161356432,-0.15094002085615532,-0.9980223633926103
662,0,A,377,12589,2022-07-12 00:47:15.096,-0.029884874999999998,0.024624413586609023,0.03872295828381401,0.078105,0.078315,-0.8227689002739176,-0.6416440654740063,2.01702048246266,-0.0130018125,0.0582494855752164,0.05968290959782792,0.097624,0.194674,-0.8179951587059824,0.48168611721348414,1.6357111383784295,4.693866312500001,80.0617935500372,80.19927161395171,109.672559,218.153025,-1.5245276045493439,-0.06504534934547708,1.367500686638668,-0.31324293152368454,0.13052052322185367,0.06717610499977843,-0.9975735265063764
663,0,A,378,12607,2022-07-12 00:47:18.491,-0.003310750000000002,0.08178349148628652,0.08185047675640014,0.204911,0.368539,0.7725539400062456,-0.2865934062136738,2.5034796145396596,-0.0031806250000000003,0.07819386331330212,0.07825852436156716,0.125115,0.238737,-1.3227070744253435,0.04631918991511336,1.5987395752818987,0.1490117500000001,106.36372464344159,106.36382902343964,156.164188,309.94419,-1.4845206558172237,0.01509861605371482,1.468207655119164,0.1822711655191213,0.1198815642007008,-0.04942728516738602,-0.949052137152009
664,0,A,378,12623,2022-07-12 00:47:20.091,0.00026068749999999963,0.069668782016875,0.06966926973700456,0.12061,0.229551,-1.0798923574178323,0.2167495585957604,1.7311793342357724,0.0014109375000000025,0.08889128723929356,0.08890248417050842,0.142815,0.28152699999999997,-1.3943296259022264,0.10684731991556515,1.6064230525447563,-0.5215407499999998,107.44552234434266,107.44678811673501,160.93256,315.904655,-1.4541351194985825,0.05298605100966533,1.497788466465425,0.37377449562222353,-0.1912049429376469,0.038168550500559506,-0.976469492840481
665,0,A,378,12639,2022-07-12 00:47:21.691,0.0035218750000000007,0.0574572773076603,0.05756511373327599,0.095781,0.181755,-1.2478079244481775,0.03557664897103868,1.6638723314922073,-0.009263999999999998,0.10466514896146187,0.10507433132371104,0.173684,0.311681,-1.5132055861935392,0.03138733961493967,1.652963171994096,-1.1175873125,109.59435609112576,109.60005423552278,162.124653,320.673027,-1.4264042574193212,0.07191443278168105,1.4792388026707137,0.07057198109504054,0.2941863403928511,-0.08579966185459043,-0.9893057042735012
666,0,A,379,12657,2022-07-12 00:47:25.788,0.002420375000000004,0.11864846687898827,0.11867315158819622,0.198965,0.37826899999999997,-1.0557153166762137,0.1342098752910732,1.6765797262250342,-0.0011421250000000069,0.19962169858819048,0.19962496586536965,0.343789,0.610658,-1.2126392589719224,0.40059585069892545,1.7221743708743171,11.026860625000001,175.39953764555685,175.74580922889257,264.644654,522.13675,-1.4255024419883393,-0.046638674146207024,1.5058376365340522,0.5529702591914267,0.020291749838238952,0.05029131790743023,-0.9992004308602581
667,0,A,379,12673,2022-07-12 00:47:27.388,0.00010506250000000272,0.08340420255783634,0.08340426873030841,0.197015,0.389974,1.0665095493305392,0.06235855537151613,2.362169263027258,0.0003115625000000011,0.19744414299712992,0.19744438881635126,0.327473,0.647999,-1.3065707008415086,0.14828321014072865,1.6585581487686243,11.250378,179.19549939647482,179.54831664233137,268.220933,524.520936,-1.4302548126987573,-0.03857592598175935,1.4938649273683173,0.6247920302585344,-0.010461783223820924,0.01822100482647646,-0.9993222060110096
668,0,A,380,12700,2022-07-12 00:47:33.787,-0.007899125,0.10775017695221839,0.10803932991739629,0.213315,0.360602,-0.7719183954198425,-0.4161274907077267,1.9744198724954554,0.0018632499999999986,0.11940725774031702,0.11942179408141966,0.195075,0.321468,-1.3069373811477842,0.5653342761320992,1.6334958078673758,3.2037500000000003,108.86028762328836,108.90742047944927,157.356281,312.328376,-1.458825007608495,-0.0788219240782104,1.4448628046395882,0.3062939792055175,0.06918327076373064,-0.06207128102192022,-0.9835574842028741
669,0,A,383,12743,2022-07-12 00:47:59.731,-0.004637749999999999,0.09853705616258028,0.09864613607359389,0.207299,0.37795,-0.03737955378692881,-0.4976750509327899,2.101440646852572,0.005103749999999998,0.20023863739126996,0.20030366988244375,0.311148,0.585828,-1.3689870127212513,0.17143403060292484,1.5533814242275725,4.246831312499999,178.64100274059822,178.6914755559516,255.10791,506.639541,-1.4774500790052505,-0.05520026339930379,1.427644543234638,0.5726913330568826,-0.05784260920685702,-0.03877507177903405,-0.9835979970952933
670,0,A,383,12759,2022-07-12 00:48:01.331,0.015209937500000001,0.07955735968742045,0.08099824491424182,0.185524,0.322694,-0.22867232220255618,0.2544105080735037,2.2904693823480557,-0.003895124999999996,0.1999821962628408,0.20002012603954383,0.328212,0.59507,-1.3849037372636563,0.2700653452178455,1.640894876424149,6.705523437500002,177.51525949046132,177.64186273662153,257.492096,511.407913,-1.4341700701485809,-0.08002019668510525,1.4495012157228244,0.7484953254067008,0.08932710609481558,0.008234508978207775,-0.9938462136487101
671,0,A,383,12775,2022-07-12 00:48:02.931,-0.013561437499999999,0.06137584415607735,0.06285623941135438,0.140054,0.278836,0.7809159929918099,0.46249497094123093,2.2281638435833724,-0.0161985625,0.17946477210896042,0.18019433358235074,0.303768,0.5968519999999999,-1.1350587531515046,0.18414761587653738,1.6857799796527717,8.4191570625,176.7162174352954,176.91665752630996,257.492096,512.600006,-1.408012765900205,-0.08005078145937781,1.45544291645747,0.5377548076450348,0.11641089905714003,0.12273688974813578,-0.9975100355771225
672,0,A,384,12793,2022-07-12 00:48:06.559,-0.0012723750000000027,0.07366636226415944,0.07367734975808374,0.142208,0.27473800000000004,-0.8241129452955693,0.09061745927885678,1.9301454309490442,-0.0025894375,0.07998803224152407,0.08002993495210088,0.140809,0.23158399999999998,-1.1461046522355418,0.6734230700737822,1.7594541353091977,5.73694775,98.61392736221747,98.78066227398422,146.627443,288.486514,-1.412162376880397,-0.08596806783137187,1.4843739617102887,0.19466129476904329,-0.02351602158908189,0.06612670812021826,-0.9945131316154281
673,0,A,384,12809,2022-07-12 00:48:08.159,0.00010556250000000149,0.07047577798166611,0.07047585704028365,0.137054,0.228508,-1.0700378734266267,0.4349105571626284,1.9446943358441262,-0.004093874999999999,0.07553885805570121,0.07564971175672118,0.170577,0.265008,-0.16082885487002763,0.8691227302576872,2.254826833293848,6.556511562500001,95.61856935086344,95.84309390130869,139.474885,277.757677,-1.417121356190926,-0.0730503053949981,1.4552418888273757,0.1848877854016675,0.002645270584548529,0.1269886732363742,-0.9967915786851191
674,0,A,384,12825,2022-07-12 00:48:09.759,-0.0059535000000000005,0.07654795462812838,0.07677912164123786,0.151739,0.302087,-0.5152697692093726,-0.04453501135015925,1.976305494988906,-0.004750187500000002,0.0636149754600074,0.0637920793207315,0.112039,0.19878400000000002,-0.9225253757737075,0.7513341808404324,1.7563152227205887,6.258488437499999,93.66326267784392,93.8721228745846,137.090699,270.605119,-1.4300885694660397,-0.06726715669752223,1.4603984101132605,0.3209047094367988,0.0387453921366919,0.13107230417400284,-0.997294902423572
675,0,A,385,12843,2022-07-12 00:48:14.176,0.0209468125,0.04190566840866929,0.04684926892372495,0.098391,0.184513,0.7487031840412022,-0.6410274137132701,2.100160840507242,0.0142599375,0.040793055960035574,0.04321364636388024,0.075528,0.137908,-0.9422512473749216,-0.2979666730296715,1.7477812301238582,2.3841860625000013,83.17999462033666,83.21415653733357,109.672559,219.345118,-1.5671140683382794,-0.05490266094168577,1.3179555446289482,-0.18034750485936954,-0.053152559965852185,-0.1020024026277918,-0.9896283824789182
676,0,A,385,12859,2022-07-12 00:48:15.776,-0.034435125000000004,0.05319824412736172,0.06337058475349584,0.146669,0.199897,-0.3438644753299007,-0.4043632513246297,2.3144649930330488,-0.012721125000000002,0.049754691855234866,0.051355198206948824,0.10575,0.20395,-0.12941784142351098,0.21197761321329983,2.0591878464542868,1.2665988749999997,84.28682476171726,84.29634097113934,112.056745,222.921397,-1.5932232198654448,-0.022660641686713525,1.3293192054251208,0.10932318024863887,-0.18290114363235022,-0.3059079655017743,-0.9691891292353357
677,0,A,386,12883,2022-07-12 00:48:22.150,0.015135812500000002,0.10881746152802105,0.10986506611947904,0.24642,0.387521,-0.21836441976293042,0.7910570998291491,2.24293316068291,0.0031509375000000027,0.22087503384025456,0.22089750786521448,0.366498,0.723623,-0.9497499329000592,-0.039565291042570616,1.6591314385657392,10.430813937500002,170.72363251835108,171.04198484483194,252.723724,504.255355,-1.418541392745522,-0.05461167920843852,1.4775537376350558,0.7507468195547513,-0.023913628692295293,0.019442828141900893,-0.9988776493062143
678,0,A,387,12911,2022-07-12 00:48:30.056,0.003334187499999995,0.09517968404498064,0.09523806519027725,0.16223,0.31930000000000003,-1.0947831963990344,-0.1485806397865485,1.7034155374311604,0.003724375000000003,0.09803181141335897,0.0981025331891333,0.209174,0.341972,-0.6989008193024704,0.7076815905861866,2.1321977445447855,1.1175870624999997,103.31092980717256,103.31697449337551,149.01163,296.831166,-1.5128930260024653,-0.00398273992901934,1.4422763609822347,0.08059058417224794,0.06017430905341421,0.01088957340161271,-0.9508877715476792
679,0,A,389,12932,2022-07-12 00:48:40.145,-0.0148180625,0.08551701432424774,0.086791328571393,0.187012,0.313771,-0.630004446883258,-0.23399759349837515,2.154731389394129,0.0033804375000000006,0.20090611035287376,0.2009345478876455,0.326245,0.613541,-1.3771026416341352,0.20902018508243536,1.6236381619273508,-0.5960464375000001,170.37757993397338,170.37862253085964,245.571165,487.566051,-1.5032464123880962,0.028909337372781146,1.441326155548189,0.63564331962213,-0.021067855961324152,0.05307287740883848,-0.9633288385750415
680,0,A,389,12948,2022-07-12 00:48:41.745,0.006630312500000002,0.07477134537267498,0.07506473960980282,0.137907,0.251054,-1.1216966677942224,0.09480579240416526,1.8371741608225136,0.005875500000000001,0.20219078773833887,0.20227613835175912,0.317837,0.633955,-1.3164891148627424,-0.054648919173924934,1.5713024906935884,-2.9057268125,170.45157221695715,170.47633771154705,243.186979,485.181865,-1.4737252471992552,0.058941503116643035,1.4265145665639671,0.3661542767883993,0.10491737746945612,0.02069197763132441,-0.9841297665672382
681,0,A,389,12964,2022-07-12 00:48:43.345,0.008022624999999995,0.09435002796361204,0.09469049735123901,0.242721,0.417051,0.6998501069001115,0.3546322219570043,2.5633089569660394,0.0032159375000000018,0.2077314999721602,0.20775639180224395,0.30229,0.5811740000000001,-1.5278980065534693,0.21986118202609273,1.4550214189690938,-5.2154071250000005,169.05873392648795,169.13916160459868,245.571165,488.758144,-1.4321410949392162,0.07720525017713123,1.45188827158833,0.4498873086057812,-0.077024496487103,-0.009281553062160186,-0.9937278710025591
682,0,A,390,12982,2022-07-12 00:48:46.796,-0.0006812500000000013,0.09000617805635622,0.09000875618446796,0.204316,0.369333,0.3285046336039832,-0.48045118083958205,2.2699569315374792,0.002134000000000002,0.1566297861647011,0.1566443228144576,0.264509,0.462021,-1.249997512222683,0.43777195988321593,1.688596147294187,-1.117587125,142.89801553208122,142.90238571832487,212.19256,422.000934,-1.4827890095619785,0.04161867578996644,1.4848776592033466,0.5034200730466232,-0.02834182968780698,-0.01506603846316415,-0.9698808026077991
683,0,A,390,12998,2022-07-12 00:48:48.396,0.0062471249999999975,0.061277297470061255,0.06159491664090471,0.146307,0.271298,0.4645084271874178,0.22222310005808243,2.3753096518169268,-0.005271937499999997,0.14720607436026067,0.1473004468885363,0.264691,0.44786400000000004,-1.1936199969196744,0.48584445809820637,1.7969463473542229,-3.427267562500001,142.45878064879827,142.5000012171487,212.19256,416.040469,-1.450216956528596,0.07072116060332134,1.4890705837724887,0.5634463516886103,0.03706190606000804,-0.055132603518342184,-0.9865217824095873
684,0,A,390,13014,2022-07-12 00:48:49.996,-0.0019201874999999983,0.06211044351216101,0.0621401183883045,0.192872,0.291234,3.1685126967569257,-1.5003549821899393,3.1038241477876034,-0.008905874999999999,0.13479753408486142,0.1350914127725186,0.232073,0.373477,-1.1127924182993956,0.6530872002700183,1.7178960174973474,-5.96046525,138.3823115372392,138.5106179770561,209.808374,410.080004,-1.4052718055013327,0.07832199381354846,1.5147457795239505,0.4022102416762143,-0.04219919588250193,-0.0985929351328811,-0.9926466473499205
685,0,A,391,13032,2022-07-12 00:48:54.584,0.000348875,0.02177802871265843,0.021780822949902513,0.045147,0.083049,-0.4527915823138917,0.024939662621325687,2.0727866942328768,-0.0029006875000000014,0.06387041986682758,0.06393625358071507,0.134483,0.22053699999999998,0.017114086957553454,0.9408564798145476,2.103391932876151,-3.203750124999998,81.38678391306071,81.44981651651939,109.672559,219.345118,-1.5221553198219566,0.08202276741287257,1.3465046784697983,0.06816338864917378,0.0797973835720023,0.17083842665231513,-0.9961410986580326
686,0,A,391,13048,2022-07-12 00:48:56.184,0.012362124999999998,0.028568261324577928,0.031128245848826754,0.080705,0.112374,0.015551418721719834,0.35582353927996346,2.5926613530341873,0.006702687499999999,0.04850337501365079,0.04896430748450855,0.117328,0.186137,-0.1567358875283018,0.7348155741951925,2.396194412371104,-3.874302312499999,80.67627775967945,80.7692516466854,110.864652,220.537211,-1.5255646747215978,0.07784345192832266,1.3726096223469175,-0.2315706438623813,-0.11753982356324963,0.09454604518104065,-0.9965954104051437
687,0,A,392,13071,2022-07-12 00:49:02.714,0.002834375,0.06526837237597835,0.06532988683787842,0.160062,0.280914,0.35378098754874543,0.3524700219186886,2.450057818058177,-0.013131062500000004,0.1382657937101892,0.13888792068674477,0.237631,0.40829800000000005,-1.1357623347747339,0.646737035325466,1.7109551271630428,-5.960465374999999,140.64298279150492,140.7692287255213,207.424188,412.46419,-1.4068961186203712,0.07737024854771955,1.4735051820483138,0.24274869535041638,-0.16098249025868658,-0.07445816905764073,-0.9971376416700641
688,0,A,395,13111,2022-07-12 00:49:27.367,0.006494437500000001,0.07042701457002203,0.07072582342884033,0.165943,0.278234,0.08407992518870167,-0.6409392605690594,2.346285867805568,-0.012059374999999999,0.13205164704002892,0.13260115388402546,0.224362,0.406538,-1.2737873479354425,0.4165711692489249,1.6920063923141246,-0.8195639999999997,144.46028078425977,144.46260557465126,214.576746,420.80884100000003,-1.50910075168044,-0.01071157378870398,1.4853445647504757,0.28806484261214704,-0.07950781748614145,0.008427824811831392,-0.9416778673366661
689,0,A,395,13127,2022-07-12 00:49:28.967,0.0038895624999999994,0.06980843092256904,0.06991670561684453,0.124163,0.214418,-0.8368859577160528,-0.6836879299518368,1.775870286000522,5.8749999999999775e-05,0.13730667290298568,0.1373066854717934,0.26126,0.39801200000000003,-1.051574739644014,0.743282393250513,1.9027478458335523,-2.3096803124999994,138.7812552916656,138.80047349874715,206.232095,410.080004,-1.4884944567605363,0.037144670029056304,1.4858169414087876,0.39316000538041784,0.03541967848707416,0.04438622515229202,-0.9640431871520889
690,0,A,395,13143,2022-07-12 00:49:30.567,0.005471187500000002,0.08001695875814291,0.08020378782552916,0.203931,0.36187400000000003,1.2399721796421463,-0.4134868301916512,2.5426604594239377,0.0070735,0.12856018177443201,0.12875462997548864,0.223873,0.394787,-1.184914658133491,0.2749360913769908,1.7387568900832482,-2.8312209375000004,135.2276227978972,135.25725777039582,201.463723,396.966981,-1.4516272111290378,0.07067112598902339,1.4894854909892679,0.4554604278309771,0.13020786179658292,0.0029862263642814104,-0.9856041163018998
691,0,A,396,13161,2022-07-12 00:49:34.708,-0.043042624999999994,0.05112354526399138,0.06683026595226148,0.135421,0.16650700000000002,-0.9633986105450365,-0.3752881201133166,2.0263423775200087,-0.009858937500000001,0.06946292426401723,0.07015907992510663,0.145821,0.260569,-0.5843185954334924,0.13320626448403555,2.0784337559110084,2.6822092500000014,82.98168521836506,83.0250223013557,109.672559,219.345118,-1.5813555955580043,-0.06414968761072029,1.3209578987154236,-0.1981828018245126,0.49557991798349615,-0.1098902503001719,-0.9876900506525157
692,0,A,396,13177,2022-07-12 00:49:36.308,0.0600996875,0.05063757693491903,0.07858840013282813,0.137103,0.178235,-0.5075322664323707,-0.3495136051375904,1.7445704425624136,0.013830375,0.0670032896299456,0.06841578833774409,0.197252,0.291904,1.2867889338954193,1.0477758073929249,2.883135673687453,1.3411047500000008,83.8964586765302,83.90717693030324,110.864652,221.729304,-1.615374366203358,-0.025348665626804594,1.321277345465797,0.07099773068417788,0.336141661937979,-0.19482568005656578,-0.9536736079877879
693,0,A,397,13205,2022-07-12 00:49:42.699,0.026693187500000003,0.0865899963861435,0.0906110022737995,0.204063,0.34230099999999997,-0.3481178583860891,-0.04264586491148176,2.252077505813061,0.008293062500000004,0.20779134874810978,0.20795677315295,0.341275,0.6634169999999999,-1.3256010784279841,0.03224994852304569,1.6410862451159303,4.023313937499999,161.63462554164164,161.68469076887396,238.418607,464.916284,-1.4902327399593536,-0.039529060585185724,1.4745898691225883,0.7974806191944245,-0.028999534283802985,-0.015144959942654634,-0.9775909505925343
694,0,A,397,13221,2022-07-12 00:49:44.299,-0.0040919375000000036,0.06695760387874998,0.06708252134265304,0.167972,0.265019,0.11477338210987709,-0.5010175904633567,2.5039607432465196,0.0194469375,0.1952146657917473,0.19618090915864494,0.305297,0.5898479999999999,-1.3692162815085274,-0.11181892822905161,1.5562013720362389,1.6391279999999995,164.54548048240153,164.55364440748426,237.226514,470.876749,-1.5123192886582155,0.005146447470082562,1.4416363420828038,0.46609608709039024,0.024846929828189705,-0.03806466295837435,-0.957315802452129
695,0,A,398,13237,2022-07-12 00:49:50.587,-0.0004882499999999991,0.0811923468025928,0.08119381483447492,0.150811,0.276441,-0.9949626824697781,-0.2351909686668031,1.857419808484791,0.005140437500000003,0.11968377831653333,0.119794118761367,0.218262,0.360069,-1.3112338206420318,0.45399854710077203,1.8219759221634544,-6.780029124999999,111.5034967197938,111.70943816740336,171.661397,337.362329,-1.404968496639957,0.049970688458760744,1.5366776506632769,0.4823564294956045,-0.14779933549659335,0.048283599282181365,-0.99878194585769
696,0,A,400,13266,2022-07-12 00:50:15.827,-0.01818,0.08541679699274611,0.08733007276133463,0.20174,0.311012,-0.28329667368570854,-0.7489880301195313,2.310086246593858,0.0082481875,0.20638031157647366,0.20654506918209764,0.347602,0.6327290000000001,-1.2823092781634289,-0.033040944514429266,1.6829353582560787,-8.791686125,171.87747033404824,172.10217474904886,251.531631,503.063262,-1.4068843888384186,0.07602481803499085,1.461525000289923,0.42377388347548683,-0.118811101740457,0.10150125025753703,-0.9977774120239126
697,0,A,400,13282,2022-07-12 00:50:17.427,-0.00010124999999999761,0.09311587679304481,0.09311593184036768,0.189483,0.365428,-0.5704871820507784,0.25488297693632467,2.034914930828789,0.012302750000000001,0.200384401964231,0.20076171499597478,0.346659,0.615108,-1.316142176107269,0.26483806045281755,1.7267186625047033,-9.909273375,169.91545604002735,170.20415946771382,252.723724,505.447448,-1.4184531770532316,0.059097720837170895,1.4848269559942182,0.656131125123304,0.023152612354862635,0.08872386027926657,-0.9985491732912856
698,0,A,400,13298,2022-07-12 00:50:19.027,0.013783062500000002,0.09625148579403121,0.09723333445602644,0.236508,0.41112499999999996,0.19085406933504467,0.42565067924905425,2.4323757004030364,-0.0015170000000000045,0.21566106119325298,0.21566639655727549,0.321376,0.6157790000000001,-1.4586412305937309,0.18352502120196468,1.4901533346417772,-10.207296750000001,169.29136076346006,169.59880228376187,249.147445,492.334424,-1.426738001407409,0.047571233984276665,1.4690401208325896,0.5279127232006039,0.023758628791644542,-0.039897318376288064,-0.9991170026252583
699,0,A,401,13316,2022-07-12 00:50:22.836,0.007627499999999996,0.07979570627624648,0.08015942549928237,0.154015,0.271605,-1.0502174187286917,-0.3697578794260463,1.921358580612318,-0.008072937500000002,0.14552672055050095,0.14575046728591473,0.260055,0.427485,-1.0403953866488032,0.6580320989854247,1.7842481389089282,1.3411046249999998,137.27902089933406,137.2855714949499,205.040002,406.503725,-1.5033480769408765,-0.03198554321164841,1.4935291434289033,0.5043931056715739,-0.024508855919597866,0.02754113699994647,-0.9550881169766281
700,0,A,401,13332,2022-07-12 00:50:24.436,0.0011298125000000006,0.06559278933238274,0.06560251892029376,0.12145,0.23499,-0.8277781735973506,-0.10477606430826114,1.8513008646445457,-0.006199062500000002,0.13007587903723195,0.1302235104855782,0.264051,0.407026,-0.9486863188340489,0.6573090091851184,2.0276753330900465,-0.37252906250000173,135.69043089539804,135.69094227132922,197.887444,394.582795,-1.5006939873174754,0.02090515671457248,1.4583688541590485,0.14380703928190583,-0.013655638429853883,-0.01912918437307275,-0.9568743448993848
701,0,A,402,13362,2022-07-12 00:50:30.952,-0.0124255,0.04713040128860564,0.04874082247844203,0.084663,0.167415,-0.749178480505825,0.2725072458586111,1.737003925968756,-0.0058330625,0.04915794317232561,0.04950280795129202,0.119927,0.188725,-0.3968559026375864,-0.5368838173000356,2.422630249944638,4.619360500000001,82.24996515454934,82.37958035431804,112.056745,222.921397,-1.5250895130775795,-0.06204016405324944,1.3602490388763724,-0.10910167127018569,-0.09822065869161077,0.5116795576175186,-0.9974995551389523
702,0,A,402,13378,2022-07-12 00:50:32.552,-0.03615887500000001,0.04715274660461864,0.059420920168110826,0.121728,0.142177,-1.155736989970082,-0.5084603008478021,2.048571440085629,-0.026618062499999998,0.042070264120677846,0.04978381639084633,0.11366,0.157311,-0.643821299359939,0.0016882954145706897,2.283071251662789,4.9918895625,82.53492380992485,82.685746109679,113.248838,224.11349,-1.5220943271455452,-0.0520100935707986,1.3696295108685408,-0.12171844586861241,0.3568187189463634,-0.4187585045995651,-0.9990601899414833
703,0,A,403,13396,2022-07-12 00:50:38.906,0.007756562499999998,0.0944075910540095,0.09472569614649186,0.21595,0.350827,0.034089163227317254,0.5408272166219719,2.27974043775869,0.0029643125000000017,0.20420101992023654,0.20422253471412624,0.339068,0.62661,-1.2136029511911253,0.18014255770900436,1.6602869045506288,2.5331977499999985,168.65371621065725,168.6727395950677,240.802793,481.605586,-1.5024190835058007,-0.036524662052140756,1.427633140826993,0.40919368327039823,0.04763559245469632,-0.012192022936633885,-0.968027307534063
704,0,A,405,13429,2022-07-12 00:50:56.424,0.011703312499999998,0.0692823694345455,0.07026389000003842,0.166261,0.263191,-0.3512123106598688,0.41358935269809494,2.3662367682732777,-0.006321312499999997,0.21167989074151528,0.21177425513046316,0.319471,0.631128,-1.304769709591727,0.19457646867672546,1.5085450297213439,7.376075812500002,172.79861381110607,172.95596962646744,250.339538,494.71861,-1.4453631074821014,-0.07794222285334154,1.4474177360900446,0.5902355420634808,-0.0660552039649112,0.05726609469344831,-0.995096744486733
705,0,A,405,13445,2022-07-12 00:50:58.024,0.00032668749999999885,0.09939559347546471,0.09939613034249623,0.211076,0.376417,-0.3450553248550996,-0.21292765405369574,2.1235836774800045,-0.0029160000000000045,0.22145753702403087,0.22147673412968233,0.364533,0.696875,-1.2431180293192425,0.3060027784459556,1.645920062134171,5.215406937499998,175.91547081783492,175.99276502908933,251.531631,501.871169,-1.4805108273269383,-0.061990645737775074,1.4292157462178918,0.5021868334480873,-0.08439308787436084,0.01065598126725566,-0.9878395464909646
706,0,A,405,13461,2022-07-12 00:50:59.624,0.0019814375000000023,0.0794968555046116,0.07952154506602284,0.161368,0.298932,-0.5125463958043306,-0.1494919244256246,2.0292362260570274,0.008983749999999999,0.21683504100107412,0.2170210652678675,0.358447,0.628267,-1.478737022445467,0.15747696442461942,1.6516691573583953,2.5331976250000006,177.55728325148138,177.5753528107268,255.10791,505.447448,-1.5150084837202247,-0.025003296353622327,1.4366177848561745,0.6749293760658119,0.06203271024187567,0.0010784423118114738,-0.9676885703166989
707,0,A,406,13479,2022-07-12 00:51:03.048,0.011166999999999998,0.06366338837982158,0.06463535339889463,0.151644,0.257968,0.44770710462224983,-0.6845917555925477,2.346146373860367,0.007357312500000003,0.1365335791429707,0.13673166524551839,0.265094,0.44587699999999997,-1.0942656842087306,0.4458883640409367,1.9387901077924516,-4.470348937500001,132.7321457295274,132.8074038959707,196.695351,388.62233,-1.4128308852384925,0.08632033834974301,1.4810571190298496,0.38570144551149543,-0.05072840473563991,0.0553633358310515,-0.9943827138572785
708,0,A,406,13495,2022-07-12 00:51:04.648,-0.0023922499999999994,0.0784801405026297,0.07851659259911245,0.142539,0.2714,-0.9692380936934923,-0.07625282228870525,1.8153997172008105,-0.001216437499999998,0.12843353965620152,0.1284393001725426,0.240367,0.377383,-1.2026314577526853,0.6114851847497729,1.8714443295556433,-2.533197624999999,132.6098855570388,132.63407871907668,196.695351,388.62233,-1.452359985264342,0.07961363534275791,1.4829925528913814,0.24071101699886746,0.0697594104015583,-0.023859362468128385,-0.9858896347003795
709,0,A,406,13511,2022-07-12 00:51:06.248,-0.010300562499999999,0.08846890031599293,0.08906653642607587,0.170559,0.279938,-1.0902858072885655,-0.2851151546845323,1.9149616325494128,-0.005444875,0.13366213944161368,0.13377299497235978,0.238266,0.402019,-0.9815996750258527,0.7137543097333803,1.781121817966553,0.37252912499999935,130.21244221101463,130.2129751004323,188.3507,376.7014,-1.4952309351387303,0.04017656471306165,1.4464818107007118,0.6461543755423623,-0.05653130392146474,-0.0015731435672552997,-0.957431997694323
710,0,A,407,13529,2022-07-12 00:51:10.863,-0.0019109999999999995,0.03937423724975507,0.039420584470552945,0.086867,0.15426800000000002,-0.2534134245743118,0.41272936501125457,2.203594928048045,-0.0016908125000000013,0.0601703244571387,0.06019407605560118,0.117259,0.218653,-0.6758657838178324,0.3684612907341346,1.948015613557853,5.364418687500001,80.1688105045758,80.34808750414275,110.864652,220.537211,-1.5287526360131884,-0.06782765048286558,1.3798044912305325,-0.3273644166650968,-0.0014106268625862226,0.07575006143763272,-0.9973471376306938
711,0,A,407,13545,2022-07-12 00:51:12.463,0.00989075,0.054975907800030914,0.055858547904506076,0.109176,0.175839,-1.1964403499681526,0.047279678420244,1.954508380465666,0.005395062500000002,0.05807436857757124,0.05832442871612632,0.101666,0.19649100000000003,-1.1496724208274274,-0.028543188129714958,1.7431118013143954,5.066395312499999,80.06626552800466,80.22639987599761,110.864652,218.153025,-1.524474324501306,-0.07446147789382869,1.3818973825493674,-0.13589740356807095,-0.09023209906187776,-0.059095986331652556,-0.9974266806176849
712,0,A,408,13567,2022-07-12 00:51:18.948,0.011174062499999998,0.07258212747163446,0.07343721741094565,0.148562,0.274284,-0.5896837766109551,0.111388569656588,2.0229796993623177,0.0245440625,0.1672552408990032,0.16904652203517084,0.270951,0.503665,-1.4167511784604958,0.12839267363443818,1.6028191336798252,-8.642674437500004,145.81562666283457,146.07153316272058,214.576746,419.61674800000003,-1.4203258765117626,0.04318081525156696,1.4689840063564341,0.6952697951023346,0.12386563832344405,0.04756221861653531,-0.9992534187491074
713,0,A,410,13605,2022-07-12 00:51:36.856,-0.009623125000000003,0.08569337020729419,0.08623200236716065,0.169086,0.283945,-0.9876601108852854,0.4346723238675063,1.9608265534651699,-0.007615312499999999,0.1890648200960846,0.18921812593522191,0.286399,0.5697190000000001,-1.3711276245809791,0.172547376534318,1.513591779775092,5.960465187500002,153.33173588898654,153.4475427498965,227.68977,450.611168,-1.4048035952972897,-0.08332320947198661,1.4838280621483173,0.4605214723791122,0.04852135663943648,-0.050772567979426454,-0.9961197886501695
714,0,A,410,13621,2022-07-12 00:51:38.456,-0.014152999999999999,0.06911647574836988,0.07055065293018202,0.12687,0.248931,-0.6603081390536629,0.4842940731426115,1.7982824358202958,0.0061340000000000006,0.1860882332470272,0.18618930288553098,0.317232,0.560727,-1.3471659137965668,-0.28244828840570185,1.7038143173833888,7.376075624999997,154.8122365772753,154.9878546392716,233.650235,462.532098,-1.3908545744660654,-0.07969862960520593,1.5075389974512012,0.5443210598047622,-0.16205702232724156,-0.03313148280276426,-0.9975500399938593
715,0,A,410,13637,2022-07-12 00:51:40.056,0.0111065625,0.08688190723042453,0.08758893500073225,0.193258,0.319901,-0.532591474655197,0.539820776979833,2.206420251580686,-0.006576687500000001,0.19807504285804117,0.19818419569099727,0.350259,0.680368,-1.0206225226251613,0.06645970519625172,1.767340724515254,9.387732562500002,155.25946366657593,155.54301842480052,238.418607,474.453028,-1.3974208145706188,-0.058939363628160726,1.5328145834797906,0.5848195645718682,0.18180806594538998,0.06316195010214506,-0.9987006471438202
716,0,A,411,13655,2022-07-12 00:51:43.448,0.0020390625,0.07480882757190888,0.07483661175228673,0.176924,0.278961,-0.028918919420270583,-0.8901699558141261,2.364136962608998,0.007240062500000002,0.1713439846315989,0.17149687919737053,0.266092,0.463679,-1.5665847075681263,0.31490968505404293,1.5515850856607298,-4.693866312499997,159.69012228019952,159.7590921820248,237.226514,474.453028,-1.429092638017547,0.08166762186867224,1.4849014898614417,0.3074430435664609,-0.10969672223243467,0.0028334406720430055,-0.9923588909808382
717,0,A,411,13671,2022-07-12 00:51:45.048,0.000832812500000002,0.08803082287629341,0.08803476218481822,0.206647,0.36417900000000003,0.3043593148612276,-0.4606875950381827,2.3473341083851613,-0.0002558750000000009,0.1692993765891782,0.16929956995072373,0.323403,0.537237,-1.1223668098245403,0.5425502102844664,1.910241119301895,-6.407500187500002,157.64775466141867,157.77791546487,237.226514,466.108377,-1.4016816250180764,0.08748363135780632,1.5035470160766549,0.5480893947224561,0.09379349074036665,0.010077353350144962,-0.9956842783197862
718,0,A,411,13687,2022-07-12 00:51:46.648,0.0043559375000000004,0.09311263143061521,0.09321446413211579,0.19837,0.363975,-0.21397720579867663,0.5158267668525834,2.128103206374109,0.0019914375,0.16348041025799112,0.1634925391613865,0.297824,0.508467,-1.041327988614859,0.427283840585152,1.8216366418164953,-7.8231104375000005,155.2011561265054,155.39819793009576,233.650235,462.532098,-1.395516391218207,0.08024219685387518,1.503558201524995,0.5066854365666063,0.018218940126262108,0.03014800258958779,-0.9968491932302256
719,0,A,412,13705,2022-07-12 00:51:51.236,0.018065875000000002,0.039404494143871135,0.04334847169451306,0.089288,0.130619,-1.1827630326577805,0.22360889119488803,2.059772732686718,0.006068249999999997,0.04954342073688998,0.049913667430624656,0.122407,0.18543300000000001,-0.13490613495239545,0.8037769489640023,2.4523743956529405,-4.023314062499999,79.95012030257375,80.05128851206284,109.672559,218.153025,-1.528542381334136,0.0635943745848261,1.3700286533610708,-0.09538019740673932,0.33239024301858,-0.07390102203536182,-0.9975270842244692
720,0,A,412,13721,2022-07-12 00:51:52.836,-0.0212484375,0.028907316571606813,0.03587658076743797,0.074732,0.10803700000000001,-0.5988792201589885,0.055738789965776525,2.0830301662366804,-0.0031291875,0.05720957650955252,0.05729509105335727,0.131146,0.21432700000000002,-0.547935458528042,-0.32171549129197763,2.288957004673708,-4.097819749999999,80.10005751599002,80.20480871349547,109.672559,218.153025,-1.5252630295928935,0.06937407185690353,1.3674062784909582,-0.1380924707903835,0.024087246355299817,0.07429642316066999,-0.9971199504591509
721,0,A,413,13745,2022-07-12 00:51:59.201,-0.04190312499999999,0.11565167174963091,0.12300886579125099,0.204721,0.40174699999999997,-0.7017682515804369,0.4130616181214065,1.664278413455307,-0.009520250000000001,0.18915596721373212,0.18939539353591733,0.271026,0.537964,-1.493415618200177,0.26308369721492864,1.4310062929202239,-3.5762791875,139.83802624332563,139.88374943665175,203.847909,406.503725,-1.4279404485105605,0.0785946533204259,1.457266550410241,0.4783594109981248,-0.16245030335852556,0.1722621368010323,-0.9895913233282014
722,0,A,417,13803,2022-07-12 00:52:32.972,0.0020883749999999995,0.051200538943544094,0.051243111715136895,0.079271,0.155687,-1.2908902680069896,-0.07108628542097625,1.5469591394190028,0.0075365625,0.121419845420224,0.1216535187990364,0.25091,0.394174,-0.9648946377497918,0.5447930187986283,2.0624968556354446,-6.482005937499999,132.52821157274425,132.68663558792892,201.463723,398.159074,-1.3791436164392372,0.0854730394254263,1.5183422362570478,0.28302817590532897,-0.18440919984976112,0.028092154986627208,-0.9972531726465438
723,0,A,417,13819,2022-07-12 00:52:34.572,-0.005704937500000003,0.07023995011696402,0.0704712487778704,0.10753,0.204507,-1.4547000494645845,-0.3358787889623398,1.5258705055581039,0.0006898750000000004,0.12773369083755615,0.12773555379180848,0.224162,0.379347,-1.2017286783378531,0.4919900126089421,1.7548912056650527,-5.066395375,134.1154335112043,134.21109442961145,202.655816,401.735353,-1.399188064924418,0.08714639510302478,1.5099781196276971,0.49719856366669685,-0.017598140335734692,0.027925507661389827,-0.9953868237524938
724,0,A,417,13835,2022-07-12 00:52:36.172,0.0030015625000000008,0.055957854462051114,0.05603829809547663,0.14101,0.20882,0.3867157201876741,-0.9582341996487971,2.516314820263648,0.0006614999999999989,0.12078819049942341,0.12079000184773159,0.189864,0.329472,-1.4752774324849423,0.3834627579651623,1.5718519504564907,-3.576279125,135.12389022683712,135.1712080378593,199.079537,395.774888,-1.4331355905655578,0.08468710753737463,1.4727954265544554,0.3677234981863516,0.04082245517988957,-0.04760961495786272,-0.9915846566608122
725,0,A,418,13853,2022-07-12 00:52:39.609,-0.0181835,0.030862385647823794,0.03582075543766491,0.081088,0.13463799999999998,0.5677563318642651,0.43599151225120625,2.2637155193756007,-0.009378312500000001,0.05444508712882039,0.05524690269881652,0.095152,0.190179,-0.8497551174847011,0.28968304954837054,1.7223046967669795,-3.799796499999999,80.11253094867716,80.2025939009716,109.672559,219.345118,-1.5212285990821357,0.06665166779998828,1.3674440397204084,-0.06020524956852601,-0.24365136454063,-0.18959076322447635,-0.9984755589327894
726,0,A,418,13869,2022-07-12 00:52:41.209,0.0013333749999999995,0.04416770982979959,0.04418783181487863,0.078096,0.149829,-1.1162489703569767,0.20515781807195724,1.767364380474175,-0.0007037499999999986,0.06435152024476579,0.06435536824442076,0.121718,0.239645,-0.644176236355543,-0.022531463829462084,1.8913418308433385,-3.352761625,80.8156641829864,80.88518150966406,109.672559,219.345118,-1.5133720174400493,0.08040834730781611,1.3559042206871534,-0.22620302973448211,0.060342553678849026,0.06181346816829083,-0.9985988786401396
727,0,A,418,13885,2022-07-12 00:52:42.809,0.0177140625,0.039764054767573616,0.04353123087867491,0.084783,0.151612,-0.2904452135500124,-0.2862351875935769,1.9476361749636057,0.006468062499999999,0.057881213463943496,0.05824148611224219,0.108844,0.188828,-1.0855143157364087,0.37623886462130696,1.8688396753859842,-1.862645375,82.03922517031562,82.06036750063184,110.864652,219.345118,-1.5543334650432177,0.07298892293151232,1.351013350009021,0.19117169741914714,0.061012511122118376,-0.019600633303576705,-0.9913924784768219
728,0,A,419,13903,2022-07-12 00:52:47.696,0.008939687500000001,0.08764337923562648,0.0880981267476074,0.175689,0.297943,-0.9235129617304532,0.22182439319592265,1.9942421761512814,0.006345875000000001,0.19935331577656132,0.19945429210880622,0.34546,0.679504,-1.1325802941430725,0.11697042487418914,1.7320259010096648,-3.5017733124999975,161.8249658659076,161.86284933187815,240.802793,478.029307,-1.4361989997566404,0.08322663664242973,1.487696491158796,0.6106829485538842,0.2213104603100386,0.0036099764012802347,-0.993321099876802
729,0,A,419,13919,2022-07-12 00:52:49.296,0.0122788125,0.08730684780575544,0.08816606439094068,0.13287,0.259241,-1.419580573452646,-0.35350425988586154,1.507042430870406,0.01634025,0.19976102192291545,0.20042821570265498,0.31467,0.609,-1.5087355682905235,0.07546657621297151,1.5699885312895678,-6.1839826875,163.59452978799305,163.71136740750123,246.763258,482.797679,-1.406380280409357,0.09320166026812751,1.5073068040887512,0.6330820446654667,0.01891917779990933,0.05836571330867036,-0.9959601635404687
730,0,A,420,13941,2022-07-12 00:52:55.616,-0.0005376249999999982,0.07439241441410122,0.074394357064229,0.14971,0.282242,-0.23513431047103062,0.2468797414893053,2.012383813879144,-0.017640250000000003,0.17984146663155162,0.18070454211294745,0.291638,0.580696,-1.2506419256261885,0.18310043162450385,1.6138941312151123,6.7800291875,172.68472604346908,172.81777514043895,258.684189,509.023727,-1.4242135798541953,-0.07805074901528977,1.4968610074385138,0.5125701358059712,0.042647906859913924,0.09154885759695554,-0.9940777720644788
731,0,A,422,13974,2022-07-12 00:53:13.056,-5.3874999999996634e-05,0.11045652939215217,0.11045654253087502,0.237866,0.402848,-0.5880417537068094,-0.14362135151987804,2.153480405504375,0.013167375,0.18992613242714754,0.19038202526269385,0.299436,0.5907789999999999,-1.253482246515802,0.04450994878733572,1.5728165491822599,6.780029124999999,185.54561385004277,185.66944717407068,267.02884,530.481401,-1.4340226318671088,-0.09789886327132163,1.4381948353067073,0.7230222905329149,-0.4450691846276449,-0.11713254635633807,-0.9934571654375174
732,0,A,422,13990,2022-07-12 00:53:14.656,-0.0645743125,0.08491690540074952,0.10668046989813787,0.26525,0.388725,0.6776393411250581,-0.09634287438796274,2.486396997063002,-0.0068518125,0.1806160483505753,0.18074596608586457,0.339719,0.6175269999999999,-1.04952472181721,-0.016434042045954084,1.8795384890560392,3.6507848124999986,180.4975444075016,180.5344614384888,259.876282,512.600006,-1.4806836950862796,-0.07446628370205102,1.4394829659075608,0.5598855960351719,0.12448494410322963,-0.02892189042503035,-0.98206777146754
733,0,A,422,14006,2022-07-12 00:53:16.256,0.05341725,0.12555823135825264,0.13644878914587333,0.312507,0.49500299999999997,-0.6184416931580285,0.08010522451432206,2.290287821212602,0.019835250000000002,0.20002678296683798,0.2010078382716082,0.365705,0.689825,-1.1534604242952882,0.042580215208943256,1.8193569123699929,1.7881395625000005,177.09554171431208,177.10456893649194,251.531631,500.679076,-1.5164959913594755,-0.027327590390626204,1.4202436024685332,0.6307340290084122,0.22505007411911612,-0.023047001883951437,-0.9629177788176484
734,0,A,423,14024,2022-07-12 00:53:19.759,-0.004085875000000003,0.06572607720292133,0.06585295436804639,0.127151,0.24167699999999998,-0.6885249658285915,0.3154615696449289,1.9308321277336198,0.004132625000000001,0.09076013643174725,0.09085417411709822,0.166761,0.277962,-1.2260320444251258,0.2861573240972265,1.8354797852773235,6.034971000000001,101.6800756114469,101.8590135987994,150.203723,296.831166,-1.3989368360257837,-0.08337042194706545,1.4746237735191503,-0.05479744813066155,0.189353593617131,-0.09150347943663084,-0.9959972085273289
735,0,A,423,14040,2022-07-12 00:53:21.359,-0.00012793750000000131,0.07032671683690768,0.07032683320797617,0.125448,0.211841,-1.3204010371230193,0.36168080194582025,1.7837857084935858,0.0057198125,0.09504417388984106,0.09521612912441621,0.180362,0.282628,-1.1597770744642026,0.573137816745754,1.8942378949718288,6.7800293125,99.04036968144375,99.27216943391234,149.01163,294.44698,-1.3994189034300506,-0.07578192444171128,1.501041337665138,0.1990840537811495,0.07701683929095376,-0.12301288328076913,-0.9966414565386169
736,0,A,423,14056,2022-07-12 00:53:22.959,0.0019020624999999992,0.06773119412562865,0.06775789621466637,0.116694,0.22923300000000002,-0.9319943019672072,-0.17608481681971822,1.7222199406884964,-0.001642625,0.08907241503888493,0.0890875599494677,0.151321,0.27435200000000004,-1.368288698536212,0.4526055396039121,1.6985648735449979,7.003546437500001,96.96879546953744,97.2213811746943,143.051164,286.102328,-1.4114531434482436,-0.06858043440062661,1.471396129859084,0.019427723282471766,-0.10321436238051307,-0.04086115478483496,-0.9969718225132855
737,0,A,424,14073,2022-07-12 00:53:27.876,0.001089375000000001,0.06084455851786892,0.06085430994699554,0.099971,0.188248,-1.0744906927660722,0.257663104308956,1.6427924347030691,-0.008589187499999998,0.06602389013003054,0.06658023888371459,0.129747,0.24197200000000002,-0.872898152594936,0.09661227778801199,1.9487313679755496,5.364418687500001,91.28759392240838,91.44507527470974,134.706513,264.644654,-1.4339948169715966,-0.06861701265483548,1.473086577875613,0.04528420893020274,0.04799050920553767,0.3022201865214899,-0.997414443604628
738,0,A,424,14089,2022-07-12 00:53:29.476,-0.01092125,0.06808667966322414,0.068957013052517,0.14048,0.255256,-0.8399695304200825,-0.05534002034916649,2.037211210018795,-0.006415,0.07177245174595194,0.07205856683715685,0.13204,0.234921,-1.1449174257444037,-0.2018201709505073,1.8323983642138417,5.140901124999999,91.89630072238263,92.03998560862344,138.282792,274.181398,-1.4319769138891345,-0.05715060709070625,1.5024208346578007,-0.2286147490313943,-0.0813719915646687,0.038171151508340814,-0.9982621135800196
739,0,A,425,14109,2022-07-12 00:53:35.908,-0.015085937499999995,0.073574611054416,0.07510531873351246,0.204168,0.321831,0.9637355033075399,-0.7158450725954117,2.718422655583498,0.007911312499999998,0.18996182532903774,0.1901264945971826,0.307197,0.585726,-1.2683110064246992,-0.03313521533515076,1.6157506119852074,-0.2980232499999982,180.55118782827066,180.55143379119704,258.684189,509.023727,-1.5167725355742379,0.019087044838024404,1.4327451384249954,0.36266342941505536,0.3252959910715272,-0.0007471842644982329,-0.9617612819807132
740,0,A,427,14144,2022-07-12 00:53:53.254,0.010548249999999999,0.08932746569259926,0.08994810562277006,0.18597,0.334638,-0.06523653997149692,0.28546215883094983,2.0675254771893976,0.005131000000000002,0.18621869729098095,0.18628937270212167,0.317693,0.561567,-1.342344388045789,0.3391254609693537,1.7053737172006793,-3.203750125,173.7778291996015,173.80735869401303,247.955351,494.718609,-1.4776462700867976,0.05062455139708885,1.4266102014502398,0.7153476632274447,-0.05340360101740323,-0.036845805619787335,-0.980587588066762
741,0,A,427,14160,2022-07-12 00:53:54.854,0.012144875,0.06532599025643909,0.06644533837486269,0.136821,0.24835200000000002,-0.5189626075463663,0.15664451102942656,2.05915122635242,0.008704375000000002,0.18129091292825292,0.18149975552187392,0.2821,0.554028,-1.425499111400657,0.02661896192767052,1.5542720660359346,-0.9685754999999991,176.94111417543598,176.94376514628559,252.723724,504.255355,-1.5065032821537891,0.016934863086502452,1.4282714273151387,0.49218933217770494,0.09398418506050248,-0.008215204565035262,-0.9596977527185946
742,0,A,427,14176,2022-07-12 00:53:56.454,-0.013358875000000003,0.08670768318600362,0.08773073500632489,0.232575,0.400237,2.0130412278521828,1.057490334328588,2.6510093638590018,0.003675625000000002,0.1797431130098852,0.17978069110342468,0.304466,0.604062,-0.9347580864761422,0.02869813034838037,1.693541159127295,1.5646221875000013,178.45981078469492,178.46666945931034,253.915817,505.447448,-1.506495704082905,-0.017774025690410408,1.4227632407175714,0.5899222174355588,0.13822384461298132,0.008249439352024346,-0.9634130335070159
743,0,A,428,14194,2022-07-12 00:54:00.003,0.0021643124999999996,0.08954950039134692,0.08957565109413104,0.157421,0.296423,-1.1021914710014609,-0.10343810688457901,1.757408381375574,0.006592875000000002,0.12566572279955412,0.12583854690634344,0.226574,0.375737,-1.2426271323798652,0.558301323409348,1.800513479932583,-0.44703493750000023,127.35735513943762,127.35813970197658,184.774421,365.972562,-1.4967548357570344,0.03255877251024233,1.4508253766298718,0.39205529675537487,0.02370542151924544,0.034453255632120934,-0.9619927563726695
744,0,A,428,14210,2022-07-12 00:54:01.603,-0.0040395,0.057393010833201634,0.05753499155079455,0.119951,0.23131200000000002,-0.3617527832567089,0.37889000824203506,2.0848356237977668,0.0034934374999999983,0.12225105079761521,0.12230095472516762,0.232114,0.39698999999999995,-1.1275124058155148,0.5192651632107118,1.8978919708484872,2.309680249999998,125.01460731035971,125.03594148812046,183.582328,358.820004,-1.5017997403603858,-0.015511231287900551,1.4682364591739565,0.5095497994705658,-0.04971958596121931,0.04919183171977793,-0.9492804743314855
745,0,A,428,14226,2022-07-12 00:54:03.203,-0.0011479375000000014,0.08095750446875567,0.08096564265361265,0.145659,0.282333,-0.5942861712956597,-0.18824877652843092,1.7990223411572064,0.0036580625000000016,0.1158756648435451,0.11593339089402802,0.20691,0.339996,-1.2761874415868215,0.47793417360056334,1.7847317188292333,4.395843125,120.71503292014069,120.79504381260955,178.813955,354.051631,-1.4701106994424318,-0.0574700027245274,1.4803087060210491,0.15535324140377502,0.02275977746837696,-0.01705871941254414,-0.9762884063139067
746,0,A,429,14244,2022-07-12 00:54:07.775,0.0466418125,0.03947279167701904,0.061102863730454565,0.142698,0.14923799999999998,-0.10104667950625057,0.7339958777954515,2.3353733571226583,0.011941,0.05939609176010657,0.060584512850851584,0.152934,0.26489399999999996,0.7439238035951989,0.14889310767657146,2.5243084874924486,-4.097819749999999,81.23522414187053,81.33851343664595,110.864652,221.729304,-1.5322516190343811,0.0684331885654832,1.3630031742140427,-0.10400645132153508,0.4657128296161971,-0.37256633187027716,-0.9973643494768304
747,0,A,429,14260,2022-07-12 00:54:09.375,-0.024215249999999997,0.056015833068093344,0.06102582966969806,0.126771,0.198114,-1.065677577272824,-0.030409230356141376,2.0773334944587774,0.0018230624999999987,0.05737871701300573,0.05740767128997221,0.121633,0.213486,-0.21456631871441356,0.5701684788099171,2.118758647875105,-4.544854625,80.50955749165186,80.63773651996924,109.672559,216.960932,-1.5396460215062255,0.06784079684902089,1.3600649489068997,-0.07253447542264652,-0.2522884806446382,-0.0331128159925653,-0.9972116255652446
748,0,A,430,14283,2022-07-12 00:54:15.782,-0.0042565,0.06400188761278842,0.06414327252526177,0.121849,0.223886,-0.7257048431435562,-0.1807322019031139,1.8996380322193849,0.004820624999999992,0.21834932118736797,0.2184025285759645,0.35033,0.688519,-1.3544557956399423,-0.0035248292979546264,1.60405652024376,-4.768372187499999,165.375789052077,165.4445193347776,239.6107,476.837214,-1.451477827449898,0.0771933726552603,1.4482843007639732,0.5155274587862329,-0.0665725922020781,-0.01668510737679529,-0.9921076339857589
749,0,A,431,14311,2022-07-12 00:54:23.963,0.01143075,0.0440850747185201,0.0455429012964699,0.094004,0.173773,-0.501590830695748,-0.1098888116227244,2.0640757906059535,0.007687625000000001,0.042786681614836355,0.043471826528799086,0.091638,0.171014,-0.28559575502902934,0.1654284308253502,2.1079859605000015,-3.650784875,82.12416722493414,82.20527399499666,114.440931,225.305583,-1.509649370475803,0.0678390934856371,1.3921361177746983,0.41709287439332604,-0.10931071168230355,-0.2514291759897656,-0.9972383079305552
750,0,A,433,14347,2022-07-12 00:54:41.336,-0.0179333125,0.04291578967833219,0.046512027486850106,0.094889,0.158458,-0.599939159593541,0.08518355706463476,2.040095973602248,-0.0099155625,0.07632249125828568,0.07696389446722729,0.148051,0.286216,-0.8163243874069197,0.06383122380549772,1.923642261411849,-3.799796499999999,79.82820848736905,79.91859185286157,109.672559,219.345118,-1.5224607758407414,0.06675946661313008,1.3723034460106427,0.08428052938490298,0.1363026510780339,-0.09579053786600815,-0.9981825037232558
751,0,A,433,14363,2022-07-12 00:54:42.936,0.017181750000000003,0.038417703711147284,0.042084824955083276,0.070006,0.12775799999999998,-0.8598303361087822,-0.5969256667494603,1.6634499507771916,0.0005820624999999997,0.05475645364072251,0.05475954722295008,0.091412,0.169708,-1.231125924224484,0.20947410854133516,1.6693344747322643,-3.20375,80.44499460868855,80.50876456420399,109.672559,218.153025,-1.515546871618096,0.08162812230433977,1.362243720837854,0.06655014530490064,-0.4551607737813033,-0.023088474866993447,-0.9983758907903624
752,0,A,433,14379,2022-07-12 00:54:44.536,0.0025438124999999996,0.028719011845854722,0.028831451982817308,0.075002,0.10560800000000001,0.4599260338705564,1.0924267905719693,2.6013951723520194,0.009596687500000001,0.05530376467601318,0.056130230698906804,0.112575,0.173557,-0.9989647748746373,0.5915415395695167,2.0056037290114417,-2.0861629374999993,82.1825816929256,82.2090555201566,110.864652,219.345118,-1.547805294918132,0.08000433866949236,1.3485698296681858,-0.12049775051086307,0.37306474465765,0.02711780422868807,-0.9926166015521222
753,0,A,434,14397,2022-07-12 00:54:48.044,-0.0013304375000000009,0.05682224779407352,0.056837821108065886,0.107834,0.214713,-0.8161183075614806,0.014084310150518475,1.8972226221511017,0.009546687499999998,0.10798699423988448,0.1084081646703213,0.180554,0.287215,-1.5054840118510313,0.4489494574810773,1.6655018609445191,7.5995930625,109.58820163782536,109.85138939917087,166.893025,333.78605,-1.3862535930648683,-0.06077437726424255,1.5192618492384737,0.691841929308391,0.02773447983564215,-0.05701802708265018,-0.9980940550153091
754,0,A,434,14413,2022-07-12 00:54:49.644,-0.0098915,0.05475002643949133,0.05563638348576406,0.123443,0.232991,0.37213293327192076,0.38142513749381235,2.218745940443558,-0.006577187499999998,0.10412529715336875,0.10433281795622842,0.199389,0.335546,-0.872246443554741,0.5539255741186833,1.9110861175402285,6.929040812499999,108.25853851632566,108.48005700713868,163.316746,318.288841,-1.4128786716661015,-0.038389341847497926,1.5055001859858232,0.19089001025324165,0.11967552093315487,-0.06860929248404153,-0.9993935345461772
755,0,A,434,14429,2022-07-12 00:54:51.244,0.007508875,0.05918965510002043,0.05966404675032527,0.099885,0.19847700000000001,-0.9883030027312634,-0.311799470576121,1.6741237887866776,0.007432687499999999,0.10962248216704838,0.1098741709408426,0.199241,0.330789,-1.275962618868547,0.4686006647796851,1.8133561172195185,6.631017499999999,111.84886257590439,112.04525180751234,171.661397,336.170236,-1.4114312346426774,-0.030253330265166675,1.532072035456754,0.4944232973035186,0.08833272898840978,-0.043088008047266965,-0.9995570736201441
756,0,A,435,14446,2022-07-12 00:54:56.093,0.009370937499999999,0.1065269686930666,0.10693834451945895,0.217948,0.40404,0.05401028986237666,0.1304395107875837,2.0380715727307828,-0.005343062500000004,0.19117363601954532,0.19124828738007696,0.325742,0.606197,-1.0444047989902043,0.4473847304482801,1.7032413961053527,4.470349062500001,177.88793376099946,177.94409514928648,256.300003,504.255354,-1.4956276490545042,-0.048991928192682416,1.4403400280575576,0.6286681861321611,0.11506023463175394,0.033327812455969344,-0.9805475816107807
757,0,A,435,14462,2022-07-12 00:54:57.693,-0.02203725,0.08673031415074835,0.08948624352519217,0.207379,0.35129299999999997,-0.2700812889108297,-0.20872706874718047,2.3174399978206557,-0.012385000000000004,0.2007255493799307,0.2011072708752098,0.292001,0.568004,-1.4770610214393203,0.1575152225351736,1.451966399470416,6.407500000000001,175.38605497391947,175.5030607583945,253.915817,506.639541,-1.4537654205221917,-0.07369801691230389,1.4467885397711215,0.6403620312832403,-0.05082599082141588,-0.028829434517176095,-0.9928721239305641
758,0,A,436,14481,2022-07-12 00:55:04.088,0.0057392499999999996,0.051149167405858134,0.05147014976542229,0.101133,0.19659300000000002,-0.5755406624558876,-0.22265619571773704,1.9648864528453593,-0.001691250000000001,0.061827705411388996,0.06185083251662826,0.173231,0.281583,1.999157708524657,0.9127191894973983,2.8007868762870376,-1.043081374999999,84.2851452583374,84.29159940334449,112.056745,222.921397,-1.572354410128211,0.04041428332051223,1.3293939822377348,0.22192620465555496,-0.18913460084230949,0.016711897541754776,-0.9659905050156303
759,0,A,438,14513,2022-07-12 00:55:21.168,0.008777812500000001,0.08108828261008087,0.08156199831378275,0.158497,0.291983,-0.5095321114259512,-0.5220901328166679,1.943270190490372,0.005945062500000001,0.12601651942278677,0.12615667614344672,0.213123,0.348784,-1.4427385737212348,0.41893298674971946,1.6893517371816933,3.6507848750000003,134.28947142311154,134.3390872579616,199.079537,391.006516,-1.4612502919442272,-0.05217909355145032,1.4819181897352183,0.2639368335952542,0.018741411492208128,-0.02435481163050254,-0.9801061520465283
760,0,A,438,14529,2022-07-12 00:55:22.768,-0.0082994375,0.08581463506809951,0.08621503496889332,0.157486,0.283956,-1.353070128073404,-0.15913982796080503,1.8266651525087414,0.00636225,0.1216116982841803,0.12177800862481288,0.20479,0.328711,-1.422054304148661,0.4625248516753293,1.6816665201919965,5.811453499999999,130.41361261712964,130.54303255108417,194.311165,387.430237,-1.4173347226901714,-0.07503801428518195,1.488483614963993,0.47691521817981275,0.02796313675592044,-0.09338542860582259,-0.9908588996678629
761,0,A,438,14545,2022-07-12 00:55:24.368,-0.00023018749999999906,0.07001190136703433,0.07001227977514016,0.157465,0.260547,-0.23975206548777273,0.5706632637685902,2.2491054498687015,0.003044375,0.11889743549372449,0.1189364047973748,0.206606,0.362668,-1.326117360475956,0.31295977792901586,1.7371132106438136,6.9290408125,125.47184040522647,125.66301898830821,187.158607,371.933028,-1.3861693352752937,-0.07687264341564289,1.4893690164917444,0.1341761992141998,-0.07345479284765999,-0.07610332431239508,-0.9957999904594625
762,0,A,439,14563,2022-07-12 00:55:28.258,-0.0195915625,0.04836165570078318,0.05217929726733103,0.108278,0.15876400000000002,-1.1095953653771076,-0.3026917228992215,2.075114186480082,-0.015319,0.051419725033298266,0.0536531442088905,0.096749,0.172297,-0.8815211919653154,0.3489115104429352,1.8032307598474047,2.533197750000001,84.60488738430836,84.64280276640244,112.056745,224.11349,-1.5495156957648235,-0.060728332283854755,1.3238780066068307,0.4244268003112866,-0.22784402228635514,0.010532434997436406,-0.988778917038013
763,0,A,439,14579,2022-07-12 00:55:29.858,0.009432187500000001,0.0719228144047655,0.07253866136714614,0.165948,0.280096,-0.4646300483044121,0.16147082306545046,2.2877179820023588,-0.008945625,0.05148930969006455,0.05226062780908779,0.104287,0.18873600000000001,-0.7207981331916478,-0.11455813345720438,1.9955175506304417,3.129244249999999,84.12587426255793,84.18405365635384,114.440931,227.689769,-1.514273073569641,-0.07721980509373141,1.3594134046711175,-0.044609384349343535,-0.14827434411117213,0.15518072299658128,-0.9938924665329848
764,0,A,439,14595,2022-07-12 00:55:31.458,0.0103326875,0.03890878602211644,0.040257397589604574,0.081276,0.135093,-1.0671017898671484,-0.0940758596455063,2.018908445810402,0.017341562499999998,0.04217848996521916,0.04560432880426484,0.106475,0.195118,1.2055025568911777,-0.2136115298211822,2.334756431938598,3.9488081250000007,84.19008691100234,84.28264245792364,115.633024,230.073955,-1.493383321625755,-0.07783104492548658,1.3719672358128472,0.22304534503619422,0.2874672129283939,0.0008679073800682695,-0.9956295959931923
765,0,A,440,14612,2022-07-12 00:55:36.468,-0.012203812500000003,0.08403240978055636,0.08491395016758142,0.174887,0.31307799999999997,-0.4348577702207237,0.5432023300369102,2.059579134580982,-0.019452437500000003,0.2068784074616563,0.2077909353137487,0.356537,0.682149,-1.0395526434847047,0.36551101088012344,1.715844819994943,-0.37252899999999833,179.36678765029117,179.36717450481424,257.492096,509.023727,-1.5079778001070947,0.010062449159996253,1.4355586339076154,0.4999746043679929,-0.1423408040339473,0.016761498852667363,-0.9587211464193971
766,0,A,440,14628,2022-07-12 00:55:38.068,-0.0050364375000000045,0.11591082165395987,0.116020189101671,0.209276,0.3907,-0.8870250053620641,0.2557058561952797,1.803789509570674,-0.022258687500000002,0.21321835399266134,0.21437704086156825,0.328712,0.655152,-1.3167251781598024,0.33554524485962867,1.5333358398778456,2.3096802500000004,180.03242888925334,180.04724400729188,257.492096,513.792099,-1.5010601271241941,-0.030814146376433003,1.4301362812838814,0.5631134497914873,0.02913161740397411,0.040512203457324106,-0.9691858894389208
767,0,A,441,14646,2022-07-12 00:55:44.751,-0.005565875,0.07408307394563467,0.07429186233868418,0.144191,0.273739,-0.746158777516531,0.10078462142915667,1.9408720613659858,-0.006870624999999998,0.13593110525458982,0.13610463204323722,0.262768,0.406231,-0.8883223161444063,0.7642062695192583,1.93063230879993,2.6077034999999995,134.3488181149566,134.37412342571616,199.079537,396.966981,-1.4848567799845658,-0.05021918546778632,1.4815318003548046,0.20848522119456278,-0.030707933213380223,0.02275645049367961,-0.9730131026008099
768,0,A,443,14667,2022-07-12 00:56:02.752,-0.019396999999999998,0.06459153157632198,0.06744115627993784,0.122486,0.205494,-1.0675445873757108,-0.19246301848415093,1.8161906876504237,-0.018362937500000003,0.07422648370904143,0.07646416387718825,0.13054,0.245514,-1.2378584234677903,0.1615036633186187,1.7072049621789471,-2.831221,82.0304621303335,82.07930634250584,110.864652,219.345118,-1.5338750784391368,0.0885240400985276,1.350701619448108,0.04947882924433297,0.07927015816685885,-0.28825948175890137,-0.9945612020325172
769,0,A,443,14683,2022-07-12 00:56:04.352,-0.034674875,0.03943860552154925,0.052514289119724354,0.109611,0.158514,-0.30880868841027453,0.21514245330433313,2.087260474003639,-0.0064831875,0.05632247905612237,0.05669438567607466,0.112874,0.193801,-0.29308290328592346,0.7320753184059408,1.9909202411136353,-3.501773374999999,81.27075007290384,81.34615684949264,109.672559,219.345118,-1.5286572371081788,0.0882105841407296,1.3482205336745916,0.08124927383755706,-0.0577381531518368,0.04331948851181252,-0.9960383824036999
770,0,A,443,14699,2022-07-12 00:56:05.952,0.0405965,0.06154637099476297,0.07372944862722765,0.164922,0.236773,-0.48935326671588797,0.21174043695681727,2.236853836163041,0.0199699375,0.06084975424094655,0.0640428840304487,0.190292,0.252077,1.4001662382160749,1.0882449956931857,2.971321527455371,-3.8743023124999993,81.0289014326601,81.12147117620827,112.056745,221.729304,-1.5248652319625433,0.07944816419358507,1.3813450788706183,-0.14436793348602903,0.11831836553421483,0.04342544346373155,-0.9964414733023637
771,0,A,444,14717,2022-07-12 00:56:09.664,-0.009816124999999998,0.07862326391396107,0.07923366669856949,0.165393,0.31586000000000003,0.20842439908625998,0.5818755562501358,2.0874081295418083,0.005900312500000006,0.21398137289923122,0.21406270491479243,0.344737,0.654641,-1.29229733316434,0.12785939703236557,1.610448677350043,-5.438924625000001,173.83008135778192,173.91514909843107,251.531631,498.294889,-1.4336709548730475,0.08308002220100055,1.4462893675676303,0.6937168413841606,-0.015233285740620911,0.014303921233338126,-0.9933340783872197
772,0,A,444,14733,2022-07-12 00:56:11.264,-0.0158004375,0.09679155338533468,0.09807272114067958,0.195323,0.359966,-0.5960046049377725,-0.04848641789993274,1.9916139547083698,-0.004284125000000004,0.21619443798779694,0.2162368810907959,0.360541,0.6476930000000001,-1.3578307382309798,0.33774448491246745,1.6673427686399718,-3.278255624999999,175.50888045437605,175.53949435466453,252.723724,498.294889,-1.4733341482520448,0.06097433330458844,1.439697231264609,0.623262773820403,-0.0575980980344618,0.014843378099895832,-0.984701627039749
773,0,A,444,14749,2022-07-12 00:56:12.864,0.0175240625,0.07631315715971652,0.07829936603949932,0.134239,0.23179899999999998,-1.3106289510843134,-0.03219522215139356,1.7144327826649461,-0.012439500000000003,0.20533044888544905,0.20570691383555878,0.317136,0.6244639999999999,-1.2838473673957953,0.14769450072847,1.5416885805477454,-0.9685756875000004,176.93659657405,176.93924761361038,252.723724,505.447448,-1.5049980013202084,0.02506010554205943,1.42830789329388,0.7405512178101327,-0.1539016370357964,-0.013112995956939101,-0.9637445908117447
774,0,A,445,14767,2022-07-12 00:56:16.827,0.008236625000000001,0.10147654315153022,0.10181026864405672,0.190338,0.37493,-0.38953416600106516,-0.22344447626049296,1.8695363693170177,0.009093375,0.16704849344758957,0.16729581175869288,0.321149,0.487283,-1.086482157568339,0.6380528421301759,1.919647578883951,-7.9721221874999975,138.40972698932558,138.63912599779354,216.960933,430.345586,-1.3817403421653132,0.06399539588139033,1.5649329252367976,0.4725992604866458,0.047546271649328245,0.07531752623282134,-0.9987389647712815
775,0,A,445,14783,2022-07-12 00:56:18.427,-0.0114259375,0.07275670401023945,0.07364842174946792,0.171786,0.30759400000000003,0.044185531929843425,0.013545900370774855,2.3325143420502568,0.002206124999999999,0.15420889165547289,0.15422467135035495,0.311067,0.484421,-0.9320459728383002,0.5988853245601593,2.0169730126598453,-6.034970874999999,137.70897862016704,137.8411537461571,209.808374,414.848376,-1.36892238950031,0.1002070993922224,1.522102567324523,0.551983627335345,0.07282172065493052,0.04723828383104196,-0.995534677631996
776,0,A,446,14811,2022-07-12 00:56:24.832,0.01166,0.037003353141978904,0.038796955341237796,0.073929,0.112227,-1.2225914929468653,0.23393466105375743,1.9055361264758806,0.0047861250000000004,0.05425151806156557,0.05446222731857374,0.097728,0.161375,-1.2381392723310853,0.3916513201979416,1.7944179812614998,3.203749937500001,82.95301541830574,83.01485879438512,112.056745,222.921397,-1.5518375794689012,-0.07957535803387,1.3498396145869154,-0.4143257078282921,0.07899475347536408,0.0247004696683054,-0.9899700422496547
777,0,A,447,14842,2022-07-12 00:56:32.839,-0.011670187499999998,0.08461262019138956,0.08541363340789046,0.189726,0.32611100000000004,-0.11235619553013665,0.8155458103897973,2.2212613189509067,-0.0011414999999999967,0.2069042188978997,0.20690736772768628,0.33404,0.617084,-1.3081703091744867,0.15282403772282896,1.6144422679023918,-9.387732625,166.08634622856658,166.35144702524767,249.147445,495.910703,-1.4065342839375818,0.05966623117883707,1.497717329517345,0.621114682729861,0.06258537606721477,0.07984863819811516,-0.9986568485402704
778,0,A,449,14870,2022-07-12 00:56:49.884,-0.0120493125,0.09824226185603548,0.09897842161962626,0.208884,0.40403999999999995,-0.23402573879126587,0.18420313538393307,2.1103993838449,-0.008274125,0.139930633731447,0.14017504557159952,0.275419,0.476769,-0.8774436992340608,0.47811484775539637,1.9648219044759985,8.195639562499998,127.09207038471435,127.3560476087084,193.119072,377.893493,-1.4242340957873265,-0.0326834775611161,1.5163714297521496,0.19839188482707984,-0.10912715109945521,0.07592471218216017,-0.9994793721000058
779,0,A,449,14886,2022-07-12 00:56:51.484,0.019671062500000003,0.0923773802585546,0.09444856316171518,0.146725,0.289997,-1.1963865488992815,-0.3423439856909466,1.5534910758650389,0.0201111875,0.13799703538854502,0.13945480141855102,0.271934,0.436079,-1.1875171982171624,0.4052471074492974,1.9499794717274317,8.046628,132.22194109689278,132.46656155272004,195.503258,389.814423,-1.3993428417386549,-0.058731063723688186,1.4758687453527064,0.5888092433614206,0.16931553805358415,-0.03373915493461701,-0.9986181512317132
780,0,A,449,14902,2022-07-12 00:56:53.084,-0.0041928125,0.07688076299148144,0.07699500889546347,0.152379,0.281868,-0.22822905096281598,-0.3177354681675039,1.9790763347645788,0.005008562500000001,0.14563757483131232,0.14572367309762166,0.246321,0.432775,-1.4321774856774963,0.2843560590168667,1.6903293388369867,6.4820059375,135.22768426603525,135.38294941730405,200.27163,399.351167,-1.4019686559008926,-0.07774245670332275,1.4792972886318443,0.3736634251265222,-0.4033683242037713,0.033654403115118706,-0.9958148271836925
781,0,A,450,14920,2022-07-12 00:56:56.793,-0.015303000000000004,0.09165034573789124,0.09291914594352986,0.194745,0.385307,0.28112114539428745,0.18158752188447586,2.0958543906371374,-0.0018502500000000047,0.20096231194819217,0.20097082934750754,0.344651,0.616562,-1.2002135242161103,0.24810683779001222,1.7149304758256667,0.44703487499999994,170.74671679735422,170.74730199114526,249.147445,491.142331,-1.5072964696283302,-0.011231085731183768,1.4591588979421792,0.575208288754595,0.009035635985115571,-0.03487796214644024,-0.9517960779569553
782,0,A,450,14936,2022-07-12 00:56:58.393,0.011698624999999999,0.07534244010008154,0.07624526940817378,0.159539,0.315349,0.056012344023555816,-0.2600250168552264,2.092444570507306,0.016733500000000002,0.19076654376423033,0.1914990450158956,0.282276,0.528597,-1.4861721577411355,0.16263598976000246,1.474033460462267,-1.6391278750000007,168.2503630493493,168.2583472117459,245.571165,489.950237,-1.496519338823528,0.02803166162214539,1.4594887508966152,0.5525495047423631,0.12544787954429942,0.03773544363761152,-0.96389113552632
783,0,A,450,14952,2022-07-12 00:56:59.993,0.013170874999999999,0.08894302700456272,0.08991292454925488,0.172561,0.344538,-0.15906681509203935,-0.5400703259476629,1.9192012812959938,0.014142187499999999,0.1974449145357442,0.19795074069907517,0.37426,0.6169479999999999,-1.203162504460611,0.45431809664680356,1.890672389900022,-3.5762791875,165.87932833156557,165.91787528942828,241.994886,479.2214,-1.4633943713854753,0.060372954308949706,1.4585220885806456,0.4997348784892362,-0.0868547717649742,-0.0074338769876824,-0.9852216762887296
784,0,A,451,14968,2022-07-12 00:57:04.747,0.004822375,0.038972886244597986,0.03927010520580509,0.081152,0.154518,-0.5199659035925248,0.045674515054050735,2.0665083420251125,0.0017593125000000013,0.058377368050168583,0.058403872139931784,0.123327,0.21551900000000002,-0.20143876729711963,0.7125779089637077,2.111623690027208,4.693866250000001,80.09728537661374,80.2347026234633,110.864652,218.153025,-1.5304515982001805,-0.05722861093791529,1.3817543827672825,-0.07804805794330723,-0.17214835955717908,-0.1138219130155539,-0.9977455835569035
785,0,A,451,14984,2022-07-12 00:57:06.347,0.02415775,0.02912681364202923,0.03784135512901196,0.068913,0.098376,-1.1066670329804567,0.010383697637404765,1.8211028586332585,0.008010687499999999,0.06184030701100088,0.0623569938774914,0.141413,0.21522400000000003,-0.660362572683697,0.532117274611764,2.267796941555981,4.917383750000001,80.19747196069903,80.34808754308887,109.672559,218.153025,-1.5258739349375798,-0.06713918234811421,1.3649678835378016,-0.23484596888843462,0.1993623323992758,0.09789982021666917,-0.9973716478179262
786,0,A,452,15005,2022-07-12 00:57:12.712,0.0551899375,0.0945482491241038,0.10947739772979398,0.200027,0.343845,-0.7470254036802553,-0.45024504359792206,1.8271077331751666,0.021675937499999996,0.15035936476009265,0.15191374143757536,0.26835,0.505482,-1.1986475502994376,0.08010551392739346,1.7664629773487002,4.842878000000001,120.92729826615728,121.0242328348957,176.429769,351.667445,-1.4085099917863122,-0.06647006399218067,1.4578053078071556,-0.08570961699084734,-0.15860181523027367,-0.07516794291283627,-0.9934424033568358
787,0,A,454,15040,2022-07-12 00:57:30.180,0.004687187500000003,0.08256738986974424,0.08270032404146008,0.167856,0.292823,-1.0427336812502215,-0.011425487138284562,2.029689749653809,0.0098160625,0.07136916215921688,0.07204104656591616,0.145481,0.235682,-0.8984212185960421,0.352676616875365,2.0194181919176826,0.0,94.38354739676694,94.38354739676694,134.706513,267.02884,-1.5284450811858687,0.0277330753067752,1.4272245186306094,0.22003971657863253,0.26006876492537717,-0.11266365392727522,-0.9585536496612519
788,0,A,454,15056,2022-07-12 00:57:31.780,0.0180260625,0.0656176949224338,0.06804866505808546,0.13802,0.255403,-0.5323746233880926,-0.13677542291282438,2.028254336542648,-0.0011079999999999996,0.06458191807503087,0.0645914220794836,0.107163,0.20471099999999998,-1.3780615820539146,0.007960911154341,1.6590902715863654,-0.8940698749999991,95.20665422479722,95.21085216308843,138.282792,269.413026,-1.4851613684704303,0.05848164110036699,1.452384773987033,0.23646045048914535,-0.15787634430585865,-0.04544180582984844,-0.983261316265961
789,0,A,454,15072,2022-07-12 00:57:33.380,-0.020293562499999997,0.07883740059449001,0.08140739776849214,0.159765,0.285841,-0.9852597664196212,-0.035952762798996285,1.9625366290953392,-0.0066518125,0.07772898249544595,0.07801308434687415,0.13918,0.253904,-1.2223501850477818,0.25998490175730876,1.7840597018463697,-1.6391278750000011,97.25323651792495,97.26704865164797,140.666978,278.94977,-1.4599047105764769,0.06802007773309827,1.4461935460156137,-0.06852969217599643,-0.1975913849064636,0.10097730551197688,-0.9903187618134961
790,0,A,455,15090,2022-07-12 00:57:36.947,-0.016389187500000003,0.09224574641969864,0.09369035809216175,0.221784,0.322558,-0.6054187948186005,-0.6358837587487354,2.3672019673767766,0.012891375000000007,0.19142003530158325,0.19185363552523577,0.302068,0.576791,-1.3126267980476762,0.09180436761473633,1.5744710762088583,-1.1175873125000013,189.27666654250348,189.27996592044047,267.02884,532.865587,-1.5179271237004008,0.014495063662566102,1.4107612430162815,0.7145700092365684,-0.34423124282623996,-0.14453365316349182,-0.9529626309909234
791,0,A,455,15106,2022-07-12 00:57:38.547,-0.05227675,0.08601001056090796,0.10065078493111715,0.260385,0.348693,0.3175927689117528,-0.5018894484149223,2.5870141020579314,-0.0110514375,0.1970418702829962,0.19735154652405817,0.323594,0.638315,-1.1941361884128137,0.1579829922780923,1.6396831223238082,-5.0663954375,181.90139593032754,181.97193795783707,262.260468,514.984192,-1.4897179423496982,0.052764070857741235,1.441213798914236,0.48707665607202205,0.2528874254304633,0.07141742142923783,-0.9739674724230949
792,0,A,455,15122,2022-07-12 00:57:40.147,0.058817062499999996,0.11732597705989323,0.13124340644080942,0.23145,0.361693,-1.4559084407830825,0.03589422631349237,1.7635171646080643,0.013521312499999999,0.20610355722509946,0.2065466102180389,0.366441,0.605254,-1.2295658996388412,0.45199037722357216,1.7741322387870233,-6.332994187499999,173.7333580618212,173.8487460950348,250.339538,500.679076,-1.4457279860942913,0.07946011644516707,1.4399847201840117,0.6486528201616757,0.047651764675503826,-0.0514822363833594,-0.991443992924498
793,0,A,456,15140,2022-07-12 00:57:44.792,0.006209125,0.058750069581740706,0.05907727066414798,0.113634,0.208446,-0.7648389411506997,-0.12952286185769118,1.9234808704350093,0.0011792499999999997,0.05161159778395259,0.05162506810043935,0.090124,0.17549900000000002,-1.0442021003634545,-0.040224140520058516,1.7457410385330419,6.631017562499999,89.15625554242338,89.40250721461945,129.938141,252.723724,-1.4502130982926276,-0.07463207174952788,1.4534060067025951,0.5144597794424495,-0.18622699349340233,0.1514899266149546,-0.9962271089775236
794,0,A,456,15156,2022-07-12 00:57:46.392,-0.005006562499999997,0.06435428846332693,0.06454874213869315,0.129576,0.22031,-0.560662194101937,0.7296332621607517,2.0074132462811676,0.0015071250000000007,0.05112681353491898,0.051149022356248415,0.108107,0.18470599999999998,-0.6931665616739822,0.39103945088287406,2.1135692339737076,6.034971000000001,88.17809612942042,88.38437368664299,126.361862,250.339538,-1.4664259940362685,-0.06953980402445403,1.4296855510681332,0.21513067140435121,0.19470749427262024,-0.0042078777406088464,-0.9969702613129051
795,0,A,457,15179,2022-07-12 00:57:52.787,-0.008943187499999998,0.08869538355039874,0.08914511577092993,0.173501,0.33446699999999996,-0.6529126283638247,0.19839921134339733,1.9462760073791767,-0.011909562500000002,0.06749848564224308,0.0685411062278506,0.102445,0.190338,-1.5472225561233188,0.2609561704097702,1.4946505190541128,-4.544854624999999,91.79911605588222,91.91155211508354,137.090699,269.413026,-1.4347244667393295,0.06619852256718368,1.491550255057679,0.08976263893589964,-0.2610702827049318,0.2534640521686609,-0.9975115891319146
796,0,A,458,15206,2022-07-12 00:58:00.779,-0.015154937500000002,0.06466339164711818,0.06641555804130159,0.161418,0.272388,0.010458961673578848,-0.3768154978795558,2.430424508360219,-0.0210590625,0.16053498712915698,0.16191036472671386,0.238876,0.46637,-1.3570725717483068,0.3097658648677248,1.475359532437564,-9.089709375,155.6445550826847,155.90975063609343,234.842328,469.684656,-1.4211877103000685,0.058770238092116345,1.5062709486858323,0.32947592627647027,-0.051271904583074984,-0.13188571203900504,-0.9985530811092548
797,0,A,460,15229,2022-07-12 00:58:17.587,-0.06658968750000001,0.07902923788677735,0.10334315130821442,0.27574,0.333593,1.03644470813673,-0.910261010917094,2.6681981003039366,-0.0190545625,0.20382920199672344,0.20471790331743706,0.290912,0.558705,-1.4862331138236629,0.33141577050021614,1.4210383912974616,-10.803343187500001,171.9206620451636,172.25976390926078,256.300003,503.063261,-1.4159344824679678,0.051636543202345654,1.4878692341353033,0.6600053395876277,0.15264586049939524,0.06447736741199486,-0.9988403563698672
798,0,A,460,15245,2022-07-12 00:58:19.187,-0.0090955625,0.10067350206482387,0.10108354601609255,0.181599,0.325271,-1.4302399401502037,-0.1827447903737617,1.7965238375302877,0.0013323750000000037,0.20324397372858163,0.20324834090374516,0.301823,0.5777,-1.401304848724137,0.1400446274092993,1.4849961316187967,-9.238720937499998,169.95558637984325,170.2065078258683,252.723724,504.255355,-1.4151813117141616,0.05228735706614518,1.484806469671253,0.40655591838654453,-0.07860096259345437,0.020966292762752213,-0.9989295107453924
799,0,A,460,15261,2022-07-12 00:58:20.787,0.070321375,0.12452552797462604,0.14300945038440643,0.332216,0.474363,-0.45161210611731395,0.3438663012103202,2.3230352896749853,0.033458312500000004,0.20336752611365919,0.2061014540291686,0.34635,0.5848409999999999,-1.4321916785919262,0.3525074291496158,1.6804830496294445,-8.642674625000001,174.37366110580248,174.5877129471455,255.10791,507.831634,-1.413190383243651,0.056589919446162214,1.4612019694491967,0.639753454765445,-0.1625971967376583,0.1269128714215301,-0.9983857306983834
800,0,A,461,15279,2022-07-12 00:58:24.593,-0.0012805625000000013,0.0614373892297768,0.06145073340235656,0.100926,0.192529,-1.1858416432075316,0.1726048954444731,1.6423888603440104,0.0005784374999999991,0.07127053987620757,0.07127288716045885,0.1277,0.228178,-1.2504289320798179,-0.3305283250061523,1.7917051643004873,5.73694775,88.28454921662214,88.47075335877052,123.977676,243.18698,-1.4778677202524306,-0.07811731048929431,1.4013407967403673,0.09510225273628091,0.06821523463545509,-0.027488992647236664,-0.9957716145544352
801,0,A,461,15295,2022-07-12 00:58:26.193,0.006062812499999999,0.04407284627071802,0.04448790255577914,0.081784,0.154677,-0.9202897578850564,0.10374394610252854,1.8383424549507326,-0.0013665625000000002,0.052505071465726944,0.05252285238529511,0.102462,0.163544,-1.235858290903465,-0.38030568502264395,1.9508079882707667,6.3329942500000005,86.45728071849112,86.68891627772554,121.59349,238.418608,-1.4980099153495499,-0.06721037275410696,1.4026417127012014,0.24172121341078687,-0.3688256988006401,-0.006150895588303852,-0.9969007164641166
802,0,A,461,15311,2022-07-12 00:58:27.793,-0.0022882500000000004,0.040806525142279636,0.04087063227122869,0.075731,0.14598,-0.6031492482544474,-0.03858838784042995,1.8529441751091196,0.001851437499999998,0.05444566561142488,0.0544771357973921,0.119154,0.20094099999999998,-0.7089675102441206,0.21710357578389183,2.1872295276893774,6.034971125,85.00244946627589,85.21641445018894,116.825118,231.266049,-1.5071385951834504,-0.06845848588133663,1.3709227119416896,0.38414155269334854,0.15271095907554044,-0.15745369223371358,-0.99688998367067
803,0,A,462,15327,2022-07-12 00:58:32.643,-0.001404625000000003,0.08702319250771243,0.08703452766359453,0.142129,0.266915,-1.4160248996279694,-0.06482328895165157,1.6330185710820009,-0.0163711875,0.07308742384827463,0.07489851336934199,0.133663,0.2459,-0.779351740970351,0.5583803984459383,1.7845881578567075,-2.235174499999999,91.60507347993399,91.63233868187342,133.51442,262.260468,-1.457404815919326,0.08453027716490043,1.457066598109338,-0.3817387446367739,0.2417656289192621,-0.34020215371346796,-0.9962528636013585
804,0,A,462,15343,2022-07-12 00:58:34.243,0.0039825625,0.08272739294889628,0.08282319933561791,0.14977,0.271673,-1.0804571422181652,-0.1706250560580598,1.8083097634649303,0.0224328125,0.05420408062385473,0.05866270904874322,0.102668,0.183786,-1.1313803266319087,-0.21975021291489677,1.750140790714123,-3.4272674999999992,92.56093404433028,92.62436328350883,134.706513,265.836747,-1.4374993091469646,0.08445955561156507,1.4543313252009542,0.1104287449069097,0.06882261716902732,-0.03496487839401619,-0.9965641425955059
805,0,A,463,15361,2022-07-12 00:58:40.588,-0.00490225,0.03534049734812033,0.03567888462207024,0.070567,0.139532,-0.3342092218214816,-0.0019095973932755639,1.9778364920171492,-0.0063539999999999985,0.05525662229203844,0.05562074813525075,0.099659,0.193425,-0.9454245651714484,0.31326494130858373,1.7917594304496443,-4.842877937500001,82.52873583675756,82.6707064535609,113.248838,225.305583,-1.5075147547762242,0.07558419131780844,1.3698786772024978,0.23546227400188577,0.02970163023038648,-0.13288938196996536,-0.9979785996882683
806,0,A,463,15377,2022-07-12 00:58:42.188,0.0111925,0.038974840894479605,0.040550095918505544,0.086042,0.14682099999999998,-0.6072806151330927,-0.2344814521762113,2.121869210196705,0.0114606875,0.05857426053707246,0.059684934074165655,0.124352,0.208389,-0.884338847045659,0.17803302129744047,2.0834738603460266,-4.246831375000001,82.19173366495966,82.30137702116136,112.056745,221.729304,-1.5053711092346922,0.0952982487208413,1.3615415568464662,-0.2554684734983486,-0.3988764003972681,0.0905239357711982,-0.9978998423268236
807,0,A,464,15395,2022-07-12 00:58:48.559,-0.005128250000000001,0.0681092421743371,0.06830203377370984,0.149496,0.256595,-0.35757485494664065,-0.3665106716435826,2.1887488811137352,0.000628187499999999,0.07039068851792361,0.0703934915284254,0.132313,0.249784,-0.8628264648051864,0.08875259538705443,1.879619793352217,-1.341104749999999,93.13202999790197,93.14168547691514,133.51442,262.260468,-1.4934160410393926,0.062164116571219154,1.4334550563087147,0.042974410948588816,-0.26937451082296493,-0.17164820734776062,-0.9853180821618626
808,0,A,466,15423,2022-07-12 00:59:05.768,0.0022380625000000005,0.04933716895185205,0.04938790503693693,0.105087,0.190815,-0.5091226324940443,-0.0089363338850027,2.127788168406942,-0.0096981875,0.04870450473803572,0.049660684878105536,0.074045,0.133026,-1.5389422525683338,0.11516041962252184,1.4910185024984433,-0.4470348749999995,86.01146925914126,86.01263095787542,115.633024,228.881862,-1.5830602838736856,0.04479170246482836,1.3443725963531001,-0.02162757574025215,0.16883893734951821,0.06812208253877294,-0.9718138803856454
809,0,A,466,15439,2022-07-12 00:59:07.368,0.0005640625000000003,0.03416584544078477,0.034170501330643366,0.075137,0.12404599999999999,-0.5629919564825441,0.27272999876077053,2.1988849175185723,0.008790687500000002,0.04136331012007917,0.04228710927472461,0.083786,0.148206,-0.47764703931930663,-0.4940780141019828,1.9813603113816924,-1.6391278750000011,86.2373182970115,86.25289448621811,118.017211,232.458142,-1.5396240113809312,0.07425932870876116,1.3682695717400806,-0.3376038226801979,-0.3560536824317555,0.053582260777466986,-0.9899224990680054
810,0,A,466,15455,2022-07-12 00:59:08.968,-0.013241625,0.0696433622715358,0.07089103286823377,0.144708,0.236897,-0.825401355435166,-0.11460438083510449,2.041273686461459,0.0027734375000000016,0.0501980350200194,0.050274592742631935,0.128974,0.196661,0.23661570991790803,0.6909707939433778,2.5653912436496458,-2.5331976875,86.23319867997182,86.27039842902924,118.017211,234.842329,-1.5092852373036596,0.08149960123376969,1.3679919549355903,0.5269961767710664,-0.16068233354536968,-0.24539150134486712,-0.9937236349806795
811,0,A,467,15473,2022-07-12 00:59:12.485,-0.028108062499999996,0.0947245957733977,0.09880694419896559,0.20196,0.375044,-0.24211429071778046,0.21599871751827507,2.0439858922599323,-0.0124140625,0.19755529455460968,0.19794495031273848,0.334114,0.629459,-1.2301649026963735,0.290910981286512,1.687913732945066,9.0152035,161.90151258931581,162.15231627348032,237.226514,470.876749,-1.4128597318467995,-0.06785222303256698,1.4629856634295757,0.7375706459595418,0.10612585509703824,0.07217979602866957,-0.9983719107551068
812,0,A,467,15489,2022-07-12 00:59:14.085,0.005890812500000001,0.05734239881320229,0.0576441876823891,0.097317,0.184888,-1.1828326606504196,-0.045442421640200736,1.688236124276782,-0.0140134375,0.2038599457406263,0.2043410235560581,0.314544,0.627847,-1.4152445613217268,0.12650195684936777,1.539309114372275,7.4505815625,164.80632324404905,164.9746506189404,238.418607,476.837214,-1.4235797055938968,-0.07393933540080128,1.445183281828558,0.6834838358688945,0.04713169339993454,0.10612441658436453,-0.9962819969363971
813,0,A,467,15505,2022-07-12 00:59:15.685,0.019218125000000003,0.10250916580535312,0.1042950881040186,0.225082,0.41785700000000003,0.41285627790988055,0.011442186496105233,2.1581265627343322,0.0009963750000000025,0.21277035957425877,0.21277269250658082,0.334148,0.637872,-1.3879245815919676,0.28512683995125176,1.570445887879457,6.0349710625,168.1947108737755,168.30294602780472,244.379072,482.797679,-1.4522466222462627,-0.0675189465494284,1.4520189798675718,0.5285115940466596,-0.11656261431421576,0.0021086099138214235,-0.9915757539403072
814,0,A,468,15522,2022-07-12 00:59:20.419,0.0012864999999999994,0.07451402305187259,0.07452512806849111,0.128024,0.233594,-1.2537318449303214,-0.2852936480926934,1.717863535670031,-0.0091096875,0.11640372622027546,0.11675964150472756,0.241178,0.380913,-0.6599681242970674,0.7869301269502383,2.0655938720935074,4.9918896875000005,130.1895897428165,130.28525718612616,196.695351,385.046051,-1.3993417726223845,-0.0891234299284026,1.5097283856069765,0.5239723310708669,0.05169001726168642,0.06872657293858257,-0.9924091575548405
815,0,A,468,15538,2022-07-12 00:59:22.019,-0.004903187500000003,0.07276148657447389,0.07292650530628421,0.145008,0.26226,-0.6808835409844916,-0.3568630163578267,1.9884128464812696,-0.00040793749999999945,0.11195630913411532,0.11195705233676663,0.225159,0.34892,-0.6820217429401065,0.8104468401336244,2.011119400703067,4.097819812499998,128.26082417117516,128.32626833304565,194.311165,386.238144,-1.4299063821566893,-0.06215099359552512,1.51419633348726,0.2731016526616167,-0.05393564867976238,0.0516550994537236,-0.9878695631662123
816,0,A,469,15558,2022-07-12 00:59:28.347,-0.014600937500000001,0.11063807254821278,0.1115973587190239,0.223525,0.39376500000000003,-0.7028837572540101,0.5826515611122236,2.0029595912102525,-0.019794937500000002,0.20544983690352153,0.2064012476568698,0.331392,0.657672,-1.1516946785907,0.25699101893910614,1.6055716899101315,-5.4389244375000025,177.169736103448,177.25320107124224,256.300003,510.21582,-1.4264443702584948,0.08325416070499092,1.445954157391984,0.6201274641407631,-0.02178223936111079,-0.06508639114557516,-0.9949424156354506
817,0,A,469,15574,2022-07-12 00:59:29.947,0.0018719999999999987,0.10151935761838725,0.1015366158351262,0.212433,0.410681,-0.21626340013279588,0.23224128252782877,2.0921812121938936,0.0027648749999999965,0.1953851695104042,0.19540473125893087,0.301044,0.570649,-1.4457136502703063,0.056530159049173606,1.540617763246922,-7.74860475,175.98267137578443,176.15317624195444,259.876282,516.176285,-1.3999034172577771,0.08491042005244206,1.4752858139954743,0.6367041426624891,0.08616186059133184,-0.007564764783513626,-0.9973972345206669
818,0,A,470,15595,2022-07-12 00:59:36.371,-0.003706500000000003,0.0784930533630206,0.07858051646877869,0.128852,0.24203999999999998,-1.3892804618112438,0.17038454414685536,1.6397448857592452,0.003383249999999999,0.0981475038573957,0.09820579867808214,0.195845,0.321434,-1.1536725371875074,0.3288231855076871,1.9942305101756608,-5.736947750000001,104.55836629676949,104.71563652165636,158.548374,313.520469,-1.4014422014269798,0.06003845537385559,1.514084995006552,-0.02048277732471754,0.03327818469997856,-0.02067617087328411,-0.9977164066893732
819,0,B,472,15630,2022-07-12 00:59:53.992,0.0010178749999999992,0.028864811208621735,0.02888275256316475,0.060346,0.114077,-0.0795990912427742,-0.34067660007801887,2.0893438001806484,0.0009288749999999996,0.0298963924012476,0.029910818901778664,0.064692,0.115997,-0.20913716512343594,0.16624367269610058,2.162829450187773,5.2899129375000005,84.05415011375976,84.22044484703693,115.633024,230.073955,-1.5618979428109887,-0.06903954823059076,1.3729804468501123,-0.14218480964759125,-0.09338427111026677,0.233907790000998,-0.9971852720385147
820,0,B,472,15646,2022-07-12 00:59:55.592,-0.0009603749999999994,0.0308110187836166,0.03082598252489286,0.079889,0.12769,0.7512408008902711,-0.44499082954028124,2.591612446918354,0.003020625,0.029187246315546367,0.0293431341692567,0.061977,0.116144,-0.479682102648332,-0.2938428575658786,2.112146563571057,5.662441749999999,83.90241335729486,84.09327091837083,115.633024,226.497676,-1.563565182993557,-0.06361158080050298,1.3750567998745673,0.3141186413461874,0.009715242451970774,-0.28983460791119187,-0.9976427047680904
821,0,B,472,15662,2022-07-12 00:59:57.192,-0.004352937499999999,0.024902088166629595,0.025279676816318285,0.04662,0.077679,-0.23885351204011096,1.0659738014295488,1.844169145782209,0.00039593750000000046,0.05489104510581479,0.054892473066099866,0.133673,0.21520099999999998,0.041649596388144694,-0.5770398143307904,2.435179042471542,5.215407000000002,83.95889640341872,84.12072726418648,115.633024,230.073955,-1.5661137063333403,-0.06809779867497354,1.3746079921164631,0.4799600518589949,0.20453940892666217,0.025884123756735822,-0.9976989975858389
822,0,B,473,15680,2022-07-12 01:00:00.660,0.0024479999999999997,0.03934523749451768,0.039421319327237136,0.07002,0.127032,-1.2606077157348872,0.1917423220229746,1.7761962611845286,0.0049245,0.049746795803850524,0.04998994291855113,0.099663,0.175261,-0.551901788038192,0.5261299014098964,1.9936610082228228,-4.3213371249999994,84.49984259150814,84.61026741795322,114.440931,227.689769,-1.5673073786231457,0.060533660407902756,1.3525655277117952,0.2675053947188152,0.040962185310980496,0.0847033426954452,-0.9978821540499002
823,0,B,473,15696,2022-07-12 01:00:02.260,0.00017362499999999843,0.03319370040925499,0.033194154492922394,0.062007,0.122195,-0.645400644134174,0.250486039019749,1.8680096223936367,0.0013021249999999995,0.04567842599339841,0.0456969816371935,0.082031,0.162159,-1.0154522051233594,0.19521386407479843,1.7951076211395476,-4.172325562500001,84.5661674648838,84.66903200284187,116.825118,232.458142,-1.5615445128089986,0.06407009162562464,1.379785681216703,0.23611903096835232,0.1769794155644211,0.015086982687908652,-0.9978604934094496
824,0,B,473,15712,2022-07-12 01:00:03.860,0.0030581250000000027,0.038878748116540164,0.03899883567011969,0.065561,0.12808799999999998,-1.2047205306653277,-0.10195150330789171,1.6811014706839524,-0.006076874999999998,0.05980923134524783,0.06011715698430025,0.128999,0.217835,-0.4644484715449866,0.5198623761053818,2.145793421895989,-3.9488081249999993,84.80185582347092,84.8937443909315,115.633024,231.266048,-1.5554258034416937,0.0732261899225293,1.3620912215570988,-0.162823253540484,0.01702094985946591,-0.25996576055490983,-0.9981544375692695
825,0,B,474,15730,2022-07-12 01:00:08.365,0.0005988125000000004,0.04750040690643969,0.047504181212683794,0.085599,0.145333,-1.2883782973817641,0.2322579770359654,1.8019255950704554,0.004252250000000001,0.04187111230236784,0.04208647853527306,0.087075,0.144391,-0.8659670614421806,0.5266089220568093,2.0689542824786744,1.7881395624999996,87.46259129052532,87.4808682990084,115.633024,231.266048,-1.6284225281195992,-0.05023231667552308,1.3218092852572967,-0.024479226793906655,0.023891853906978535,-0.1011136340676613,-0.9722438018623792
826,0,B,474,15746,2022-07-12 01:00:09.965,0.0083119375,0.047259512622419134,0.04798489177139509,0.085872,0.139146,-1.4387999393234239,0.20449403085724172,1.7895632735633324,-0.0035715625,0.06059777584095883,0.06070293646573039,0.122745,0.218676,-0.6891725528915025,-0.24144985922068077,2.0220603342524495,3.0547383125,86.56431063675156,86.61819267436763,115.633024,230.073955,-1.5919598804659207,-0.0759679216014349,1.3349738713056587,0.0523000920945579,-0.03917002847456382,-0.05387507332443042,-0.9894908764452691
827,0,B,475,15769,2022-07-12 01:00:16.392,-0.002870125000000001,0.03840880865419253,0.03851589541669777,0.068102,0.12737199999999999,-1.100551685257755,0.12758250368170643,1.7681531031075493,-0.0021839999999999997,0.029169439065141446,0.02925108598625015,0.06104,0.107981,-0.6313635552482975,-0.16461239889716506,2.0867601301603855,-3.948808187500001,84.87932483583062,84.97112963052874,115.633024,231.266048,-1.554967255658177,0.08033020994788952,1.3608507325110923,0.18281748730258576,-0.09444495235644818,0.005856538862942881,-0.9979489348617802
828,0,B,477,15810,2022-07-12 01:00:34.124,-0.0025271250000000033,0.03919057417587008,0.039271967928791146,0.083679,0.16018300000000002,0.060940523184396245,0.180627472152337,2.130756476266449,-0.0010075000000000014,0.04207128301317896,0.042083344812704704,0.06876,0.135887,-1.042548180163068,-0.17316494278103267,1.63390054440829,4.4703488125,85.31953581486981,85.43656834266152,115.633024,230.073955,-1.5581541600712578,-0.0837188027817018,1.3534371317002012,-0.1739592647698875,0.06894426038353366,0.08296781151053359,-0.9958736745633046
829,0,B,477,15826,2022-07-12 01:00:35.724,0.0019086874999999998,0.045856390880550595,0.04589609648502256,0.078332,0.156085,-0.9696037321358699,-0.10911233751160343,1.7067246672178833,0.00027168749999999936,0.04663728759495822,0.04663807895178038,0.097359,0.190019,-0.3538325871693133,-0.16541705457384226,2.087543101864477,4.842878000000001,84.51938438650009,84.65801677570671,116.825118,231.266049,-1.5496990592252742,-0.0797917627858175,1.3799652112040013,0.20760628436845852,0.08702880382669638,-0.07044304427159855,-0.9965158869603532
830,0,B,477,15842,2022-07-12 01:00:37.324,0.0019575000000000005,0.042066395907244064,0.04211191601999368,0.071281,0.141098,-1.0267883421686763,-0.008811192841182425,1.692656301037397,-0.0059860625,0.05534612044609445,0.05566889609725973,0.097883,0.193596,-0.7402445620595568,0.2290100111982381,1.7583068259335977,4.991889625000001,84.34239213448568,84.4899880044703,115.633024,231.266048,-1.558685946740989,-0.06582413702544172,1.3686003126652349,-0.2643533332824848,0.03512558114883141,0.14649944615446056,-0.9975007740531646
831,0,B,478,15860,2022-07-12 01:00:40.804,0.0020471875000000013,0.045567504234403096,0.045613467515773234,0.073318,0.134139,-1.6477052630237177,0.06618704025194924,1.6073761543045697,0.006029187499999999,0.0534440205848825,0.05378303113610742,0.10625,0.206652,-0.23788916191526832,0.07576427972172835,1.975530158036569,3.4272673124999997,85.79537850659037,85.86380572930855,114.440931,228.881862,-1.5809411983077677,-0.07629776711336707,1.3328192249104678,-0.24515169494712027,-0.01795143401506958,-0.18178163817612242,-0.9911357152183412
832,0,B,478,15876,2022-07-12 01:00:42.404,-0.00044625000000000133,0.039916763113227255,0.03991925746428658,0.080164,0.143959,-0.8810484541366272,0.2781683501030508,2.008153585314507,-0.0015512499999999997,0.060251359573353196,0.060271325744503085,0.100947,0.197456,-1.0686390915353703,-0.08545363958591465,1.6748760501457303,4.172325625000001,84.82518899206906,84.92773980662187,115.633024,228.881862,-1.55831041014117,-0.07996833309118229,1.3615459950222768,0.26022209175165967,0.014769127027807664,0.003830650982275366,-0.9948334951689246
833,0,B,478,15892,2022-07-12 01:00:44.004,0.0014476250000000001,0.034331502541170185,0.03436200932534359,0.059104,0.115974,-1.107825991636568,0.000115787013165225,1.720039111810846,-0.0038736250000000008,0.055754895954161506,0.05588929587586517,0.121405,0.19573000000000002,-0.8432716719840117,-0.11934714766415455,2.172240642817378,4.842878125,84.04622461789515,84.18563619202082,115.633024,230.073955,-1.5489348462509702,-0.08417411836178693,1.373548139925559,-0.03853553601482543,-0.15004898421352136,0.14056857955069038,-0.9961613554024703
834,0,B,479,15910,2022-07-12 01:00:50.060,0.004384875000000003,0.05477535719860141,0.05495058584765043,0.105609,0.178269,-1.2304642747674028,0.31500280940363123,1.9218903378537064,0.0063561875,0.05810967631042479,0.05845627083929918,0.104218,0.193358,-1.2861139958787002,0.1485532691836353,1.7828369566458209,-1.9371511249999998,85.97118731093435,85.99300903057672,115.633024,230.073955,-1.5937454443625303,0.0721027908755782,1.3446793559565304,0.08202210124409819,-0.001361172136695515,0.18250018739360718,-0.9909500974229672
835,0,B,479,15926,2022-07-12 01:00:51.660,-0.0005579375000000003,0.041998557715516784,0.042002263563259305,0.084263,0.14472000000000002,-0.7579800086759696,-0.28782920473157736,2.00615378438098,-0.0016600000000000018,0.050332531507962124,0.05035989801419379,0.078162,0.15076,-1.2977659564330841,-0.004347003651396897,1.5520682742044127,-0.29802331249999936,86.55356871585903,86.5540817948277,114.440931,228.881862,-1.636195361606781,0.02735188073994016,1.3221898797479794,0.25093557366843566,-0.042828132403097734,-0.07898283740841876,-0.9585774305196254
836,0,B,479,15942,2022-07-12 01:00:53.260,-0.0023908125000000006,0.047371787470522404,0.04743208020488349,0.09632,0.156743,-0.9995184369416057,-0.33801992156708305,2.0306931423615517,-0.007233,0.04940613837748301,0.04993278280223325,0.099187,0.150113,-1.212924484480718,-0.41861761559702915,1.9864104188393812,1.192093062500001,86.85217932517968,86.86036000042154,115.633024,228.881862,-1.6413166932125776,-0.019463990003539884,1.3312519542797063,0.11191789585021934,-0.012330771314067344,-0.03282201505842807,-0.9456861394921727
837,0,B,480,15960,2022-07-12 01:00:56.832,-0.006753437500000002,0.03334917350169407,0.0340261119041318,0.062037,0.11490700000000001,-0.9485000725244683,0.02351000857280411,1.8232174212201668,-0.0016699999999999998,0.03233064429647204,0.03237374647187131,0.057471,0.10252,-1.1901255432886328,-0.12166218426434817,1.775234758508257,5.140901250000001,83.73522191865348,83.89288560675689,114.440931,227.689769,-1.5615364485611893,-0.07114762894258109,1.364131537165563,0.010493885082033609,0.26515141537071896,-0.01998224751212099,-0.9981251219685633
838,0,B,480,15976,2022-07-12 01:00:58.432,0.0028045625000000015,0.03890803554210999,0.039008983587918565,0.067425,0.132516,-1.0479887372539591,-0.11836619778491031,1.7284480085987715,0.005866374999999999,0.05052161454995649,0.050861064601274326,0.100577,0.176373,-0.7827296955244694,0.12091645807107378,1.9774851507429916,4.395842999999999,84.41344392694344,84.52782353336606,114.440931,228.881862,-1.5564624253424981,-0.08189116613441588,1.353884747249244,-0.1726104644434987,-0.002133258195678167,-0.256522612203594,-0.9980323139161461
839,0,B,480,15992,2022-07-12 01:01:00.032,0.0031302500000000002,0.0436127825693053,0.04372497305316494,0.085885,0.153315,-0.44399539561121015,0.2603667358790891,1.964209329427669,-0.0031842499999999987,0.04965771794935305,0.04975970659077483,0.128257,0.196718,0.6555999915328288,0.8723133691320689,2.5775272562354323,3.5017732500000007,85.52329660208005,85.5949570803197,115.633024,228.881862,-1.576287724939418,-0.0831410869921017,1.3509326710859086,-0.26754577183119405,-0.06174311267160587,0.1885985785888212,-0.995194790441627
840,0,B,481,16010,2022-07-12 01:01:04.524,-0.0064920625000000004,0.03881182044569146,0.039351039145269086,0.07357,0.14537899999999998,-0.628591840782418,-0.01933435920382609,1.8695821405988164,-0.0017874375000000004,0.034035960420503684,0.03408286276946964,0.068184,0.130051,-0.4811335030161894,0.08140826203174928,2.000536177409284,3.7252908125,86.69954532208506,86.77954223602461,116.825118,232.458142,-1.5754998600539194,-0.08039599242431517,1.3462287883733803,0.16313865326684038,0.0560060295900093,0.16724882059334306,-0.9925902877201903
841,0,B,481,16026,2022-07-12 01:01:06.124,-0.0012540000000000016,0.04317018487770234,0.043188394024031504,0.068484,0.13495600000000002,-1.1421626015970743,0.08540289506002652,1.5857037879642655,0.0055334375,0.0501244437562263,0.05042894796084388,0.091799,0.172524,-0.9871410080562235,0.11740132962366293,1.820363178531473,4.1723255625,85.588211952597,85.68984960800293,115.633024,230.073955,-1.555104678826176,-0.08568511276785941,1.349436654737699,-0.2278281992906048,0.12780826173753787,-0.23666888528042715,-0.9954333051279762
842,0,B,482,16051,2022-07-12 01:01:13.118,0.003820937499999993,0.035372724478877696,0.03557849350994923,0.070101,0.117927,-1.0658430936028942,0.2619857546343224,1.9703195128370692,0.001697375,0.04956311328608581,0.04959216954822606,0.092187,0.167665,-0.9518663117441086,0.38785931825101927,1.8589023396194124,-4.2468313124999995,84.4137069589547,84.5204679278878,114.440931,227.689769,-1.5733242510619874,0.060713531859678864,1.3540025724613844,-0.0076413349684355154,0.22334747100052535,-0.01583862694034726,-0.997828306084789
843,0,B,482,16067,2022-07-12 01:01:14.718,-0.0027874374999999996,0.023988325822076325,0.02414973257745311,0.042308,0.08344599999999999,-1.057886794845247,0.06192928366490244,1.7519034574941825,-0.0015468749999999996,0.022205212912385575,0.022259027443938335,0.062092,0.090553,1.0448616815700182,-0.9069128465209595,2.7895198995726624,-3.9488080625000017,84.50493388075549,84.59714495953939,116.825118,232.458142,-1.5658860363555762,0.0634888488614434,1.3809581642013382,0.18246314582170362,-0.20979410542167626,-0.047263213339576636,-0.9978329789391132
844,0,B,482,16083,2022-07-12 01:01:16.318,-0.0014620625000000016,0.031749712475998795,0.0317833583666437,0.080341,0.129427,0.5842105774045296,0.7247925832776259,2.527769377710476,0.00025831250000000073,0.03823506930443364,0.03823594186184642,0.09305,0.16960599999999998,0.5623587595172612,0.2170193257031665,2.433574157430382,-3.6507850625,84.89580405129415,84.97426538128062,115.633024,231.266048,-1.562042805932388,0.0713182775659179,1.3608005139103367,-0.01291489708155684,-0.1285342252819479,0.22839462995889243,-0.9980311999397384
845,0,B,483,16101,2022-07-12 01:01:20.296,-0.0041361249999999974,0.04334110010410874,0.0435380119923958,0.080886,0.147513,-1.0767934531575696,-0.28955027360151264,1.8578248362402783,0.0001742499999999995,0.04482972077971823,0.04483005942724145,0.093243,0.151452,-0.9845846849170874,-0.4939308642286691,2.0799214007586153,4.544854749999999,85.0773868368272,85.19869397873265,115.633024,231.266048,-1.553162473631483,-0.08420834753684997,1.3572159219819073,0.010714235571762317,0.010429093878286276,-0.161566543510863,-0.9960052330548649
846,0,B,483,16117,2022-07-12 01:01:21.896,-0.0001511874999999968,0.043591001276379784,0.043591263458834274,0.080206,0.154677,-0.8868498258839783,0.07101956467877879,1.8399558451831322,-0.002767562499999999,0.05682851867897046,0.05689586924757807,0.119824,0.2219,-0.4023041293861609,0.3671344387256069,2.1060228375911603,4.991889499999999,84.53173093031629,84.67899677520751,115.633024,230.073955,-1.5596341376778196,-0.0732137019705903,1.365545511916779,0.0952300207398237,0.07190091300027322,0.20897358191285056,-0.997034132869751
847,0,B,484,16145,2022-07-12 01:01:28.171,0.00170325,0.0240231388470054,0.024083443703610992,0.044204,0.08029,-1.1540373622057207,-0.32639921779018277,1.8354517960142136,-0.00044687500000000196,0.045063949954307986,0.04506616560957899,0.083137,0.130494,-1.052415874998963,0.676631135722247,1.8447764276250942,4.470348937499999,85.52540599510178,85.64215720222137,115.633024,231.266048,-1.5556663915371096,-0.08593012794389276,1.350188129042139,-0.35898039441024554,-0.008929179167079575,0.09261518293472401,-0.9954290515603239
848,0,B,484,16161,2022-07-12 01:01:29.771,-0.00141675,0.027854499029555353,0.02789050549470196,0.048802,0.096536,-1.0021622895498496,-0.12018434629282329,1.7497710828249549,0.0010738125000000001,0.03320333196423732,0.033220691245254064,0.065363,0.112567,-0.957154603090554,-0.40086816215551496,1.9675388304672263,4.842877875000001,84.89057285246496,85.0286000433491,115.633024,230.073955,-1.5628780347872857,-0.07598232868775652,1.3599309401901034,-0.16451562711335962,0.10578933709321126,-0.05356485920162119,-0.9965048264683787
849,0,B,485,16189,2022-07-12 01:01:36.160,0.001501937499999999,0.05085046014229953,0.050872636190171044,0.103299,0.192336,-0.7553487147339055,-0.04200492667640754,2.0305415196855496,-0.00019449999999999763,0.050767107233670505,0.05076747981853147,0.096053,0.18323,-0.5374671657458334,-0.44833436663170995,1.8920182830296437,-3.8743023124999993,84.8309476190862,84.91937289194257,115.633024,230.073955,-1.5608895946445536,0.07156790599248519,1.3616801450846754,-0.12530702865405746,0.07169798528456697,-0.09764971662702025,-0.997169195983238
850,0,B,485,16205,2022-07-12 01:01:37.760,0.003690250000000001,0.03818130618263995,0.038359224273634626,0.086541,0.158423,-0.13477518125997667,0.05716593556064509,2.2560675206219454,-0.00014137499999999957,0.04400525735476813,0.04400548445080454,0.085202,0.14539,-0.9090002812821973,0.6843203383868665,1.9361677541637037,-4.246831375000001,84.35160596478724,84.45844543659571,115.633024,231.266048,-1.5661837021808505,0.0669221295853967,1.369111441754011,0.06191213898606169,0.042274596439182716,-0.11671452112398861,-0.9975036551965705
851,0,B,486,16233,2022-07-12 01:01:44.306,0.00040706249999999944,0.03297080555671326,0.032973318288238754,0.054024,0.10702700000000001,-1.1590177585963044,-0.04876844264712943,1.6384156282890647,-0.005060812500000001,0.04498253742317505,0.04526632850350799,0.077717,0.15336,-0.9162686410959577,0.5003104050684428,1.716883223563784,1.5646219999999995,87.48261325050619,87.4966037234619,115.633024,231.266048,-1.6342144413071562,-0.03578380468386404,1.3215715705430682,-0.2303010562618546,-0.04015203993994408,0.1528937764121327,-0.955075459274343
852,0,B,486,16249,2022-07-12 01:01:45.906,-0.0011773749999999996,0.045755798726602674,0.04577094415674643,0.092182,0.181947,-0.383526980625442,0.0959574734017461,2.0139851099491204,0.005870999999999999,0.061959491098015,0.06223702417472256,0.126433,0.225566,-0.4416085033681294,0.26921779768550874,2.0314756638276177,2.905726875000001,86.91961507049929,86.9681708021726,116.825118,231.266049,-1.6061983240636672,-0.06778254233132683,1.3433089016640734,-0.17212533501482905,-0.04566626617076661,0.012214495160694705,-0.9864422815452496
853,0,B,487,16276,2022-07-12 01:01:52.260,0.004742312500000001,0.03585489876871561,0.03616715766496588,0.089506,0.134173,0.016603591748416857,0.6976872542812149,2.474786678818888,-0.005058749999999999,0.04520182902480274,0.04548402245569316,0.11116,0.191052,0.49893266408387227,0.7432616284031952,2.443935122674848,5.513430312500001,84.45989146345241,84.63965488959035,116.825118,231.266049,-1.5663980264263964,-0.06452646065099851,1.3802645834555274,-0.40934745160855474,-0.2680988523044133,0.2189960473102446,-0.9976024984749777
854,0,B,487,16292,2022-07-12 01:01:53.860,-0.0007135624999999989,0.04595746394081264,0.04596300320162402,0.07251,0.140519,-1.2516548012528252,0.14947863147760718,1.577573155564343,-0.0009567500000000006,0.040969480443526496,0.04098065029224158,0.108277,0.16772199999999998,0.9066030875122477,0.8839654566509004,2.6421493858163325,5.4389245625000004,84.27786742007801,84.45318725348861,116.825118,230.073956,-1.5671917659865708,-0.06349669673537653,1.3833121259159367,-0.11635554729139996,0.11190242549104472,0.2030858977355728,-0.9977836737417527
855,0,B,488,16311,2022-07-12 01:02:00.218,-0.004346937500000001,0.03258007191226861,0.03286878384482,0.06535,0.124284,-0.5607535001257284,-0.06586979263613868,1.988208639191831,0.003235437500000001,0.039359730008869394,0.03949248538883695,0.088756,0.152838,-0.4450290123114895,0.35738180121478735,2.247414897444971,-1.564621999999999,87.39119186321928,87.40519696949883,116.825118,231.266049,-1.6104772463196104,0.06971933540682673,1.3365923543512823,0.08078271925613163,-0.016949001829770147,0.12380343377273549,-0.9847109100058892
856,0,B,489,16334,2022-07-12 01:02:08.325,0.0024841249999999985,0.03629877290087607,0.03638367478863288,0.066547,0.117393,-1.125896513338656,0.23926042902946326,1.8290345982531389,0.0011255624999999998,0.030029816603604056,0.030050903084391657,0.055556,0.104654,-0.9473153589657128,0.037712243466127116,1.8487297983685425,5.364418687500001,83.98970128943053,84.1608395308802,115.633024,228.881862,-1.5677859079290606,-0.06612590766922144,1.3739528341749974,0.07230609053708624,-0.12813461261996553,0.06398004524705654,-0.997628794580646
857,0,B,491,16363,2022-07-12 01:02:33.380,-0.003161437500000001,0.04058237975705828,0.04070533421816482,0.106184,0.17965399999999998,0.7947470646178334,-0.4271267755161702,2.6086016007360335,-0.0032564375000000007,0.034492141932925734,0.03464552265895984,0.06402,0.114123,-0.4151128144973937,0.9504933995021903,1.8478578207693304,0.5215407500000007,86.81430178177953,86.8158683571834,115.633024,228.881862,-1.644861907379937,-0.0026693709102873636,1.3319341980691273,0.12273049894429475,-0.003460825763497042,0.14071083567197037,-0.9374719689705279
858,0,B,491,16379,2022-07-12 01:02:34.980,-0.0042796250000000004,0.04070102821317141,0.040925406384665255,0.09684,0.15140699999999999,-0.5375525653407931,-0.45679801797067254,2.36625628319444,0.004342437499999999,0.052843583490534536,0.05302170385382292,0.130403,0.20997899999999997,0.17641679649416453,0.5100221142188772,2.459426810566326,2.1606686249999996,86.25723864511576,86.28429583410593,115.633024,230.073955,-1.6273298191574064,-0.04777672884243681,1.340139858385369,-0.23745359006599864,0.082649235255388,-0.09648647462189099,-0.9677558826662108
859,0,B,491,16395,2022-07-12 01:02:36.580,0.0043921875,0.049319407385960586,0.04951459639275574,0.107962,0.18723800000000002,-0.7191281947687456,0.4038554210931594,2.1804075538379113,-0.0024900624999999975,0.05932735566590335,0.05937958859374575,0.13592,0.244969,0.20313582489925563,0.1652958506888917,2.289002049675972,3.427267375,85.47281595023392,85.54150120334751,114.440931,227.689769,-1.5892999606880471,-0.07499162164111277,1.3378410407826882,-0.05690477668824557,0.04036147946677697,-0.04582279864242453,-0.9895255360163026
860,0,B,492,16413,2022-07-12 01:02:40.198,0.001139250000000001,0.047231188371006504,0.047244926134983004,0.082978,0.155018,-1.2505723761143228,-0.02933756727994647,1.7563367495363287,0.004246625,0.042022951651262845,0.04223697774906486,0.087226,0.15132800000000002,-0.6626073820058132,0.24460278850863448,2.0651572306669412,-4.172325624999999,83.72703425936685,83.83092846312881,114.440931,228.881862,-1.5678246479045712,0.05985460640250507,1.3651397294297454,-0.4239503886872517,-0.006891830437638263,0.3560717913524268,-0.9980233958859862
861,0,B,492,16429,2022-07-12 01:02:41.798,0.004289062499999999,0.0467129530784406,0.04690944513035195,0.08605,0.154246,-1.1015435245359986,0.04887770058190408,1.8343853729432162,0.0002594375000000001,0.044613587058721184,0.044614341394472026,0.139031,0.185025,3.1714832859237427,1.7090648708250085,3.1162849356154956,-4.0233138749999995,84.06144739670941,84.1576734051418,115.633024,228.881862,-1.5609836337649956,0.06604613605194587,1.3740045241428354,-0.02128210071254645,0.13302810567442774,-0.10961850588389616,-0.9981593121509407
862,0,B,492,16445,2022-07-12 01:02:43.398,-0.0009596874999999996,0.048701302006104966,0.048710756688718146,0.094717,0.176804,-0.4447510598632305,-0.3563018180512706,1.94447810789064,-0.0011453750000000006,0.024061030266478097,0.024088276430143357,0.049022,0.092268,-0.503180742502618,0.4013847798903992,2.0350978677185605,-3.576279125,84.63650664833432,84.71203001943378,115.633024,230.073955,-1.5541823167985362,0.07582267296497465,1.3650130208598783,-0.16798709696542263,-0.08855882422134724,0.0918624354665215,-0.9983490065468044
863,0,B,493,16463,2022-07-12 01:02:48.171,-0.0026661249999999984,0.03324339072446394,0.0333501311747795,0.064092,0.120151,-0.841021351925904,-0.06191816593383681,1.9217915415117928,-0.0008601250000000006,0.02871103660806024,0.028723917527471773,0.056469,0.094561,-0.7218925497095796,0.6384355647106364,1.965922647772283,-2.3096802499999995,85.75457430759336,85.78567268217806,115.633024,230.073955,-1.5777850183995001,0.07681086044516042,1.3479293264785779,-0.4220180956145005,-0.025371472367531574,-0.1604608497711208,-0.9926251813403296
864,0,B,493,16479,2022-07-12 01:02:49.771,0.0042545000000000005,0.0331715522925895,0.033443275134920625,0.06118,0.10560800000000001,-1.1774044176862022,0.3812080081869303,1.829366285245113,0.0020505625000000003,0.053133426042333225,0.05317297969422534,0.124838,0.210557,-0.009293070579724727,0.48490345562271586,2.3477713815905936,-3.2782558125,84.91675808435798,84.98001391344654,114.440931,228.881862,-1.558820935025441,0.08277490035590956,1.3466805396920725,-0.4051412022991007,0.06055214090203354,0.0794228986122358,-0.9959410126509189
865,0,B,494,16502,2022-07-12 01:02:56.132,-0.0029333749999999994,0.03783185078388811,0.03794540318174258,0.065559,0.13065300000000002,-1.15166208488847,0.10950296535398439,1.7277191570741748,-0.0004938125000000003,0.04068587874837342,0.04068887538765971,0.092194,0.155415,-0.13832564279069626,-0.6715932319476658,2.2658281685504873,4.7683722500000005,84.4063742638033,84.54095688053103,115.633024,230.073955,-1.5533044684460802,-0.08463707840333558,1.3677751975697023,-0.30609431308444907,0.15706416873518342,-0.11437331599558025,-0.9961145569177147
866,0,B,497,16557,2022-07-12 01:03:22.041,0.0028536249999999994,0.038800930119126976,0.038905723920138024,0.073915,0.138669,-0.9276573013597647,-0.058613373634240074,1.8998489824203166,0.007121312500000002,0.04515997363777844,0.045718008603694675,0.127289,0.194698,0.929633618555298,0.7879693533584285,2.784220133107749,-1.7881394375000008,87.41383392192327,87.43212112020117,118.017211,233.650235,-1.5930389484524514,0.07525112364308466,1.3498152565434232,-0.03721737226201182,0.10101389623613125,0.18396741016106,-0.9891092961806882
867,0,B,497,16573,2022-07-12 01:03:23.641,0.0004770624999999992,0.04160010524997015,0.04160284059337174,0.075618,0.13584200000000002,-0.9615825996452183,0.4055179399875287,1.8176162714246882,-0.0012496250000000007,0.035713348633380416,0.03573520439636522,0.059575,0.109287,-1.059292968614336,-0.0490272954667631,1.667123527242498,-0.22351743750000042,88.10831586168116,88.10859937614853,115.633024,231.266048,-1.6380695448113178,0.03005025559597571,1.312392034588425,-0.09481365260236163,0.07469132053052327,-0.15977163380516862,-0.9591991410024253
868,0,B,497,16589,2022-07-12 01:03:25.241,0.00014149999999999927,0.040372125225828774,0.04037237319628362,0.062858,0.12485199999999999,-1.294986151364931,-0.028621612971649613,1.5569557849471738,-0.0052586874999999995,0.048869022797830154,0.04915114630847891,0.101423,0.18520599999999998,-0.7871512668101119,-0.11634329105103952,2.063492057000181,0.9685756875000009,88.13149808002342,88.13682030055082,116.825118,231.266049,-1.6449999520601546,-0.020582148812478177,1.3254973075000969,-0.28480236495734657,-0.01647514809952227,0.010831339427306469,-0.9528834715135398
869,0,B,498,16607,2022-07-12 01:03:29.848,0.001997999999999999,0.030220560912646872,0.030286536709815466,0.062157,0.100522,-0.8819592508709837,0.5777158951965076,2.052298042379198,-0.0009303125000000001,0.033069679970326955,0.03308276310539221,0.062087,0.104938,-1.2630402910406404,0.3176305369101073,1.876717485846288,4.619360437499999,85.49775167787494,85.62245051867593,116.825118,233.650236,-1.5459598331754068,-0.08205559734633387,1.3644215657494894,-0.3272383058552442,-0.12278463364498117,0.19592608344129775,-0.9980036409964185
870,0,B,498,16623,2022-07-12 01:03:31.448,-0.0032379375000000004,0.028791354150310363,0.028972854762044076,0.064779,0.126838,0.28021606041683356,0.3411349292278481,2.235851473112819,-0.002737,0.041277041374412966,0.0413676844121713,0.089729,0.155506,-0.6171260266726932,-0.47530001914200115,2.1690602525869136,3.7252907500000005,86.58473283884383,86.66483572906601,118.017211,233.650235,-1.567819930051556,-0.08415920674010342,1.3617658189412445,-0.5282552213067316,0.18534662674640845,-0.028310595160650945,-0.994613074419624
871,0,B,498,16639,2022-07-12 01:03:33.048,0.0036186875,0.029130134887944543,0.0293540398891277,0.052438,0.101997,-0.8333575290353594,0.014657183027573073,1.7863980630285323,0.0049570625000000005,0.04022484840162352,0.040529136402870716,0.081513,0.132129,-0.7852981527575436,0.5268371568795946,2.0112197602667488,1.9371513125000002,87.58423922468164,87.60565915381143,116.825118,232.458142,-1.6225008557282792,-0.04913250374310013,1.3335339192515776,-0.20618783884273556,-0.04357736045914346,-0.1814668277608988,-0.9658054730131564
872,0,B,499,16657,2022-07-12 01:03:36.502,-0.0009814999999999997,0.050820406095878456,0.05082988312007023,0.103926,0.16828900000000002,-0.7954665650832666,0.48286338568394166,2.04458467383264,-0.00019343750000000003,0.039177569259987194,0.039178046801589025,0.062923,0.119868,-1.353582462322945,0.3606436121648513,1.6060780242226855,5.215407062500001,84.63532604329714,84.79586596811656,115.633024,231.266048,-1.5590786116619781,-0.07413455465835558,1.3636634602384778,-0.08655551763962756,-0.0085714575495996,0.035430698455016854,-0.997666064593653
873,0,B,499,16673,2022-07-12 01:03:38.102,-0.0028441875000000012,0.04228765938518404,0.04238319877985262,0.068345,0.131073,-1.1274082909502678,0.031022982282650546,1.6125493584143689,-0.003443937499999999,0.04756232153510375,0.04768684446797145,0.110146,0.179336,-0.3740198460832973,-0.2645232118716374,2.3097774916513676,4.6193605,85.18136103495422,85.30652237195102,116.825118,232.458142,-1.5543417493825322,-0.07824524628501946,1.36947462810197,-0.4056980405713775,0.0074569422417173886,0.15320454999398703,-0.998389986611923
874,0,B,499,16689,2022-07-12 01:03:39.702,-0.002707875,0.05358449391367222,0.05365287107881553,0.104676,0.189748,-0.8252092150523862,0.13751734374797991,1.9509859937640992,0.0026016249999999998,0.0497034039790976,0.04977144582740188,0.11181,0.17622500000000002,-0.6324835472935462,0.4538829823374192,2.246468796340301,3.725290812500001,86.35362140167267,86.43393847801404,116.825118,231.266049,-1.5742803469364244,-0.08056582624101088,1.3516116476598654,-0.3552556455035087,0.06383770561565576,-0.12123280112027701,-0.9959494397324246
875,0,B,500,16707,2022-07-12 01:03:44.460,0.0020820625000000006,0.04447833373462402,0.04452703848295438,0.092667,0.15855999999999998,-0.5026600370136292,0.4938039236168591,2.081139980496891,-0.0054345625,0.0389546900561549,0.0393319507136056,0.065459,0.124216,-1.2010435870579337,0.19731608657067018,1.6642703657552536,-1.8626453125000006,86.88997675012845,86.90993905876384,116.825118,232.458142,-1.5895000749997024,0.07226004430926085,1.344208950842885,-0.4466501543426222,0.0030011052146357137,0.04633525819484124,-0.9922697377928493
876,0,B,500,16723,2022-07-12 01:03:46.060,-0.00023187499999999944,0.0447973992672496,0.04479799936520603,0.107892,0.191882,0.7264502984055059,0.7314067178345393,2.408411123908319,0.0063763125,0.0382102186802149,0.038738587644459886,0.074924,0.135763,-0.9591402693662627,0.07536862128834962,1.93409219478127,-0.2235176250000004,87.72948146561427,87.72976620483064,115.633024,231.266048,-1.6338708167777036,0.03206298086682033,1.3180591833565485,-0.1350252556303191,0.03856919771909779,0.1625926900957596,-0.961557768379325
877,0,B,501,16744,2022-07-12 01:03:52.400,7.087499999999932e-05,0.03330035672833513,0.03330043215185052,0.064957,0.11888,-0.7146740504122802,-0.0878988079947797,1.9506353462259889,-0.0035781875,0.040156624340229895,0.04031572775217508,0.095284,0.17813299999999999,0.5626587628540118,-0.04005232738760267,2.363444871582637,-4.246831500000001,84.1966802961478,84.30371611430375,114.440931,227.689769,-1.5672830295706037,0.06222209052245941,1.3574838248510244,-0.73730479698675,0.11603657012621214,-0.12085740727167782,-0.997878977990951
878,0,B,504,16792,2022-07-12 01:04:17.855,-0.0008595625000000001,0.03770924886876022,0.0377190442341465,0.06176,0.11851700000000001,-1.1968136378887035,0.08021412595107508,1.6373691660004888,0.00032506249999999983,0.04728722363845856,0.047288340899871925,0.092268,0.15546,-1.1060856751248396,0.1852814499147111,1.951178625517181,-2.235174312500001,86.74870419251154,86.77749525820118,116.825118,232.458142,-1.5869629487159218,0.07826221822057422,1.346260544308106,-0.4194687244466723,-0.027880739285614974,0.17146240719969164,-0.9937698715511695
879,0,B,504,16808,2022-07-12 01:04:19.455,-0.0021296250000000004,0.03665583023694014,0.03671764144113835,0.066108,0.11560999999999999,-0.9666092543642106,0.5044421379898627,1.8004424414345082,0.0069353125000000005,0.04486373340282598,0.045396620296146495,0.101975,0.155858,-0.8098074633312891,0.41127307736760027,2.2463125962849744,-0.5960466875000003,87.68065092110854,87.68267683871753,115.633024,231.266048,-1.635240795560263,0.03821801132807479,1.3187670377889353,0.21254981350216084,-0.0068222742378579795,0.08092597763629247,-0.9596987821396811
880,0,B,504,16824,2022-07-12 01:04:21.055,-0.0022708750000000003,0.036851586849949554,0.03692148868375976,0.073817,0.140519,-0.5755132001428818,0.16302976091211607,1.999296416031812,4.543750000000034e-05,0.03209326536823721,0.03209329753332462,0.059832,0.108992,-0.9358001974846073,0.38557073017625254,1.8643145017389513,1.1920931875000007,87.63404196700456,87.6421496635175,116.825118,230.073956,-1.6495238782195014,-0.013540782008202697,1.3329786917427746,-0.7421609513709716,0.06331237542821062,-0.1508344666968675,-0.9427127937876519
881,0,B,505,16842,2022-07-12 01:04:24.809,0.0006739375000000009,0.04382798033857588,0.04383316155962857,0.073007,0.13600099999999998,-1.1746377786348141,-0.10479002931550951,1.6655654623653993,0.0012241874999999987,0.04909434437669316,0.0491096048122208,0.09013,0.14681,-1.312349309617399,0.4801457556105303,1.8352825347430077,-4.246831375000001,84.98625199301435,85.0922946250001,115.633024,231.266048,-1.5692566610031147,0.06213394605089664,1.358912983949866,-0.30330024688988305,-0.003884027810031534,-0.04124235712498892,-0.9977273709508732
882,0,B,505,16858,2022-07-12 01:04:26.409,0.004298937499999999,0.03854773274699297,0.038786706015882556,0.066263,0.122502,-1.1305779932807487,-0.3684230947381836,1.7083946229635052,0.002163000000000001,0.04596348945902606,0.0460143557191666,0.10951,0.161603,-0.4749242156020257,0.6868850007657108,2.379909449745598,-4.172325625000001,85.12203745724507,85.22423107305613,116.825118,233.650236,-1.5672386663412383,0.060392806935038276,1.3707969732206193,-0.16750296388872268,0.14242924115009303,0.04861190086534776,-0.9981368476186098
883,0,B,505,16874,2022-07-12 01:04:28.009,-0.0014896249999999996,0.041658992481928496,0.04168561667110132,0.06472,0.126771,-1.4026888621644877,-0.043093442255055625,1.552573889229935,0.000870875000000001,0.04013863786907044,0.040148084303612795,0.072824,0.142654,-0.7129964460239302,-0.2108915171640568,1.8138848033017307,-4.172325625,85.27632338908846,85.3783323325153,116.825118,232.458142,-1.563716013029598,0.06902719575910365,1.3683227911387603,-0.370258157874975,-0.004763766521019848,0.05884845762655171,-0.9980570654138194
884,0,B,506,16892,2022-07-12 01:04:32.499,-0.002986125,0.03570216359493322,0.03582682553443718,0.057723,0.106652,-1.4826797210216323,0.11210431791906754,1.6111670274698477,-0.0026833124999999973,0.04877038697267886,0.04884414818007885,0.090278,0.17926799999999998,-0.5482159260334525,0.05261379480355177,1.848286915909816,1.1920930625000006,87.39351041494277,87.40164042234203,116.825118,231.266049,-1.6423724878034265,-0.024928307708098375,1.336646742961321,-0.2340775992026888,0.0656682997319428,-0.1506797165587804,-0.9568128991318231
885,0,B,506,16908,2022-07-12 01:04:34.099,-0.002456937500000001,0.03249196733515214,0.03258472775991078,0.069604,0.13306099999999998,-0.2736497206433941,0.3843520584592905,2.1360927276377093,0.006227499999999999,0.038473192449418596,0.038973943776579756,0.078874,0.130903,-1.1841135489656605,0.3007039014015669,2.0237623488182126,-0.07450575000000015,87.40516516503719,87.40519692005856,115.633024,230.073955,-1.6413001881128189,0.02275853422881021,1.3229536466322342,-0.5522668082733491,-0.1258541409149468,-0.035318398484647864,-0.9566035436276851
886,0,B,507,16930,2022-07-12 01:04:40.439,-0.0007003749999999987,0.03537143459218717,0.03537836782908448,0.066033,0.13121,-0.8309281233906636,-0.01398304564842312,1.866479548152428,-0.0033476250000000016,0.05017912011344335,0.0502906620407805,0.112145,0.19642300000000001,-0.10438924970046948,0.3573544804304077,2.2299368401446387,4.097819937500001,86.19826895000882,86.29561807078171,116.825118,231.266049,-1.5642392354638255,-0.08425043744970774,1.353778101504265,0.016059995107039125,0.08882612199917417,0.2159386325655075,-0.9971613306854533
887,0,B,509,16970,2022-07-12 01:04:58.256,0.0013146249999999998,0.042439356794246715,0.042459713187914964,0.085112,0.149341,-0.9367148032442749,0.23758711233002083,2.00453544335822,0.0032693124999999988,0.042417079795052416,0.042542884981657036,0.097866,0.158049,-0.440555280905103,0.4968469886848005,2.300408165600342,-3.725290750000001,85.94948938453896,86.0301837533491,116.825118,233.650236,-1.554665970963244,0.07466387469551145,1.3579549979219017,0.06796720119876185,0.095124820336468,0.05130696327037104,-0.9969390524659124
888,0,B,509,16986,2022-07-12 01:04:59.856,-0.0076956874999999985,0.035994109444669464,0.0368076013998807,0.067045,0.11798299999999999,-1.3600258353514048,-0.01699460403007999,1.8214987516197483,-0.0009560000000000003,0.03981138358560275,0.039822860256390424,0.082483,0.134105,-0.558947029273261,0.7993532424840838,2.071247506305473,-4.172325687500001,85.40433566374097,85.50619189162566,118.017211,234.842329,-1.557921591747962,0.06624676236630603,1.3802183021971117,-0.44042831733692267,-0.1310802878850615,0.09074729467537643,-0.9975093364411038
889,0,B,509,17002,2022-07-12 01:05:01.456,0.0032502499999999997,0.039186764169327634,0.03932132514457009,0.067556,0.133855,-0.8750749093575796,0.02350753806478567,1.7180499322345157,0.0010193749999999999,0.05125178696991331,0.05126192342275112,0.120982,0.2099,0.05137451882395805,0.42772857104916906,2.3600753136450914,-4.3213371249999994,85.09372980085479,85.20338494431302,115.633024,230.073955,-1.5652627893157964,0.06004252260505363,1.357141198974373,-0.27239972783221034,0.1503222521257885,-0.12512389373070135,-0.9979159171924519
890,0,B,510,17020,2022-07-12 01:05:04.844,0.0017333750000000005,0.049899837141361245,0.049929934264176634,0.089681,0.16186299999999998,-1.0445315653529383,0.35759231336843483,1.7961369531452331,-0.002551562499999999,0.05942040331187675,0.059475161209848776,0.097724,0.192586,-1.2980570900250665,-0.12285036955457854,1.6431060969334106,-4.395842937500001,84.86153417971337,84.97531064059623,116.825118,232.458142,-1.5683398139900637,0.06796403824910477,1.3748124851712844,-0.4477897959652333,0.0019675911772592514,-0.1733286408532639,-0.997725053828079
891,0,B,510,17036,2022-07-12 01:05:06.444,-0.0029879999999999993,0.053124232643869784,0.05320819709405685,0.082025,0.158911,-1.3231821219458608,0.23028847372340994,1.541585779630971,0.0006685000000000007,0.027318545637533487,0.027326723696777116,0.056397,0.09446,-0.6077959756105709,0.4942581527802231,2.06380393880337,-3.7252907500000005,85.44371518412508,85.52488676191231,115.633024,231.266048,-1.5613182171383249,0.07709852817972265,1.3520394867274594,-0.027918796686510646,-0.06559405655530277,0.15319742194005637,-0.9978364615582636
892,0,B,510,17052,2022-07-12 01:05:08.044,-0.0034513749999999996,0.042623887215496606,0.04276339264780099,0.084807,0.140849,-1.2085189323128775,-0.19016575612814055,1.9831681901029197,0.003624500000000001,0.04826234751853664,0.048398256045543625,0.081067,0.15640199999999999,-1.267977704563306,0.05471267165470367,1.6749983702659554,-2.9802326249999997,86.19520992958789,86.24671588706923,116.825118,231.266049,-1.5651715623474576,0.08302903888218383,1.3545456983309359,-0.37796676343153557,-0.0716690800533456,0.19848413284004168,-0.9973356513965136
893,0,B,511,17070,2022-07-12 01:05:12.740,0.000237625,0.029128130125522563,0.029129099372448848,0.053186,0.101396,-0.8719273386811612,0.07354775858012974,1.8258717621151332,0.0030738750000000002,0.023039390074053066,0.02324354109209696,0.053664,0.084695,-0.6627222589563324,0.4907730832762405,2.3087704144290777,-2.0116570000000005,87.63071647182355,87.65380330168666,118.017211,234.842329,-1.5851758342654185,0.07668142664806778,1.3464014857838926,-0.5118416907060598,-0.0063983205671906416,-0.041841521473967185,-0.9906917790451722
894,0,B,511,17086,2022-07-12 01:05:14.340,-0.0013616875,0.033098592762228485,0.03312659106650577,0.076449,0.132106,-0.06745168201770824,0.49205882310552806,2.307783491712718,-0.0029519374999999997,0.03699708017612462,0.03711465851334887,0.068679,0.131357,-0.7558321533343197,0.37359529124693,1.850454853984404,-0.4470349375000007,88.31940782198271,88.3205391642343,116.825118,233.650236,-1.6346459187468723,0.028451560154914166,1.3227400908724154,-0.629857203546109,-0.10204666814656396,0.017976637015914544,-0.958482606492233
895,0,B,512,17108,2022-07-12 01:05:20.820,-0.0025585625,0.035017717547637134,0.03511106355997352,0.060995,0.11760899999999999,-1.0246657494302487,-0.07471127006524725,1.737201719788804,0.0019750625000000037,0.06446442253820003,0.0644946714470467,0.126441,0.19994299999999998,-0.9657200500208267,0.583152724381325,1.960487543592098,-1.0430815000000004,88.03838609555282,88.04456510952434,118.017211,234.842329,-1.617586272797232,0.05411219795517318,1.3404258497181598,-0.1389454580631636,-0.028692281050261795,0.1256294770173868,-0.9820707625488578
896,0,B,514,17147,2022-07-12 01:05:45.204,-0.0009695625000000025,0.04172686522039601,0.04173812804334306,0.070686,0.130892,-1.1816456441821606,0.17314898096997514,1.6935594218934773,-0.0035525624999999993,0.037578419829352776,0.037745971138487086,0.063491,0.12072000000000001,-0.9062718368321505,0.36272809087669816,1.6820603122663442,-2.384186062500001,86.27142781089019,86.30436605242087,115.633024,231.266048,-1.5765974990757068,0.08092985339543882,1.3398282067185923,-0.2669191086347762,-0.07193201248038619,0.11375148055085361,-0.9943016436437387
897,0,B,514,17163,2022-07-12 01:05:46.804,-0.0016883125000000001,0.037697127182848345,0.037734914826159344,0.072832,0.132845,-0.9850594862897775,0.05278954736742447,1.9300957835874046,0.005059000000000001,0.04174810521748263,0.04205351079577067,0.098538,0.157697,-0.47933602689249666,0.5375904963548668,2.343157518489752,-0.9685756249999997,87.5815455227551,87.58690116048044,116.825118,231.266049,-1.63014317554257,0.05128656296744802,1.3338195147005836,-0.38857640509172015,0.050677958984225155,0.0904229275945207,-0.9704772135941692
898,0,B,514,17179,2022-07-12 01:05:48.404,0.00039643750000000096,0.03521464434537276,0.03521687577089286,0.060729,0.111466,-1.269640236532171,-0.0860648824630065,1.7244289469366614,-0.00017281250000000066,0.02791047539728307,0.027911010391286448,0.051626,0.097047,-0.8410601648510347,0.238892654846243,1.849664317996784,0.5215408125000005,87.51839401488216,87.51994798766316,116.825118,231.266049,-1.6492006883115502,-0.0023167127308211938,1.3348398929175291,-0.4148065859680223,-0.06398129971294148,-0.14106589339262915,-0.9404830850015238
899,0,B,515,17197,2022-07-12 01:05:53.230,0.0019039999999999994,0.03178508904344929,0.03184206496915676,0.055384,0.107436,-1.0547563101368254,-0.023264343831704892,1.7393344324134354,0.0007169375000000014,0.03512930306287891,0.035136618122159964,0.080194,0.135149,-0.15121668205418803,0.6496688767289376,2.282348281817801,3.4272675000000006,87.03082864714104,87.09828527315896,118.017211,233.650235,-1.5753837103077675,-0.08222716340579271,1.3549889143037963,-0.2973517064841126,-0.08963553079095826,0.04767622038405931,-0.9949159319554884
900,0,B,515,17213,2022-07-12 01:05:54.830,5.400000000000023e-05,0.049033556846306794,0.04903358658103647,0.087804,0.169981,-0.7587218306488257,-0.09567655748559234,1.7906909553697181,-0.0026436875000000006,0.030527449770081413,0.03064170806372419,0.064537,0.11899299999999999,-0.4622866799401395,-0.13560630096381,2.106181543985253,2.0861629374999993,87.91180990312189,87.93655892883483,116.825118,232.458142,-1.6274053331126448,-0.04324529091289571,1.3285159144621985,-0.31656993425685964,0.08113519485669361,-0.15477004759556467,-0.9716034093606083
901,0,B,515,17229,2022-07-12 01:05:56.430,0.0011120625000000002,0.04180128347381924,0.04181607326211417,0.082461,0.154041,-0.6393508024070806,0.013338674478130086,1.9719929100734235,0.0012185625000000026,0.05592057438788602,0.05593384963005407,0.113766,0.183299,-1.0888896657898886,0.40745192963040555,2.033938317359653,0.3725290000000001,88.14913264454925,88.14991981755955,116.825118,233.650236,-1.6474365362302277,0.003760171479935022,1.3253003320001697,-0.41238384073681394,-0.031024479202606897,-0.03507769600594002,-0.9439191351849874
902,0,B,516,17247,2022-07-12 01:06:01.096,0.0005209999999999998,0.03300638933032512,0.033010501020508606,0.057159,0.109139,-1.02833436772866,-0.23936971867098894,1.7315399110267526,0.0010796249999999994,0.03699240300026987,0.037008154099806165,0.084388,0.144708,-0.1752236182164797,0.4410587899983037,2.2802542318759422,-3.2782557499999987,85.65615669294964,85.71886688570696,116.825118,231.266049,-1.5574605893745805,0.08252843299565742,1.362886867785694,-0.45027002579835873,0.08380714324548168,-0.05626858544439074,-0.9979286020646962
903,0,B,516,17263,2022-07-12 01:06:02.696,0.001739999999999999,0.035646238625204205,0.03568868067223836,0.066458,0.126623,-0.9132984359204208,-0.10036112417896795,1.8621590585077747,-0.001472125,0.042548427679344095,0.042573886949631455,0.077633,0.148455,-0.7306383553224691,0.44517108700952324,1.8234886584785286,-2.086162750000001,86.8127992511375,86.83786149392319,116.825118,232.458142,-1.586439087519347,0.07669870999546816,1.3453246773951855,-0.2695474032870568,0.03055072149231051,-0.23110345931140835,-0.9929589993187895
904,0,B,517,17287,2022-07-12 01:06:09.221,-0.0016379375000000005,0.037483124348613124,0.03751889457576675,0.07454,0.127656,-1.1146814169947459,0.34977059169733216,1.9867323076236094,0.00015675000000000064,0.028860634473058627,0.028861060145982165,0.054299,0.098217,-0.7864692586730762,0.34174888215806287,1.8813931201885918,4.097819875000001,85.65456886280067,85.75253520917155,115.633024,230.073955,-1.561979991896924,-0.08254203686739939,1.3484502087074461,-0.4012322595604544,-0.044935060569109356,0.03201092523161274,-0.9976196549179845
905,0,B,519,17325,2022-07-12 01:06:26.758,0.0024578125,0.04643811893022093,0.04650311529416604,0.075615,0.136863,-1.5988268159333068,0.06753917251296174,1.6260200961092628,0.0034108124999999998,0.0426772888478444,0.04281336970284516,0.075,0.13247,-1.0668056860116344,0.2731653981349975,1.7517892312740773,-2.309680187500001,86.16065150450899,86.19160336279849,115.633024,231.266048,-1.5864357549173076,0.07911219951070238,1.3415810762131484,0.057738221611765214,0.17029221831861954,0.20448145114341595,-0.9918170628969672
906,0,B,519,17341,2022-07-12 01:06:28.358,0.003244500000000001,0.051653921079381764,0.05175571797516676,0.108108,0.216075,-0.19005343183312906,-0.07199983466811588,2.0888126805983442,0.0016277500000000007,0.05264390000809686,0.052669059020690696,0.107993,0.175408,-0.909216647580986,0.3953192126870461,2.050406861409384,-0.894069875,87.00390779929023,87.00850150007629,115.633024,230.073955,-1.6341243719481553,0.03902007751058715,1.328985352079631,-0.2713244596631401,0.016317480478204343,-0.12899197199084644,-0.9638326663149864
907,0,B,519,17357,2022-07-12 01:06:29.958,-0.006158875,0.046219274869737786,0.046627814775625075,0.09801,0.17691800000000002,-0.6491843030412037,0.07589409675068962,2.1019642561339853,-0.0018568750000000018,0.06436021944384104,0.06438700048631711,0.135591,0.229506,-0.754094986128595,-0.16959859699385432,2.1058753937266337,0.8195640625000005,87.415580270182,87.4194220938641,116.825118,230.073956,-1.644009976164719,-0.007478643678816649,1.3363748604350458,-0.003622501229419729,0.026542016868271373,-0.06816609066688657,-0.9457680985524889
908,0,B,520,17375,2022-07-12 01:06:33.408,-0.0022326250000000002,0.042443619141861295,0.04250229899958354,0.092029,0.167914,-0.36187948806741543,0.37391758196063846,2.1652711068853416,-0.0014519375,0.02633738708202835,0.0263773782020219,0.04814,0.087386,-0.9749142145132907,0.5286094773033345,1.82504870769567,-3.8743024375,85.00561662511903,85.09386039658754,115.633024,231.266048,-1.5556824291964053,0.07733278866413909,1.3588879792394182,-0.4261809844277959,-0.08510806990472222,0.04833188849019169,-0.9980810137875558
909,0,B,520,17391,2022-07-12 01:06:35.008,0.0017397500000000002,0.032059622809501365,0.032106792813203874,0.057527,0.112647,-1.1139875152389922,0.09042815670540025,1.7917392227461006,0.0012990624999999999,0.030139877559615166,0.030167860094602334,0.069889,0.132345,0.4699292645878632,-0.12406959912200255,2.3166707807858278,-3.203749874999999,85.65638350459984,85.71627644939231,116.825118,230.073956,-1.5592336635996609,0.08789492207765075,1.362928055664838,-0.4977252813079555,-0.02546293704962342,0.30407896712470245,-0.9977472299568926
910,0,B,520,17407,2022-07-12 01:06:36.608,0.0012188124999999985,0.04444622734161296,0.04446293544979346,0.064884,0.12908599999999998,-1.5762902998958854,0.09380028202293277,1.4592828688349995,-0.0013697500000000012,0.031684332245015046,0.03171392635538842,0.053964,0.10417799999999999,-1.1113511013425141,0.3467742350679325,1.7015868484802463,-2.0116569375000006,86.9877961544257,87.01105357044075,116.825118,232.458142,-1.5919155658500517,0.07441550884747072,1.3426468615900962,-0.37742445974359223,0.032983629006042195,-0.15478302152048534,-0.9901982328569625
911,0,B,521,17425,2022-07-12 01:06:41.133,0.0043424375,0.023585306768645044,0.023981731772590987,0.037036,0.07294400000000001,-1.1548438769168339,-0.2257524218230077,1.5443421830915853,0.0016716249999999995,0.05391660279992032,0.05394251002340362,0.085904,0.167563,-1.4183929229806331,0.031659219510140085,1.5925102477198316,-4.2468313124999995,84.72352965456328,84.82990070325731,118.017211,233.650235,-1.5559499175046212,0.0679376064696835,1.3912218453825016,-0.4055872884659758,0.23875259723685077,0.08021706230681433,-0.9978781685805009
912,0,B,521,17441,2022-07-12 01:06:42.733,-0.0006153125000000013,0.03191630753572292,0.03192223827032653,0.062479,0.124761,-0.584432369578229,0.028483605804384138,1.9572249123294607,0.0014331249999999995,0.03284560922306626,0.0328768595291582,0.066546,0.13119799999999998,-0.1861647692151509,-0.04548702278660577,2.024098437412519,-3.7252906875000007,85.29806257457608,85.37937262408686,116.825118,232.458142,-1.5525357503933594,0.07856129639144016,1.3683061190243722,-0.03262162679641329,-0.029311950464041402,-0.09529115222233848,-0.9980671233630338
913,0,B,522,17464,2022-07-12 01:06:49.173,0.0007905625000000005,0.05091437672574509,0.05092051400405832,0.080893,0.159979,-1.4439973644598434,0.02583030365470447,1.5886131862995905,0.003360812500000001,0.05384778030153465,0.05395255790101614,0.087243,0.168096,-1.385656349313713,-0.05245151375175083,1.6170317663169935,-0.8940697499999994,87.18441099397484,87.18899518336121,116.825118,231.266049,-1.625104040689378,0.050039818259143845,1.3399066906816977,-0.06257125873931137,0.01554645962543965,0.11030480504344671,-0.9762093182562563
914,0,B,524,17500,2022-07-12 01:07:07.819,-0.0019188749999999987,0.04164588048186009,0.041690064072570095,0.081729,0.15999,-0.19366837541096604,0.1436681882361387,1.9603951641267314,0.0009323750000000003,0.02985546353867873,0.02987001885252167,0.061934,0.10866200000000001,-0.6510290639059888,0.18507979745232905,2.0734503150396053,5.289912875000001,84.78640591704908,84.951267245143,118.017211,233.650235,-1.5612478754977994,-0.06266295766532362,1.3892342613258368,-0.259177497089063,0.1471857865187847,0.007975043969632011,-0.9977049494394961
915,0,B,524,17516,2022-07-12 01:07:09.419,-0.0034231875000000017,0.035510574333955,0.03567518888790219,0.091799,0.129382,0.16568689689967098,-0.8476372560382339,2.5731888985493208,0.0003000625000000017,0.03139565419661762,0.031397088080544984,0.057609,0.100216,-1.2283727559899122,0.4502579816257512,1.8348516859975008,5.513430375,84.67729245468767,84.8565953356407,116.825118,230.073956,-1.5610360523409035,-0.06294924629776247,1.3767358628744344,-0.4959726063840844,-5.520822617240421e-05,-0.12851804093487565,-0.9978080231597211
916,0,B,524,17532,2022-07-12 01:07:11.019,0.0037201249999999995,0.03814500942763516,0.038325984321997526,0.073039,0.141814,-0.5057513268981753,0.04483005098748016,1.9057305713627464,-0.0027099999999999997,0.036295191745946184,0.036396222934186456,0.089409,0.156811,0.6807982407417623,0.6827565482103957,2.4565461136358575,5.513430187500001,84.73915490237417,84.91832715027422,116.825118,233.650236,-1.5538322317361013,-0.0713681504556103,1.3757350376587434,-0.08283368360077466,-0.21445902403674494,0.24268072470911412,-0.9977209986795248
917,0,B,525,17550,2022-07-12 01:07:14.504,0.003062937499999998,0.03439345724928789,0.03452957410231843,0.069502,0.124943,-0.7079869689228437,0.09489208190080065,2.012825289824047,-0.001865687500000001,0.04747635590443778,0.047512999903315936,0.082175,0.14976099999999998,-1.1835261533274988,0.5334215111596544,1.7295266593820147,2.831221062500001,87.19803542650298,87.24398658329648,116.825118,231.266049,-1.6050676294908004,-0.0685450245007882,1.33906212422401,-0.22872042415200292,-0.07592828151191264,0.06096040475454599,-0.9837054655451423
918,0,B,525,17566,2022-07-12 01:07:16.104,0.0006977500000000005,0.038065190802260535,0.03807158528187394,0.064966,0.125215,-1.2493820997268896,-0.19383341566640883,1.706416991018512,0.0020909375000000008,0.04959917219000327,0.04964322613975143,0.088078,0.16245300000000001,-1.0035212487179432,-0.016174476137999022,1.7742199056936838,3.725290875,86.35876389419141,86.43907619494817,116.825118,232.458142,-1.5731141394760444,-0.08491873848030142,1.351531311331017,-0.34130752449078805,0.004968112022408032,0.07518871650989277,-0.9935542402982105
919,0,B,525,17582,2022-07-12 01:07:17.704,-0.0018212500000000008,0.02943983723099535,0.029496117842014394,0.050411,0.099693,-1.143677552004575,0.12406237165882489,1.7090723691168048,-0.0011568749999999995,0.03380483689850278,0.03382462649461188,0.058038,0.106301,-1.1762101607117783,0.24143027159616232,1.7158504325020472,4.246831374999999,85.92788249286113,86.03276449373595,115.633024,231.266048,-1.5636182992266456,-0.08129147096345489,1.344057983960509,-0.09540061637684527,0.016013069219444013,-0.05604406981482345,-0.9957461580815502
920,0,B,526,17600,2022-07-12 01:07:21.267,-0.0006847499999999987,0.046365232281985816,0.046370288408904684,0.085018,0.165621,-0.6684800766568637,-0.2271661584637241,1.8334585122760123,0.004706062500000002,0.06441176879797351,0.0645834575099344,0.102651,0.181561,-1.5854858212761929,0.11121848285412203,1.5894317826544044,5.0663955625,85.09020715828618,85.24090402052161,116.825118,231.266049,-1.5538029365576993,-0.07303886542427465,1.370528848120552,-0.2196031532905162,0.050170799074331696,-0.08328108912954099,-0.9981429509514305
921,0,B,526,17616,2022-07-12 01:07:22.867,-0.001943499999999999,0.04588230569620494,0.045923449002116555,0.089902,0.175522,-0.6700471993181134,0.18436217922038994,1.9576491303137211,-0.00037512500000000024,0.0354685317744388,0.03547051543183437,0.087325,0.139487,0.030475509478051777,0.7136363299229926,2.461903892200756,4.395842999999998,86.02369856573296,86.13593994732243,116.825118,232.458142,-1.5541296302826277,-0.07811967212359619,1.3562877246297649,-0.09377217093187111,-0.026338525067034296,0.10332325629064895,-0.9983701233404001
922,0,B,526,17632,2022-07-12 01:07:24.467,0.0036500624999999992,0.04280789615606674,0.04296322764367803,0.076743,0.12861,-1.3335938250605857,0.33728091966472,1.7862484782679642,-8.70625000000012e-05,0.04395616911405717,0.04395625533484967,0.069839,0.122831,-1.4832231835662173,-0.4287985201592579,1.5888296095284034,3.203750062500001,87.01740121889037,87.076358039093,118.017211,233.650235,-1.5845171037916623,-0.07782394620076592,1.355330122408382,-0.22749569999088531,-0.0061993249247578016,-0.13034286648652907,-0.99301344629089
923,0,B,527,17649,2022-07-12 01:07:29.260,-0.0009314375000000004,0.03809663629831502,0.03810802111186699,0.068929,0.13678400000000002,-0.6229412332792723,0.07592474412207523,1.8087793065312239,0.0027213750000000007,0.05157124664829594,0.051642999164940064,0.113394,0.190871,-0.6814972116427507,0.22454080171412677,2.1957284014012513,0.0745058124999991,87.71555984119279,87.71559148389737,115.633024,231.266048,-1.6448386231295546,0.0201177067457911,1.3182721799376758,-0.3759575374669671,-0.06146345274395518,-0.1560587472018249,-0.955144493885326
924,0,B,527,17665,2022-07-12 01:07:30.860,-0.0014056249999999998,0.03293429299164284,0.03296427515508266,0.06865,0.137295,0.0013424165978164204,0.050977677294521184,2.0825575468300586,-0.0047163749999999975,0.03790895787092247,0.03820122092289722,0.077711,0.13697700000000002,-0.45630619307621423,0.775910413384719,2.034254354248171,1.4901162500000007,87.75608481550177,87.76873514289728,116.825118,231.266049,-1.6430322761695493,-0.02410618229036148,1.3310561877164537,-0.09066840035301353,0.0030471829812182896,0.05997647228383437,-0.9498844638633682
925,0,B,528,17685,2022-07-12 01:07:37.255,-0.002828749999999998,0.043247757912260605,0.04334017063879652,0.091237,0.156426,-0.7641796062698623,-0.10535856981377689,2.105137073879631,-0.0020341875000000013,0.04812023136532433,0.04816320779845857,0.102438,0.17241099999999998,-0.5703816845703762,0.6588311363914068,2.126893217508624,5.289912999999999,85.38142062115499,85.54513526106646,116.825118,232.458142,-1.5482089862852897,-0.09051280739747433,1.365654723012283,-0.30669711536191147,0.1453489670522359,0.19518915274067442,-0.9949667292565799
926,0,B,531,17722,2022-07-12 01:07:54.616,-0.0016456250000000004,0.040134551135640906,0.04016827450239803,0.071225,0.141167,-0.8618736344512623,0.11654820202778235,1.773165536292775,-0.002881687499999999,0.04263316154667448,0.04273044097961663,0.074953,0.142177,-1.2199946290811634,-0.051130286641378975,1.7540890822014743,5.438924437500001,83.64103192966913,83.81768382207161,115.633024,228.881862,-1.5692050661887524,-0.06435708168981259,1.3795778972545467,-0.07672786210755164,0.15580301479622993,0.05427722151758869,-0.9975846386493237
927,0,B,531,17738,2022-07-12 01:07:56.216,0.0015016250000000004,0.034518069345769835,0.03455071618649894,0.055183,0.11032,-1.2629674862801599,0.08513573439919553,1.597159367178714,0.0013921249999999993,0.04534074505739154,0.045362111661330314,0.105008,0.159025,-0.3057379624136418,0.8582784157626759,2.3148834160098377,5.2154071250000005,83.62394032677088,83.78641815506161,115.633024,228.881862,-1.5690661142901279,-0.0614979805987466,1.3800926993441898,-0.13974812362501715,-0.05552891865365377,-0.192216917735011,-0.9978556005091286
928,0,B,531,17754,2022-07-12 01:07:57.816,0.00032850000000000153,0.037915722800706306,0.037917145828107894,0.064095,0.115769,-1.4075892335637055,-0.06450787743781768,1.690396220500503,0.0025274375,0.04308708547083562,0.0431611500621508,0.068856,0.137556,-1.2215400126218146,-0.03625608385870305,1.5953235699430939,4.991889499999999,83.83539800344815,83.9838848778548,114.440931,228.881862,-1.5598534789267666,-0.0659636077198276,1.362653456272493,0.009240436040866863,-0.0615374444305406,0.041713537291002356,-0.998130060462154
929,0,B,532,17772,2022-07-12 01:08:01.324,0.003755374999999999,0.022108554825776717,0.022425232169924127,0.03969,0.075919,-0.46137595192503644,-0.4976810435679856,1.769881341662573,-0.0018287499999999992,0.04454279331370564,0.0445803181095649,0.112495,0.168812,0.5062284945021327,1.1000472958037695,2.5234229985421237,-4.023313937499999,84.12376268124133,84.21991749396038,115.633024,228.881862,-1.561049792420345,0.07220937771412658,1.372989043931233,-0.2325372252428992,0.019003600791453478,0.09029503069179626,-0.9974763580724779
930,0,B,532,17788,2022-07-12 01:08:02.924,0.0022352499999999994,0.02157664644789593,0.021692118718557668,0.039168,0.076078,-0.9725284471697724,-0.07196875818196402,1.805632751147156,0.0009501875000000014,0.048131382687414494,0.048140760854887825,0.116492,0.177804,-0.18899137796543553,0.7265486237527174,2.4198204999531563,-4.470348812500001,83.6660158930645,83.78535811180818,114.440931,228.881862,-1.570187037189965,0.06876531640246517,1.3658822207011778,-0.16989635317999763,0.1864160425187447,-0.0508474402653555,-0.9974238797136674
931,0,B,532,17804,2022-07-12 01:08:04.524,-0.003448374999999999,0.024023443773413814,0.024269675335179087,0.048114,0.078462,-0.8837970372446904,-0.48703081065204024,1.9824739859728726,0.00014675000000000018,0.021373373003868622,0.02137387679212641,0.039914,0.06290899999999999,-0.8815201146557179,0.6755257695497792,1.8674197661092207,-4.097819875,83.9240785273722,84.02406253208946,114.440931,228.881862,-1.5705897226833174,0.06692912433903422,1.3620018784058925,-0.3557511586103934,-0.2964501795340237,0.048703039407863864,-0.9975278816977743
932,0,B,533,17822,2022-07-12 01:08:09.198,-1.2437499999999428e-05,0.036285158165854724,0.03628516029746183,0.065117,0.12506699999999998,-0.7945186651901608,-0.2244550811719771,1.794590390842368,0.0010194999999999996,0.04325198298777757,0.043263996725048416,0.080499,0.141632,-0.9677869143391744,0.23493349322494184,1.8606464056381031,-4.0978198125,85.31377769977043,85.41213492602537,116.825118,232.458142,-1.5581020811917243,0.07226862483163632,1.3677812655213584,0.2122020956641944,0.020477676361258003,-0.046393107618618916,-0.9979738792995784
933,0,B,533,17838,2022-07-12 01:08:10.798,-0.0010868124999999975,0.04138377512718413,0.041398043494681,0.098859,0.176634,0.48338809897293533,-0.1881422543043607,2.3880114047588226,-0.0023616875,0.03907085968902967,0.03914217220195501,0.069339,0.123285,-1.0973140182607484,0.37683461518890254,1.771465304537615,-3.6507848124999986,85.92943301664789,86.00695139527826,116.825118,232.458142,-1.5540122175882438,0.08650847993274413,1.3583218112578472,-0.46049391884376045,-0.09174087862905514,-0.007243664658958032,-0.9975229523339502
934,0,B,534,17860,2022-07-12 01:08:17.218,0.0028593125000000003,0.02727099272743557,0.02742047979727014,0.057683,0.102486,-0.6328158694412114,0.4286170016812712,2.1036466329718513,-0.002349437499999999,0.043911551011619865,0.04397435808300674,0.08031,0.15764,-0.7747552461735063,0.013822414837287932,1.8262915822081018,-2.0861626875000003,87.16301490929045,87.18797648091109,116.825118,232.458142,-1.5913838235219382,0.08243297070335756,1.3399223461227783,-0.5146472751417814,-0.011216054070686828,-0.08537793066222774,-0.9925179576074139
935,0,B,536,17895,2022-07-12 01:08:34.704,-0.003926562500000002,0.02864320250288179,0.028911086847220047,0.055322,0.09861400000000001,-1.0697302203326053,-0.09847134785064848,1.9135219748862367,-0.005532375000000001,0.032047789340442424,0.03252180767961707,0.062789,0.122615,-0.7260097334431226,0.27124914695867564,1.9306737380208046,-4.246831374999999,85.15747369912225,85.2633033816095,116.825118,233.650236,-1.5585891093123823,0.06366636794466732,1.3701687990803098,-0.20902618628808312,-0.1469450664312182,-0.40495529820782555,-0.9976384553119287
936,0,B,536,17911,2022-07-12 01:08:36.304,-0.0050306875000000004,0.028428278269002568,0.02886996401214418,0.060681,0.110274,-0.245271600997242,-0.3535479032175599,2.1018730738449993,-0.0009016874999999997,0.044698099714527505,0.04470719358713428,0.080682,0.156925,-0.8243422300611143,0.11555711730064888,1.8046760157904087,-4.3213374375,85.18970220325116,85.29923398675604,116.825118,232.458142,-1.5620977131457745,0.06731675120077356,1.3695916427354884,-0.1707897527971165,-0.2961988712606303,0.11157427553176218,-0.99752923749774
937,0,B,536,17927,2022-07-12 01:08:37.904,0.0025127499999999994,0.03141273016529286,0.03151306917772371,0.084868,0.137227,1.0588859709829208,0.8232020448530526,2.6931048677414253,0.004571312500000001,0.038544030388503014,0.038814162061836396,0.096338,0.15143,0.34783519475727065,0.6979750540824708,2.4820321986217317,-4.1723254375,85.31172801352693,85.41369466432421,118.017211,233.650235,-1.5537322130488875,0.06722445841157675,1.3817129848299807,-0.26861501082922057,0.14921721016913192,0.21237858691740713,-0.9981055384789669
938,0,B,537,17945,2022-07-12 01:08:41.601,6.93125000000008e-05,0.03166378444832272,0.0316638603112839,0.068989,0.125635,-0.24546348705453536,-0.28995338616871746,2.178793088454054,-0.00779925,0.03508302945068313,0.03593949437596473,0.067578,0.12285399999999999,-0.7150409537111058,0.39832358006778856,1.880326954326719,-3.9488081875,85.6014097493839,85.6924409570855,116.825118,232.458142,-1.5610177629036879,0.06794912722405227,1.363307156327892,-0.6905456010428076,0.04938321454200164,-0.3747968380021305,-0.9982211528932224
939,0,B,537,17961,2022-07-12 01:08:43.201,-0.002808624999999999,0.02942926421921511,0.029562983051021764,0.062936,0.102384,-0.4849433101845202,0.6623315766248583,2.1288785333801012,0.0018866249999999994,0.052002688540924255,0.052036900074610516,0.08837,0.170764,-1.2260686419124427,-0.072683536582279,1.6982179928722712,-3.576279,86.10964198626894,86.18387444579903,118.017211,233.650235,-1.5552712228967471,0.08400660858516035,1.3693653454187757,-0.1065240075293953,-0.27778661886741285,0.12318125298430493,-0.997638124398456
940,0,B,537,17977,2022-07-12 01:08:44.801,-0.0006204999999999995,0.04649862593399939,0.046502765874730505,0.077981,0.154336,-1.1302014869368993,0.051930433196796355,1.6769110080476888,0.005737499999999998,0.05372567327986686,0.05403116578073251,0.102921,0.20069199999999998,-0.33689212081633313,-0.026727523664907438,1.904845074371902,-2.533197687500001,87.54873917801913,87.58538018519288,116.825118,233.650236,-1.5804519175833347,0.07904775968783812,1.3338426773164864,0.060531991008205666,0.021080906498346947,0.11382648276734401,-0.9941663284619379
941,0,B,538,17995,2022-07-12 01:08:49.676,-0.004906062500000001,0.04264891299386883,0.04293016688544898,0.072437,0.137022,-1.2401429996589082,0.3062653751450572,1.687321649442557,0.0016849999999999981,0.04986826854573958,0.04989672767577048,0.112259,0.19817200000000001,-0.16571857572890014,0.005097087004485246,2.24982689705546,0.8195639374999999,88.61742402984049,88.62121375117925,118.017211,234.842329,-1.6415072466258933,-0.005572580984607597,1.3317038438601794,-0.0021144509784713173,0.027044154403078263,0.06391777105960614,-0.941890010818783
942,0,B,538,18011,2022-07-12 01:08:51.276,-0.002196874999999999,0.032161624729394114,0.03223656875351345,0.055344,0.107482,-1.0818488589904658,0.09833816610752483,1.7168080270319734,-0.003021687500000001,0.03616918661256904,0.036295187774173315,0.072743,0.125272,-1.084406627070944,-0.18134888009503208,2.004205087809519,-0.7450580624999992,88.34856658525817,88.35170812828856,118.017211,233.650235,-1.625606560995493,0.03890129306056753,1.3357660366751087,-0.5219689716722032,0.14116090394385294,-0.05542381497924165,-0.9698815550752592
943,0,B,539,18030,2022-07-12 01:08:57.709,-0.003089375,0.029634659230947383,0.0297952557569993,0.046916,0.08281,-1.467621917915047,-0.18765134528171162,1.5746130988984315,0.0014512499999999994,0.04958102857255484,0.04960226326363546,0.084493,0.147082,-1.1875933201979927,0.39367880680078504,1.703410176082504,-4.246831375000001,84.734012318445,84.84037022732794,116.825118,232.458142,-1.5636170567118208,0.070463011991915,1.3769991536690567,-0.22215163331264448,-0.3196378561621962,-0.13401760516243913,-0.997099095822854
944,0,B,542,18071,2022-07-12 01:09:23.128,0.00016837500000000034,0.023644156841265772,0.02364475635051036,0.04168,0.077429,-0.9417685703508014,-0.32529067959921065,1.7627587014277,-0.002357874999999999,0.03595856156201712,0.0360357839393706,0.079801,0.144289,-0.2420583860463843,0.43862391988223737,2.2144932418915433,5.215406937499999,84.50404690326536,84.66483574987313,115.633024,228.881862,-1.5696542504093527,-0.06546911047077815,1.3657739128156672,-0.6719626124963037,-0.06071240507313397,0.09115632737610153,-0.9975198139338297
945,0,B,542,18087,2022-07-12 01:09:24.728,0.0015777500000000002,0.03387949170866499,0.033916209303222554,0.064995,0.119039,-0.8449177331625624,0.007464457033731886,1.9163403380054176,0.007032750000000001,0.04819958225635882,0.0487099507518741,0.107401,0.162988,-0.9978419701039849,0.34050688664034146,2.2049088192902304,5.215407062500001,84.61328548831922,84.77386715229751,116.825118,232.458142,-1.5635663885645268,-0.06649212007380928,1.3780793766329185,-0.24195851411402625,0.028957074947298465,-0.3305391926858603,-0.997631474513563
946,0,B,542,18103,2022-07-12 01:09:26.328,-0.0020227500000000002,0.024800686524015823,0.024883037789325484,0.039444,0.072979,-1.3488414346032438,0.02646068680994622,1.585176228640419,-0.00040649999999999974,0.03245765015947704,0.032460195565107125,0.074808,0.145844,0.5644451340008301,0.024425056990542426,2.304607187284305,4.9918896875000005,85.00636761780314,85.1528126266259,116.825118,231.266049,-1.5593871519686693,-0.07051724866132367,1.3719466732384913,-0.33359124852408534,-0.016949312846516257,0.026949604058526696,-0.9981486897838364
947,0,B,543,18121,2022-07-12 01:09:29.681,0.0002994999999999994,0.03882530847591555,0.03882646363628807,0.089697,0.17241,0.5133472358936402,0.12977790296204816,2.3102026710505563,0.0007493750000000005,0.03141874093768518,0.03142767641745091,0.055521,0.093755,-1.4602871796580952,0.22615455623317438,1.7666275820878297,2.3096803124999994,87.41431013364604,87.44481825292567,115.633024,231.266048,-1.6221767430019178,-0.05168289483167668,1.3223542150381362,-0.45169688707818134,-0.051795493884445785,0.007681945543164773,-0.9775557914668896
948,0,B,543,18137,2022-07-12 01:09:31.281,0.0033038749999999995,0.03312939639858196,0.03329373057724232,0.064709,0.11265900000000001,-0.9903533864498448,0.029480648936100473,1.9435791327100893,-0.005406249999999999,0.04646314002585813,0.04677660654777129,0.084408,0.159956,-0.9630356167095893,0.03315998104614312,1.8044917369924451,0.8195640000000006,87.66922273135114,87.67305343986459,116.825118,232.458142,-1.6476463519072624,-0.0016344294794449488,1.3325088315776634,-0.5257470520952499,0.01876613722372261,0.18885791386679462,-0.9488286126737997
949,0,B,543,18153,2022-07-12 01:09:32.881,-0.0029730625,0.03333166292819177,0.03346399339868898,0.056476,0.10957,-1.37845790394897,-0.05846097224884361,1.6876646886444986,-0.00022337500000000048,0.048033709759234454,0.04803422914573523,0.083132,0.15354099999999998,-1.0777616426879542,0.24051887343227046,1.730682504506913,-0.8195638749999992,87.61551192125992,87.61934497683514,116.825118,231.266049,-1.63166847055199,0.041963064205324495,1.333325626103303,-0.1610388212855441,-0.012596510614268148,-0.03935341354994606,-0.9690116508513517
950,0,B,544,18171,2022-07-12 01:09:37.774,-0.0030775625000000004,0.03819663298965098,0.03832041443783587,0.063444,0.126078,-1.114242754449545,0.1917853907151967,1.6556188373933196,-0.0031625000000000004,0.03680876893995506,0.036944375446405914,0.074368,0.145764,-0.45227790632736253,-0.007876164127671559,2.0129721805118455,-4.172325500000001,84.48210350296081,84.58507026871193,116.825118,232.458142,-1.5654729687809041,0.06742438807142989,1.3811552987881561,-0.471776059777268,-0.13580490653627217,-0.09554911947409839,-0.997704496133534
951,0,B,544,18187,2022-07-12 01:09:39.374,0.00021487500000000066,0.03892402331285109,0.03892461640305528,0.08987,0.16068300000000002,-0.08506431396434344,0.18140342432780066,2.3088217252911942,0.0066785625,0.04470807042913051,0.045204145369230245,0.088537,0.146003,-0.9979955294869778,0.2639255597394756,1.9586035589617796,-3.9488081250000002,84.79766629008385,84.88955939249827,115.633024,231.266048,-1.5560517201627808,0.07360456059614487,1.362158371742221,-0.30221206407715506,-0.03118988855144174,0.35427114033765045,-0.9980608013676802
952,0,B,545,18207,2022-07-12 01:09:45.835,0.00153775,0.028097914525592467,0.028139962255660546,0.049617,0.083776,-1.225545617932839,0.2309979777898434,1.7632219812242003,-0.003013812500000001,0.05271668106398907,0.05280276061142542,0.105989,0.180483,-0.9224350663482208,0.30974654671754953,2.0072624759143025,4.768372187500001,85.74891011054089,85.88138889459198,116.825118,232.458142,-1.5582440247518274,-0.07794875529494476,1.360307739589393,-0.22546073162651648,-0.08206184155444958,0.11582466758309405,-0.998374508549856
953,0,B,548,18244,2022-07-12 01:10:11.168,0.0006416250000000007,0.034440615601123846,0.034446591785327614,0.081247,0.135093,-0.005278599746314061,-0.5286254485477246,2.358636828465765,-0.004849625000000001,0.037602327938032976,0.03791376964903385,0.066703,0.127668,-1.1670376955293202,0.1614156673976276,1.7593344217013194,-3.7997964374999995,84.80552147020123,84.89060563336322,116.825118,231.266049,-1.5519903577311616,0.07689496827389601,1.3761842918704077,-0.44227349907916885,0.10848359031530547,-0.3263856404757771,-0.9970489250900015
954,0,B,548,18260,2022-07-12 01:10:12.768,-0.0013026249999999997,0.0220856868012832,0.022124068192242583,0.044405,0.073728,-1.020689255026976,-0.3229007834591924,2.0070901795344236,-0.0028401249999999993,0.03785482072813679,0.037961213921251256,0.077159,0.14611600000000002,-0.3179831618198192,-0.2077325171344213,2.0325746210345828,-4.246831375000001,84.6595576846737,84.76600901359151,116.825118,232.458142,-1.5631220764161309,0.06970687710366745,1.378207129950734,-0.4761256085189832,-0.2057560963648734,-0.15405812165199065,-0.997302901784151
955,0,B,548,18276,2022-07-12 01:10:14.368,-0.0012131249999999998,0.03130440247767676,0.03132789949469961,0.056219,0.102974,-1.2215881244281792,0.18766975316358628,1.7945346131333106,0.004888687500000001,0.03926387339004958,0.039567044608644956,0.07527,0.133015,-0.8508151159631416,0.23938004567566476,1.9023407167376447,-4.2468315,84.51150248955516,84.61814008137662,115.633024,230.073955,-1.565266823379972,0.06478903924317594,1.3665276013960672,-0.35335351868586234,0.019815476405976105,0.1450484618892653,-0.9975132722750887
956,0,B,549,18294,2022-07-12 01:10:18.055,0.0006564999999999991,0.04520037892540283,0.04520514624741303,0.076254,0.142677,-1.3405276415254375,-0.1095876263718047,1.68684334262858,-0.0012745625000000005,0.0656650456635499,0.06567741416622994,0.147532,0.2318,0.3067906252993158,1.1186549368374081,2.2463125546720764,5.140901124999999,84.51018874431401,84.66640931311902,115.633024,231.266048,-1.5587617427624008,-0.06818345977002044,1.3657485292940459,-0.007077463553906787,0.00877483750979868,-0.037921837276032634,-0.9979903042512452
957,0,B,549,18310,2022-07-12 01:10:19.655,-0.0004618749999999996,0.04338789006721086,0.043390348385326426,0.095986,0.16009299999999999,-0.4596756744266237,0.5419366543318848,2.2121509407483844,0.0034413125000000017,0.051770984282606056,0.05188523340327669,0.08778,0.149148,-1.3686790496671772,0.38179465039953586,1.6918108340716542,4.991889625,85.07843089302884,85.22475206914987,116.825118,232.458142,-1.5519993338588338,-0.07636567341733794,1.3707885932623207,0.28168359047508174,-0.03973844829533055,-0.03424920817283506,-0.9985102706463225
958,0,B,549,18326,2022-07-12 01:10:21.255,0.0002937500000000006,0.05586148840603426,0.05586226074909608,0.085724,0.16882399999999997,-1.5168944113418477,-0.06249180570795099,1.5345601637038493,-0.001148249999999999,0.04073860703389968,0.0407547859904208,0.090046,0.160319,-0.4354870424234809,-0.3757272053426012,2.2094582957978197,3.9488083125,86.1062575071378,86.19675555944315,116.825118,231.266049,-1.5640148079604506,-0.08568286912945834,1.3553308038309502,-0.21190457616997627,0.05202072842539173,0.010435811591391713,-0.9970290174107931
959,0,B,550,18343,2022-07-12 01:10:26.247,-0.0031134374999999995,0.02115188862421258,0.021379800874598905,0.046835,0.087727,-0.13707927047698654,-0.03658169765944802,2.190619092979679,0.00031368749999999886,0.043033328413450006,0.043034471696391255,0.088221,0.138169,-0.9079439928143715,0.6582715051604993,2.050007738503223,3.0547382499999998,84.58713747846274,84.6422781627265,113.248838,226.497676,-1.5889675194206887,-0.07265001908898945,1.3379701073531696,-0.5284677858293231,0.14126227477490724,-0.02939485829886623,-0.9925325370519593
960,0,B,550,18359,2022-07-12 01:10:27.847,0.0006160625000000003,0.036732700168699735,0.036737865951732965,0.092123,0.168448,0.9359912702885786,-0.4312986766332372,2.5075762462913134,0.0036091250000000012,0.039236040628921456,0.03940168356174645,0.092785,0.169004,0.2683614782378685,0.31797415570845516,2.3548486159124766,2.9802326250000006,84.92773980311273,84.9800139713117,115.633024,230.073955,-1.564382460512061,-0.06915676393817546,1.3607084606862552,-0.012261357741654856,0.03743102433444854,-0.11155837413575011,-0.9970497010720736
961,0,B,551,18389,2022-07-12 01:10:34.272,-0.001685312500000001,0.04219251170041722,0.0422261568439812,0.06434,0.126726,-1.4241477792279165,-0.0467172352910461,1.5237001140720872,0.0027284375,0.040328189759101435,0.040420381745321254,0.079714,0.138158,-0.8814355453223062,0.359499483555935,1.97212387805385,-4.246831312500001,84.25889567546882,84.36585255093657,116.825118,232.458142,-1.5618385201622629,0.07103276343937343,1.3847441170521675,-0.22762513058267161,0.021990204412410532,0.03227819082415076,-0.9975052777785888
962,0,B,551,18405,2022-07-12 01:10:35.872,-0.0006840624999999993,0.04138362930022684,0.04138928261715223,0.088498,0.162931,-0.4165985098811942,-0.18038564489330666,2.1381863710613174,-0.001689500000000001,0.027813584677725378,0.027864850670244044,0.05204,0.099295,-0.7600431117879207,0.10654675309972783,1.8675858204247189,-4.0978199375,84.59868686259038,84.69787451356022,115.633024,230.073955,-1.559376365022808,0.07475128491883963,1.3652411546819516,-0.6305861357623784,-0.1581507959990673,-0.02883901582212018,-0.9977815741463202
963,0,B,552,18434,2022-07-12 01:10:42.242,0.0026566875,0.025962434062792413,0.026098007029991772,0.045377,0.082811,-1.1032558753593658,-0.45078616442460384,1.7387151420356677,0.0004171875000000009,0.034595753218817825,0.03459826854320169,0.060705,0.118244,-1.0030108250199588,0.27883733811625844,1.7545675710389874,1.1175872500000006,87.87236761120056,87.87947422953401,116.825118,231.266049,-1.6451009842183937,-0.01549107712037473,1.3293788910805535,-0.5656259460559225,0.1003987862953023,-0.22497075733445246,-0.9508575416137444
964,0,B,553,18465,2022-07-12 01:10:50.426,0.005692187500000001,0.048623159506580235,0.04895521053920103,0.10891,0.17517,-0.5125366930740847,0.34933717563844136,2.224686581886723,-0.0027290625,0.05339276900066706,0.053462468739177205,0.087547,0.159195,-1.3392252052468403,0.4045251198295932,1.6375412895185986,-4.246831374999999,84.42948809587695,84.53622913792353,114.440931,228.881862,-1.5662152302105277,0.06453799643390333,1.3537501278095339,0.052437872634015656,0.2036454668802639,-0.16330462888289948,-0.9976430291593124
965,0,B,555,18485,2022-07-12 01:11:00.537,0.0006241249999999997,0.043890970754067116,0.04389540802578328,0.083436,0.15317799999999998,-0.9583862756751369,0.1433416349426298,1.9007910793537075,0.0034002500000000005,0.04855773459308517,0.048676640073807474,0.090506,0.157186,-1.056578104550288,0.38541155565799023,1.859331290384206,3.799796624999999,86.17791635169249,86.26164687223788,116.825118,232.458142,-1.563028011544455,-0.08623952219227382,1.35431124069576,-0.0888329348977344,0.07111615256886564,-0.015854533673714997,-0.9941476022987131
966,0,B,555,18501,2022-07-12 01:11:02.137,0.0017942500000000011,0.029512238574657464,0.02956673060637581,0.061627,0.10561999999999999,-0.8016194404120482,0.3033920283418897,2.0843359660033114,-0.0006704375000000009,0.04306657162749426,0.04307178981871429,0.079471,0.139486,-1.038002084272816,0.3654506691219379,1.8450823690978961,4.619360562499999,85.46034538584033,85.5850987349638,115.633024,231.266048,-1.549230441247494,-0.0837873128032036,1.3510882818291454,-0.4715456619882709,-0.2210800913915811,-0.13099702976550215,-0.9952861597710478
967,0,B,555,18517,2022-07-12 01:11:03.737,0.0014458125000000007,0.02541619065974175,0.025457280322876204,0.043893,0.086898,-1.2295696409933932,0.07152781415511078,1.7241826087980516,-0.005226749999999999,0.045124109086080576,0.04542580914386666,0.094314,0.184763,-0.1396337755603705,-0.11551555668821167,2.076220584234418,5.066395375000001,84.9826268577986,85.13351413954233,116.825118,231.266049,-1.5534337341254145,-0.0722559039414335,1.3722576729125968,-0.16680390307453247,-0.05990253184561078,0.33737314346732344,-0.9969926001348429
968,0,B,556,18535,2022-07-12 01:11:07.348,-0.0001238124999999998,0.0380273113600915,0.0380275129191024,0.078508,0.135184,-0.6947541734724734,-0.3874233481269789,2.0645052482662622,0.004224624999999999,0.04002037105162039,0.04024273295267109,0.089719,0.14975,-0.06058285826660903,0.5448387421171645,2.2294459997415492,-4.246831375000001,84.55037902073013,84.65696763572863,116.825118,232.458142,-1.5634522606853363,0.0681143100420959,1.3799823128875588,-0.4666077366329718,0.010286919616933668,0.1454386309028665,-0.9974820691733174
969,0,B,556,18551,2022-07-12 01:11:08.948,-0.0034851874999999987,0.03764166761917362,0.037802667538977985,0.065156,0.11976500000000001,-1.3571668650807651,0.07414550464660292,1.7235820708371505,-0.0037481875000000002,0.03779828467374338,0.037983670620577205,0.07236,0.136035,-0.9752706155298836,0.13195909108462353,1.9050291564185957,-4.1723256875,84.91414323047377,85.01658674757525,115.633024,231.266048,-1.5569859344315002,0.07205526749081047,1.3601231056632366,-0.1685667528510337,-0.035142459539908,-0.2398570431317727,-0.9981199872725565
970,0,B,556,18567,2022-07-12 01:11:10.548,0.0006508750000000004,0.03297093519274779,0.032977358986886744,0.077259,0.146525,0.5915352764203381,0.23081005800005527,2.3427891854748464,0.0015338749999999996,0.0399757529226702,0.04000516959406621,0.076254,0.14325500000000002,-0.9408000946174386,0.07972117458111816,1.9061036554463304,-3.3527615624999987,85.52719094092345,85.5928817153632,116.825118,231.266049,-1.5556394641437203,0.08480384767512951,1.3648929170126407,-0.7697196061249473,-0.07689100566287284,0.07478979323505167,-0.9980923143855625
971,0,B,557,18585,2022-07-12 01:11:14.704,0.0007475624999999995,0.03159328811228888,0.03160213131162992,0.055746,0.10764,-0.9669277575841573,0.28188730911963367,1.7639949486408493,-0.004413499999999999,0.04967910337355134,0.049874766107221,0.098854,0.168766,-0.9100361835686765,-0.17175530055704435,1.9820443826740606,4.6938665,85.10061198668082,85.22996270811942,116.825118,232.458142,-1.5488768064305185,-0.08213115896467846,1.3707047884097066,-0.21206927965509495,-0.01828536138328701,0.20084373873631498,-0.9963175938448767
972,0,B,557,18601,2022-07-12 01:11:16.304,-0.00029824999999999947,0.02942640914743931,0.02942792055811963,0.057446,0.104746,-0.8951889664453034,-0.44814743497337295,1.9520917180181028,-0.0022265625000000002,0.031969789442473556,0.03204723104360968,0.063895,0.11435,-0.4872829875125433,0.398145578525572,1.993775996217959,4.991889437499999,84.62204324916267,84.76915219476588,115.633024,231.266048,-1.5535108231560726,-0.0700075647105104,1.3640931990722427,-0.45549991022609393,0.11107460339607156,0.0026977463272581555,-0.9972453774137013
973,0,B,558,18630,2022-07-12 01:11:22.827,0.0012245625000000017,0.03730133977648918,0.03732143489253193,0.063404,0.104643,-1.4891729504456475,0.3118116419218583,1.6988628701595616,0.0071844375,0.061383845895081335,0.06180285332460387,0.127148,0.222921,-0.8224657088550353,-0.08270944106552044,2.057316016336451,2.0861629375,86.3820299127098,86.40721710390913,115.633024,230.073955,-1.6169558557417674,-0.056633350476322494,1.3382334008158756,-0.41164218819836706,0.01101189398117095,-0.09862616183833951,-0.9786660884543981
974,0,B,559,18660,2022-07-12 01:11:30.788,-0.0019068125,0.04220389132565081,0.04224694517876411,0.065576,0.127441,-1.38612717318606,0.1462649288563482,1.552206904487913,0.004910687500000001,0.03281031384854226,0.03317576746003776,0.065038,0.119482,-0.8765948444830434,0.1484297472331631,1.960406796266047,-1.4901162499999994,85.45164093665953,85.46463236454188,115.633024,228.881862,-1.5976646045128367,0.06632667901695125,1.3529927035405418,-0.21473928250654828,0.03572995670801252,0.007750237661964014,-0.9892967705098535
975,0,A,561,18684,2022-07-12 01:11:47.790,0.0043936249999999965,0.057577351643110286,0.05774474316225677,0.101319,0.200351,-1.040777389788866,-0.06639992779387754,1.7546012753975555,0.0161924375,0.03726537775698904,0.040631310729073215,0.084268,0.120333,-0.9617466170531364,0.5420261318807088,2.0739670586039725,-3.50177325,86.06782608766834,86.13903356406745,121.59349,238.418608,-1.4867856263610992,0.07548605239039968,1.4115957071838132,0.7402848018060733,0.06221122764936671,-0.12277630183140865,-0.9965940948984758
976,0,A,561,18700,2022-07-12 01:11:49.390,-0.0069589375,0.05950014358015108,0.059905708385658035,0.109221,0.218108,-0.9359138589155429,0.12056742846751278,1.8232152317916415,-0.011807625,0.04826545149726018,0.04968876951963089,0.107875,0.164032,-0.3784710464136314,-0.8097145010612432,2.171013712814544,-3.9488082500000004,86.10110005381348,86.19160351839423,121.59349,241.994887,-1.4846841831391082,0.06442904831433562,1.4107347471966991,0.6940345683195756,-0.16802274107410037,0.08398919960679081,-0.9974973929182112
977,0,A,561,18716,2022-07-12 01:11:50.990,0.0037386875,0.06790299186129314,0.06800583863123445,0.126291,0.220514,-1.145563726408803,0.15174404817813514,1.8570611368359142,-0.00813475,0.04358628304509918,0.044338901962610665,0.073372,0.134389,-1.2681706931269527,0.29514010300485,1.6547996624244747,-4.172325687500001,86.5540819114662,86.65458670595211,125.169769,247.955352,-1.4809051078137823,0.055114758643431294,1.44446790133271,0.6503626019341642,-0.017307423074133587,-0.016733780113797798,-0.9978019059141057
978,0,A,562,18734,2022-07-12 01:11:55.696,-0.023950562499999998,0.05834494861914863,0.06306950509903736,0.129583,0.207879,-0.8864615764734354,0.08425628510273536,2.054606260133439,-0.013924437499999998,0.04450243970274094,0.046630002135829886,0.127375,0.155801,0.26401883714058805,-1.1493233131254965,2.7316104260292686,-3.5762790000000013,84.28949200828114,84.3653260202314,113.248838,225.305583,-1.5337073774706846,0.10353596114132553,1.3423623583561113,-0.14838332022707373,0.2254061792047668,0.01568629325068016,-0.9830830896339687
979,0,A,562,18750,2022-07-12 01:11:57.296,0.0166729375,0.06285268446382059,0.0650265083576498,0.133575,0.222331,-0.785017752868276,0.29474644296950736,2.0541622697212847,0.0044380625,0.03980199976519514,0.04004866519701375,0.07351,0.137522,-1.144104992826112,-0.057862818103912556,1.8355168552654113,-4.097819749999999,81.50701162368105,81.60995693251141,112.056745,221.729304,-1.51873507660564,0.10035322960073417,1.3730768794874753,0.3658663380390365,-0.08715797323342717,-0.25406490080410726,-0.9942483774229057
980,0,A,562,18766,2022-07-12 01:11:58.896,0.0061313125,0.05142957175195846,0.05179376259321676,0.107501,0.209275,-0.297797029448029,-0.3311012269930264,2.0755588051075287,0.0017253124999999994,0.06092679272979864,0.06095121635835088,0.116351,0.211194,-0.7117897831404925,-0.503701240754056,1.9089200667618642,-3.352761749999999,80.84093768348744,80.91043330064275,109.672559,219.345118,-1.5282811127286349,0.07225451132551662,1.3554810489332625,0.27337879467617665,-0.4122331498207179,0.07518973255016954,-0.9974273902536519
981,0,A,563,18784,2022-07-12 01:12:03.184,-0.024776812500000002,0.05874571133412501,0.06375695285859025,0.10808,0.184479,-1.2642531867256226,0.3027196654946806,1.6951876643119388,-0.013300687500000002,0.12517381313583462,0.12587848022175,0.22273,0.409705,-1.067265118884454,0.30207611161604964,1.7694049023124085,6.705523375,138.42073581002904,138.5830586540885,206.232095,404.119539,-1.3997508215379912,-0.08513900621914156,1.488147952591864,0.27360154335980574,-0.004706148516581846,0.1609265521952314,-0.9930059689185652
982,0,A,563,18800,2022-07-12 01:12:04.784,-0.003280875000000001,0.05541404225225205,0.05551108195216519,0.133772,0.217812,-0.053451097059905806,-0.4651125030440182,2.4098251249232274,-0.009063875000000002,0.10309161145607035,0.10348929501462942,0.172265,0.305187,-1.3138249525910397,0.384798724115627,1.664568301249403,8.121133687499999,134.39112191566983,134.6362746889659,201.463723,400.54326,-1.375819540816221,-0.08255566301033049,1.496355447039942,0.010459074828410842,-0.2581381519166754,0.1350937795719564,-0.9964245786206268
983,0,A,564,18828,2022-07-12 01:12:11.247,-0.017447625,0.04924039025139195,0.05224017276244403,0.136546,0.192972,-0.08138469101651769,-0.723446724232221,2.6138121828372713,-0.013162624999999997,0.1451127285896533,0.14570847159868572,0.21007,0.416846,-1.3504120604578658,0.2838062432628118,1.441714388292951,-8.791686187499998,149.7256961001798,149.98359183158294,227.68977,454.187447,-1.4219893896164575,0.05589621950238057,1.5180978613692195,0.505917648074429,-0.1529975579939278,-0.11679126936609725,-0.998657166005263
984,0,A,565,18858,2022-07-12 01:12:19.195,-0.0091631875,0.07217333834701249,0.07275269598655777,0.116295,0.22899599999999998,-1.2386045131496197,0.16549309652685198,1.5984974635371225,-0.0010461249999999984,0.05232368934917888,0.05233414606760103,0.11889,0.2084,-0.29527777944882416,-0.2939220042571063,2.2717481593456688,4.544854749999999,83.33810916698923,83.46194428736734,112.056745,222.921397,-1.5223934987737455,-0.08011857542923986,1.3426088495395945,0.8005365091892469,-0.1363157853636707,-0.0046156335634213825,-0.9963395208416211
985,0,A,567,18880,2022-07-12 01:12:29.385,-0.010935562499999997,0.07702597128077057,0.07779837259825877,0.211745,0.328132,1.0248402476604266,-1.0399464919632573,2.7217150298686215,-0.013436624999999997,0.1455447246844913,0.14616364039963906,0.238529,0.420604,-1.3773824837811384,0.36070528348483566,1.6319311652871846,-6.705523374999997,160.59105737971285,160.73099189038464,240.802793,480.413493,-1.3939154868913883,0.08628961241108177,1.4981727554087563,0.507866314447483,0.05954329059586246,-0.10634552689005135,-0.9962757918644404
986,0,A,567,18896,2022-07-12 01:12:30.985,0.007354625000000002,0.06473732411143802,0.0651537538596204,0.139718,0.257833,-0.274347459215174,-0.09412555378799237,2.144435151058755,-0.000698312500000001,0.1412462093538791,0.14124793555017892,0.234249,0.421797,-1.1740420013288724,0.5973561135099466,1.6584242388221107,-5.215406875000001,159.8643404030175,159.94939137540865,234.842328,469.684656,-1.412045541809812,0.0938493953949597,1.4682289565504765,0.3591445210402648,-0.00037132192020348267,-0.026142527770660957,-0.9931384478672224
987,0,A,567,18912,2022-07-12 01:12:32.585,0.0102313125,0.06488676626604876,0.06568844793369302,0.124824,0.22792800000000002,-0.4804231761791211,-0.5781974102615572,1.900242796511182,0.0022655625,0.13818069137951616,0.13819926281844813,0.272816,0.422114,-1.1571579751428285,0.5934698360774796,1.974077100240378,-2.980232625000003,158.85394530049422,158.88189866700213,237.226514,463.724191,-1.4543582974134073,0.07911420313124384,1.4930996922261046,0.3803853823504253,0.14799555400969475,0.022187914709340666,-0.9850761793931005
988,0,A,568,18930,2022-07-12 01:12:36.055,-0.0016984999999999986,0.03758504640146131,0.037623405152245326,0.083541,0.148898,-0.21298686334656658,-0.5185290858460009,2.220452924501289,0.005617374999999999,0.04471354390992035,0.045065018704922334,0.095011,0.179586,-0.4572498376530829,-0.03767293158971585,2.108309343486907,4.69386625,81.94552432572983,82.07984732802365,110.864652,221.729304,-1.52763127814591,-0.08576913741382966,1.3506927170190857,0.41895214624804045,-0.23673648218802096,-0.11341557643759104,-0.9983732477603907
989,0,A,568,18946,2022-07-12 01:12:37.655,0.00018524999999999792,0.05917460438767209,0.059174894355630246,0.104037,0.191359,-1.206935004160354,-0.1884850723379904,1.7581273466202871,-0.0048318125,0.035905899459940334,0.03622954634083209,0.066115,0.124058,-0.8917639260249293,-0.21980022220028347,1.8248917438274916,3.2037500000000008,83.22773074364434,83.28937014288836,110.864652,221.729304,-1.5614753858974255,-0.07953344229036938,1.331078045251206,-0.061305137919247035,-0.07345597301341965,-0.13457470712940073,-0.9942805609090098
990,0,A,568,18962,2022-07-12 01:12:39.255,0.00867975,0.043479704128046914,0.0443375995192004,0.126744,0.190894,1.3822657677836219,0.9620275794048474,2.858612134495768,0.0010322499999999997,0.04498464406675349,0.04499648588362207,0.083374,0.157958,-0.9471725388983403,-0.09291859456261026,1.8529002512693258,1.8626454375,84.35265892076663,84.37322155179942,112.056745,221.729304,-1.608521756730473,-0.0413303680530719,1.3281079344730815,0.23043470285494683,0.09932044215738096,-0.010627492940501079,-0.9701583860358772
991,0,A,569,18980,2022-07-12 01:12:43.312,0.0748120625,0.11011373450577631,0.13312354871438975,0.300395,0.388622,-0.8206191392407276,0.16769711249602215,2.2565128626827944,0.029464562500000003,0.13272326066338594,0.1359544937265315,0.337095,0.537044,-0.03135533294923798,0.532027659056438,2.479469348604664,0.3725291250000011,125.39501256363616,125.39556592552802,180.006048,358.820003,-1.4846108526195334,0.013610538706964048,1.4355056869148384,-0.3686612328265323,0.3996731183287387,-0.23025983733864397,-0.9605155456491669
992,0,A,569,18996,2022-07-12 01:12:44.912,-0.00248725,0.10316538619402586,0.10319536482383788,0.190961,0.360432,-0.7066361469335671,0.3995143520450427,1.8504804002193755,-0.011923125000000001,0.11175009806252688,0.11238436424498739,0.180376,0.35037300000000005,-1.3538974236159271,0.06562660549913474,1.604991950720095,-0.8940698125000015,126.3080797200321,126.31124401014982,184.774421,367.164656,-1.461832745261437,0.050515228526857664,1.4628501401280818,0.06058094113494331,-0.5694820506508207,0.07779628487637509,-0.9785675404463066
993,0,A,570,19024,2022-07-12 01:12:51.468,0.0143513125,0.04508484766071461,0.04731388442162089,0.094502,0.148387,-1.255128677392702,0.01855697133041423,1.9973418195360788,0.00672275,0.05595440028775664,0.056356812180294584,0.124843,0.21010299999999998,-0.3431784062496157,-0.5481985358484134,2.2152246582118056,4.097819750000001,81.28659496242172,81.38981906410834,110.864652,220.537211,-1.5193321535217428,-0.07502831124158656,1.3621439791219492,0.194765190903028,0.10913011859130722,-0.02124468319807722,-0.9962490689511414
994,0,A,570,19040,2022-07-12 01:12:53.068,-0.0055935625000000004,0.04273986443732705,0.04310433799007358,0.094241,0.165463,-0.1591318042242209,0.500227370736077,2.1863460708224447,-0.009979562499999999,0.05165234323819291,0.052607568178803896,0.083239,0.16627999999999998,-1.2604314401999461,0.15832733514265296,1.5822628355883175,4.768372125,80.62617052127916,80.76705235211237,109.672559,219.345118,-1.5157928366634583,-0.07456756461601964,1.3578873538911767,-0.2733795014171867,0.09197493576095955,-0.08448067085816158,-0.9969843750058685
995,0,A,571,19066,2022-07-12 01:12:59.519,0.009960374999999997,0.0643823433043515,0.06514825553689063,0.186993,0.29470799999999997,1.5017931491737935,0.9227450152701288,2.8702687195379157,0.013509187500000002,0.17072116415159938,0.17125482193558084,0.275069,0.5347500000000001,-1.351364819922776,-0.05641492461402846,1.6061971096117216,6.4820058750000005,159.7682477153307,159.89968535988683,239.6107,470.876749,-1.3973697574368986,-0.0837358679125808,1.4985063883065641,0.6448346661330125,0.010083963285211264,-0.10074908950347763,-0.9959811134272292
996,0,A,572,19096,2022-07-12 01:13:07.457,0.005015187499999999,0.08570179511554786,0.08584841170160051,0.167167,0.322898,-0.6027419731279435,-0.2257497052090463,1.9472346277186097,-0.0022204999999999985,0.10153911526291234,0.10156339177393102,0.176731,0.29615,-1.0118149752837904,0.6939588726851912,1.740105336314327,2.6822093125000004,116.46533908781676,116.496220778342,172.85349,344.514887,-1.4604807334150767,-0.06453187471937248,1.4837690771865404,0.4566254777785562,-0.07624213611344186,0.023607823895205052,-0.9774295106093015
997,0,A,574,19124,2022-07-12 01:13:24.740,-0.006152062500000003,0.08785477750631206,0.08806991429363094,0.15975,0.282333,-1.2186082554018016,-0.19551219809157788,1.813899800871645,-0.012350562500000002,0.1080273765463926,0.10873109250606516,0.213084,0.336045,-0.8085231182958017,0.7797380173510453,1.959733826716713,-3.7252906875000003,125.47372050569055,125.52900990705903,184.774421,364.780469,-1.4492589256909914,0.0732645483712549,1.4719658916835712,0.40939648533985407,0.02709426028328515,-0.0912781977159681,-0.9908073952815013
998,0,A,574,19140,2022-07-12 01:13:26.340,0.0033334375000000005,0.06043149991205823,0.06052336728229436,0.114904,0.200521,-0.5782429826387938,-0.5357869998293785,1.8985063977696806,-0.003993749999999997,0.1098286905642715,0.10990127983843045,0.217887,0.34443599999999996,-0.9230625775836083,0.7520993955549558,1.9825701786214225,-5.215407,121.49767171088028,121.60955842918142,180.006048,356.435817,-1.4116244038041437,0.08017593961353223,1.4801965431428272,0.3817302966062314,-0.14060827910752383,-0.07346568852724568,-0.9958134989687785
999,0,A,574,19156,2022-07-12 01:13:27.940,-0.001727999999999997,0.07198102294615574,0.07200176142550263,0.11965,0.216586,-1.302840034123095,-0.21135828706249205,1.6617649017350378,0.0014884375000000006,0.10888798290845089,0.10889815548512519,0.201334,0.311375,-1.3319944225184388,0.5508981735275517,1.8488283764136022,-5.9604652499999995,117.81006822700172,117.9607533107824,178.813955,355.243724,-1.402202084295547,0.07310916288447239,1.5158766791603324,0.32683001868037126,0.040998510843326195,-0.029409573320855413,-0.9968199905049491
1000,0,A,575,19174,2022-07-12 01:13:32.840,0.0062266249999999995,0.08952517057849918,0.08974144541960531,0.183039,0.35463100000000003,-0.48747889203936534,-0.13633464613016383,2.039626163186497,-0.004182624999999995,0.17304434808015076,0.1730948894519275,0.307006,0.590654,-1.1902799982069487,-0.10524074744318607,1.7736283316744759,2.2351743750000006,186.24039532939915,186.25380763071004,264.644654,528.097215,-1.5160669613637112,-0.03504047716394744,1.4208818459417345,0.6055429889571002,0.3251802579494744,0.023450135710418724,-0.972125719044498
1001,0,A,575,19190,2022-07-12 01:13:34.440,-0.0386876875,0.08647421046453586,0.09473397616252839,0.211467,0.384819,0.7686468215795967,0.5928458943741458,2.2322191949084984,-0.018280499999999998,0.17674308273168712,0.17768594196995438,0.292712,0.54348,-1.3803059780492926,-0.11830370126651604,1.6473559852556927,5.885959437500002,185.13816461739805,185.23170494383157,262.260468,523.328843,-1.4816550407583398,-0.06403235971341084,1.415850855983462,0.3979126067601946,-0.12431300842658075,0.057452468354032275,-0.9874872409206011
1002,0,A,575,19206,2022-07-12 01:13:36.040,0.029438374999999996,0.09970327243743997,0.10395845543954085,0.262679,0.420684,0.29614601225195925,0.4159304370857717,2.5267689760239493,0.005957874999999997,0.1801370791719722,0.1802355779726217,0.284192,0.5496570000000001,-1.3004016041155304,0.25066734852250017,1.576780806524057,9.089709375000002,178.8312771687753,179.0621358923692,261.068375,511.407913,-1.4401095296325488,-0.07834076334264145,1.4579764376145001,0.6161317110572873,-0.28131011666261857,-0.03319681913121911,-0.9947957626532224
1003,0,A,576,19224,2022-07-12 01:13:39.456,0.004723374999999998,0.08424437014637462,0.08437668026623234,0.155757,0.296059,-0.7595237160247548,-0.2444671780609851,1.845972127708065,-0.0026050624999999997,0.10201159233419796,0.10204484955737599,0.184229,0.32950599999999997,-0.7217480079728125,0.7489503652153324,1.8053728414427712,-6.258488562499999,108.2973221341136,108.47801003201945,164.508839,327.825585,-1.3917426010382656,0.07063028088797871,1.5165178541848428,0.3217265670362969,0.03313652365310308,-0.04030016171366427,-0.9992261714291606
1004,0,A,576,19240,2022-07-12 01:13:41.056,-0.006352500000000001,0.05607623420063976,0.056434903192749436,0.107809,0.19853500000000002,-1.0022290202764728,0.3039543298452613,1.910324885856293,-0.007821124999999996,0.09873214677276786,0.09904143982508029,0.191995,0.312567,-0.7732562634594471,0.7172442193609998,1.9385319956887486,-4.321337187499999,108.27138241583286,108.35758489982874,159.740467,317.096748,-1.3821651992973931,0.10663286084041057,1.4741973729635283,0.14241288992968054,0.01628947116954951,-0.06453042147277098,-0.9959017634532195
1005,0,A,576,19256,2022-07-12 01:13:42.656,0.0009214375000000021,0.06851902749690114,0.06852522291964835,0.158471,0.264202,-0.20598694683440844,-0.5636388337995766,2.3125937172918167,-0.0026377499999999995,0.10261674636146138,0.10265064227210173,0.188146,0.32761,-0.8624969440821353,0.6785938271503549,1.8328769877666329,-2.5331977500000002,107.2576352908836,107.28754549822082,158.548374,309.94419,-1.4396942329256994,0.08724009983590898,1.4777891810623,0.24303265551787104,-0.001974238006982849,0.021718346737196546,-0.9875313388576386
1006,0,A,577,19273,2022-07-12 01:13:47.379,-0.022085124999999997,0.06049582909473491,0.06440107207279239,0.149044,0.216337,-0.8571065678333945,-0.20297755678341084,2.3143092995647017,-0.004291125000000001,0.06127216029412848,0.06142223848798577,0.123488,0.217222,-0.7698647239666871,0.5017323915827069,2.0104770363286963,-3.948808125,81.4107891574608,81.50650082569244,112.056745,221.729304,-1.5234385811318518,0.0739085314966261,1.3748197243756235,-0.02693007164774877,0.287613782839385,-0.6614963709863623,-0.996717667229284
1007,0,A,577,19289,2022-07-12 01:13:48.979,-0.0383965,0.04906159942485569,0.062300335074339686,0.144412,0.20079400000000003,-0.17860511532475076,-0.27539845426537923,2.3179971637019423,-0.012720937499999998,0.05741991124216924,0.05881214549680618,0.112978,0.187068,-1.2813559697717651,-0.0482043084967123,1.9209977640780902,-4.17232575,80.5743786107353,80.68233258074676,110.864652,220.537211,-1.5368187259082644,0.05959913977015293,1.3740883345067747,0.32013412210883213,-0.1838015819681428,0.16459758409320743,-0.9978285877687155
1008,0,A,578,19308,2022-07-12 01:13:55.330,-0.00011337499999999803,0.10202515381504884,0.10202521680876253,0.193697,0.344946,-0.9107358022120207,-0.29032801409100795,1.8985208368933764,-0.005362999999999998,0.09738464871451764,0.09753220788155059,0.175043,0.289179,-0.8499862992086404,0.8842853453726194,1.7947199576634574,5.4389245,107.61732437006401,107.75467694855882,158.548374,315.904655,-1.4270746624094999,-0.08019417052255937,1.4713827602646858,0.35235789397263395,-0.015936184737819138,0.0894031786203682,-0.9916130014584916
1009,0,A,578,19324,2022-07-12 01:13:56.930,0.010047875000000001,0.09959135392873908,0.10009694085922406,0.193992,0.38761199999999996,-0.4471068776770495,0.052616835706736365,1.938041246163852,0.0019407500000000024,0.09415493069304709,0.09417493023291815,0.180924,0.282401,-1.1957502598576153,0.6093813851241558,1.9211482244003761,6.10947675,104.79989078005106,104.97782057972732,152.587909,305.175818,-1.4070292602590198,-0.07285963187532725,1.4535252128244969,0.27568732270709034,-0.049956526138209674,0.03693359880080955,-0.9963878933227913
1010,0,A,579,19343,2022-07-12 01:14:03.369,-0.0008973750000000006,0.0619707939313704,0.06197729086024171,0.135262,0.240814,-0.2920153574599418,0.19477614405275928,2.1824445393235195,-0.007550125000000001,0.07587863720678815,0.07625334072599704,0.133295,0.263861,-0.7829677932889618,0.5526581350238426,1.7480545603762085,-3.4272673749999996,92.75552035039006,92.81881661134967,134.706513,268.220933,-1.4268016032838484,0.0739463064471047,1.4512845338681941,0.4676192323904227,-0.010432831131012598,0.08950227565929243,-0.9972975699491772
1011,0,A,581,19377,2022-07-12 01:14:28.769,-0.0073633125,0.06133540138219399,0.061775802978897,0.139714,0.19964700000000002,-0.7488889272563695,-0.737236488145896,2.2616298495986715,-0.0045754375000000005,0.05995842144349778,0.060132744243984904,0.135954,0.23451299999999997,-0.03343851091454786,0.8205004598668758,2.2608979801150437,3.0547383750000012,96.14654252023236,96.19505738412212,135.898606,265.836747,-1.528348739847703,-0.04990849745169661,1.4127400065612032,0.5475396152040112,-0.01789947953528229,0.03612918659888415,-0.9594293779123311
1012,0,A,581,19393,2022-07-12 01:14:30.369,0.008041,0.06394907828987842,0.06445263606032728,0.133979,0.21195399999999998,-0.8325020968081711,0.5700412917049538,2.078720253964422,-0.00013143750000000134,0.057309963985297474,0.057310114707724145,0.129721,0.200839,-0.26668301996244326,0.7738585945998311,2.2634922414928695,4.172325625000001,93.05105162203175,93.14454631961578,131.130234,259.876282,-1.4855101101151869,-0.08083670207029997,1.407814404399376,0.5633374577279155,0.11394916749829752,0.009352757571031867,-0.9864602683305262
1013,0,A,581,19409,2022-07-12 01:14:31.969,-0.0037551250000000015,0.05574659915622096,0.05587292977149131,0.102078,0.183423,-1.1098920522381237,-0.07532880467653624,1.8269670199411028,-0.0012796249999999986,0.06252961021275741,0.06254270216020412,0.117065,0.230494,-0.6358753396147359,0.12211526984219412,1.871761148089447,4.991889624999999,90.83328365944509,90.97034891867459,126.361862,251.531631,-1.4621935106956157,-0.09133757605921591,1.3890444908919126,0.5533631571632128,-0.015484794233625405,-0.04450449536264006,-0.9921082497398118
1014,0,A,582,19427,2022-07-12 01:14:35.252,-0.033754124999999996,0.05543487909010333,0.06490274858779095,0.111355,0.18509199999999998,-0.9973972162389715,0.3748680394888404,1.715720865802397,-0.0025103750000000005,0.041631683123966715,0.04170730178727701,0.090229,0.146367,-0.8466032515526427,-0.23447732869298615,2.1633861730063955,4.917383875,80.9163332893711,81.06561328436796,110.864652,221.729304,-1.5223740902024459,-0.07396733463504823,1.367591602756409,-0.06449375858316125,0.10095176769626324,-0.3064424700332192,-0.9983681401578134
1015,0,A,582,19443,2022-07-12 01:14:36.852,-0.00015549999999999765,0.08039854257307778,0.08039869295035212,0.162513,0.308695,-0.6464528711891022,-0.1319041500470618,2.0213388307239666,-0.004066437500000001,0.06180779711125526,0.061941421501992514,0.109078,0.201498,-1.0680152658147453,0.4540447886905713,1.7609863860888502,4.3213371875,82.00447208714512,82.11825252268483,112.056745,220.537211,-1.5240411265763008,-0.08679276903279931,1.3645778077053552,0.3185165733661727,-0.0621277762563466,0.5133811162523507,-0.9975258975313521
1016,0,A,582,19459,2022-07-12 01:14:38.452,0.036855375,0.08054730850319813,0.08857870835307997,0.16059,0.29674100000000003,-0.7042518873745083,-0.28351991766886453,1.8129638937596466,0.008672625,0.058548449830967984,0.05918729088241833,0.139774,0.255301,0.9665348401984062,-0.43053981779135725,2.361554278226309,2.6077034375000014,83.37007570892945,83.41084846068033,110.864652,221.729304,-1.5736951300370248,-0.06646461094526879,1.329139483004556,0.39435071331483196,0.24078523750925843,0.07303972633139552,-0.9844106670793016
1017,0,A,583,19477,2022-07-12 01:14:43.335,-0.006028437499999997,0.0853717616113261,0.0855843428397537,0.167701,0.33352499999999996,-0.36487905338174986,-0.10624360802050296,1.9594822421432827,-0.008394875,0.19139645655153698,0.19158047266553552,0.300348,0.577677,-1.4708269949922257,0.14031749127910792,1.567738067565752,-5.0663955000000005,168.65035898148017,168.7264411642246,244.379072,487.566051,-1.4305698254207906,0.08908846966694481,1.4483744830612606,0.2632141117199074,0.08434501627021596,-0.0298339618307122,-0.9928203179691534
1018,0,A,583,19493,2022-07-12 01:14:44.935,0.008496687500000003,0.06835923840886354,0.06888526093666555,0.139802,0.23764600000000002,-0.7989523013853828,0.43233950359221884,2.029490751708652,0.003048374999999999,0.18747538705549957,0.18750016891125723,0.335395,0.573249,-1.2450805359615797,0.2933127746285411,1.788771721900371,-6.705523312499999,169.3374740686407,169.47018666078714,250.339538,493.526517,-1.4010128587279178,0.08962798842765655,1.4771892504082833,0.4681290421753265,0.14441829619134228,0.050416580085604866,-0.9968628987640362
1019,0,A,584,19514,2022-07-12 01:14:51.439,0.0012957499999999983,0.08051877626095977,0.08052920152730313,0.155877,0.283366,-0.9974557001094921,-0.11568373998638418,1.9356580848147422,0.002738875,0.09758547850274331,0.09762390614432,0.175438,0.28072,-1.1539772635268963,0.6041946951182062,1.797080314945044,-1.5646222500000002,106.26083455587063,106.2723529583085,152.587909,305.175818,-1.4809610696606499,0.06781315635526844,1.4358194276536012,0.12038221002148905,0.04101416953100476,0.03880882424841695,-0.9765726369909319
1020,0,A,586,19550,2022-07-12 01:15:17.019,-0.01022825,0.05644113027028693,0.05736042437299431,0.105076,0.202179,-0.7447233658000387,0.042998817529782296,1.831855345363702,-0.0157410625,0.16574398132906243,0.16648978465791076,0.28192,0.506106,-1.3719217964644739,-0.05768303032610847,1.6933171039848816,8.56816875,180.3590960572179,180.56250177239247,261.068375,517.368378,-1.4179048394874458,-0.08575072934029251,1.445861529594273,0.3667480364124268,0.07679306730126965,0.0880115370693604,-0.9964870374346236
1021,0,A,586,19566,2022-07-12 01:15:18.619,-0.017324687499999998,0.0859031933542918,0.08763277597701387,0.16285,0.25754900000000003,-1.1341890582842349,-0.4138953609876946,1.8583229640324945,-0.012436625000000001,0.16834418431663856,0.16880294438967883,0.288593,0.534977,-1.0999470976626484,0.3563805825074637,1.7096443491754965,10.356308187500002,178.7114649743538,179.0112868859228,263.452561,519.752564,-1.411147637989862,-0.0707240090293714,1.4717092177985875,0.49587190306590007,-0.15312428859504204,0.09065368851817932,-0.9980287421484595
1022,0,A,586,19582,2022-07-12 01:15:20.219,0.027335437499999993,0.07319829762618181,0.07813588752095607,0.1677,0.24881799999999998,-1.1706171319638345,0.06551817496006007,2.146260896505755,0.008324312499999997,0.1805829799298368,0.18077474054451717,0.27949,0.5493840000000001,-1.457141324581119,-0.04554025131745451,1.5460677700774985,11.473895437499998,177.939041493646,178.3085885878416,263.452561,524.520936,-1.4297135041663815,-0.05451144300565888,1.477509093008233,0.6219768672426101,0.028932697030437673,0.032257847151101436,-0.9987881162636729
1023,0,A,587,19600,2022-07-12 01:15:23.633,0.0008197500000000019,0.08241543972650088,0.08241951647137345,0.159412,0.287374,-0.7144502345688508,-0.04887711525674321,1.9341535454817687,-0.0035692499999999995,0.10817927092533718,0.1082381365485382,0.232562,0.36769799999999997,-0.36615238408741124,0.9565729103410716,2.1486142261485637,1.4901163749999986,120.06417282251924,120.07341938317077,174.045583,343.322794,-1.495143542713322,-0.03289922861404364,1.4494930176394547,0.5185893420088026,0.0260129023354446,0.028810931978529884,-0.9566936576870813
1024,0,A,587,19616,2022-07-12 01:15:25.233,-0.0065425625,0.07995799208331894,0.08022521811788672,0.139441,0.258548,-1.0796144771918654,0.01880930329841321,1.7381193005308984,-0.010798000000000002,0.09319492787432157,0.09381839577343028,0.171016,0.30490300000000004,-0.7757903314017436,0.6921807701638318,1.8228408041958055,-1.2665988749999983,117.91140153695304,117.91820421427187,171.661397,337.362329,-1.4978788462738057,0.020976293219752737,1.455766716800318,0.316348938040538,-0.06094810425742685,0.0020368456708707533,-0.9493189847121468
1025,0,A,587,19632,2022-07-12 01:15:26.833,0.004372750000000002,0.06710894895755334,0.06725126000864222,0.121707,0.208843,-1.1342263261379615,-0.45137806270582737,1.8097356091820416,-0.000798937500000001,0.09795613990867849,0.09795939795107715,0.20368,0.31729,-0.7245853500904786,0.819198389000063,2.0792287851924303,-3.0547383749999995,114.30733965240397,114.34814963500608,166.893025,331.401864,-1.4677373332352281,0.05818957321317391,1.459516621237114,0.35464850391275754,0.12475571456080091,0.03817759357495719,-0.9776663415168018
1026,0,A,588,19650,2022-07-12 01:15:31.236,-0.0103971875,0.06358579944572801,0.0644302366832724,0.121254,0.207765,-1.1144740057261058,-0.09298186592856084,1.8819424891462548,-0.0071454375,0.03163379300283312,0.032430759115575754,0.052473,0.095401,-1.532668260928537,0.12660561865696637,1.6180009790396308,0.5215406249999988,85.47187416503229,85.47346534396884,113.248838,224.11349,-1.6036730076893266,0.011532576680120504,1.324959009726064,0.29837642874244313,0.1550910562960472,-0.18815506889582811,-0.9477229801871707
1027,0,A,588,19666,2022-07-12 01:15:32.836,0.003566000000000003,0.06765506582843593,0.06774897997940633,0.116565,0.216507,-1.0866876266805896,-0.1924320002415541,1.7205425090596533,0.0043680625,0.03808392597682904,0.038333606506725924,0.073625,0.141678,-0.8056732397602975,-0.18891026328078625,1.9206384869391804,-0.5215407499999989,85.57261212479288,85.57420143135523,114.440931,226.497676,-1.5801933277233347,0.051693356506751276,1.337329815362644,0.42215574153907187,0.16006705015874986,0.29372955821988966,-0.9736443586631605
1028,0,A,589,19692,2022-07-12 01:15:39.216,0.011235625,0.08361211336498663,0.08436364602422065,0.213772,0.31301,-0.08627100058221426,0.8094789160543843,2.5339350546635506,0.0065181250000000005,0.1929447115276404,0.19305477891002853,0.304815,0.571422,-1.3504821724152722,-0.17457248104539702,1.5789041935193757,-6.3329943125,171.15344657580286,171.27057275474488,247.955351,491.14233,-1.4214302451237193,0.08320813339785615,1.4477405371620131,0.5473797565488783,-0.028354595774558927,0.01822253099743751,-0.9949213842417366
1029,0,A,590,19721,2022-07-12 01:15:47.224,-0.0014976250000000007,0.10295430073270069,0.10296519275949519,0.188863,0.370821,-0.896668815590616,0.03842664157078829,1.8342412123788652,-0.00828075,0.08553969182527196,0.08593957003688697,0.151308,0.268698,-1.007039779232504,0.5637357386013518,1.7606324995000044,-3.576279,102.50267269303674,102.56504122117663,150.203723,298.023259,-1.42438454814291,0.08148933377939796,1.4644728965310199,0.03172571565375283,-0.03631184118735184,-0.11595460056224538,-0.9933656132510089
1030,0,A,592,19745,2022-07-12 01:16:04.244,0.006883875000000001,0.07684972126159192,0.07715741955897695,0.128762,0.24537799999999999,-1.0876998347934528,-0.4973733424389721,1.6688220100670674,0.0055534375,0.10227448229823065,0.10242514533764402,0.21388,0.32498699999999997,-0.9979297822678008,0.6643576924375254,2.0881591067793512,-5.885959375000001,114.88050110165838,115.03118729775974,165.700932,330.209771,-1.4099641193156704,0.07946105133147607,1.4404870182821026,0.31985034474782675,0.10233225888083328,-0.006138134170973193,-0.9963735692409559
1031,0,A,592,19761,2022-07-12 01:16:05.844,-0.005314562499999995,0.08780998009051189,0.0879706608936326,0.139799,0.256856,-1.4846547567276083,0.14868418008241308,1.589154822526959,-0.00899925,0.08987008925978932,0.09031954076568924,0.167979,0.285489,-0.4348291119180949,0.9913849653273323,1.8598300940853785,-6.780029187499999,110.18699684260926,110.3953942380593,160.93256,319.480934,-1.4133492182586918,0.0651766197529037,1.4577832808220343,0.362160450020658,0.02707391585080343,-0.06175742465141308,-0.9978050806097531
1032,0,A,592,19777,2022-07-12 01:16:07.444,-0.0019980625,0.11120541979287069,0.11122336825084242,0.216875,0.398432,-0.601806729103894,-0.1078286785424124,1.949904983194549,-0.008831000000000004,0.0937276908196025,0.09414279891406989,0.191265,0.31427,-0.6252902338642459,0.8333996115129871,2.0316476905958543,-6.258488437499999,106.72270745556048,106.90605672349656,157.356281,312.328376,-1.4240036472605095,0.05777528583401824,1.4719117496494016,0.3530419074620959,-0.10270063186367297,-0.06828992807367376,-0.9983026076450561
1033,0,A,593,19795,2022-07-12 01:16:11.294,-0.027685312499999996,0.07358394941299932,0.07861980755151655,0.165119,0.318755,0.8734113205765262,0.7456813203629262,2.100221370954181,-0.0098504375,0.05308660372797542,0.053992764462587946,0.112246,0.184751,-1.044372861004391,-0.14212960585783013,2.0789081855176397,5.215407000000001,82.21216154273513,82.37742394433336,114.440931,227.689769,-1.542266262735173,-0.06842598832669392,1.389226872126198,-0.2529311406612624,-0.22097923893149218,0.16238530909255064,-0.9975505929001627
1034,0,A,593,19811,2022-07-12 01:16:12.894,0.037613812499999996,0.0497646322316597,0.06238042571141608,0.1309,0.171514,-0.9555798120445189,0.25634777418203814,2.0984146630478078,0.021726375,0.055709303739226314,0.05979600232247972,0.130066,0.203757,-0.5617468754277617,0.2017470926418869,2.1751621337251663,5.364418562499999,82.11717098288591,82.29220349915425,114.440931,224.11349,-1.5532499756755522,-0.05710975734242496,1.3906655325030415,-0.2243920953185866,0.15187396751701288,0.05894667079791708,-0.9981199779914561
1035,0,A,594,19841,2022-07-12 01:16:19.392,-0.011670000000000002,0.09304187207717286,0.0937708849250395,0.168186,0.29612700000000003,-1.0366763804317745,0.5790604238552297,1.793584438650099,0.006950500000000003,0.1808854804092219,0.1810189671640102,0.291851,0.554891,-1.3337361859998589,0.09115279512892666,1.6122675130257025,7.3760756875,177.81188506293898,177.96480821270129,255.10791,509.023727,-1.4329402275143275,-0.08015008614207943,1.433473912972155,0.5167230692624054,-0.030195714357636478,-0.006185248378639674,-0.9952476248687471
1036,0,A,594,19857,2022-07-12 01:16:20.992,-0.004129999999999998,0.09252928934532027,0.09262141375918423,0.190123,0.372024,-0.2769102572111781,0.19220399091254964,2.052689462226521,-0.012749499999999993,0.1978490954553495,0.1982594621266536,0.30611,0.582831,-1.4056261010689064,0.08526337165138298,1.5439868378360095,6.18398275,179.81213950485395,179.9184458469041,261.068375,519.752564,-1.4668838181044408,-0.05579028787938726,1.4510372950984018,0.5811572388464147,-0.0690110367427474,0.051407980049260914,-0.9896326378148009
1037,0,A,595,19876,2022-07-12 01:16:27.377,0.004887124999999999,0.06501860413073611,0.06520201587278572,0.099503,0.194175,-1.3870207139016713,-0.09988699383837782,1.5260724483448211,0.00042937500000000007,0.09341187037849832,0.093412857201244,0.158604,0.253904,-1.3565720674790414,0.6377979861330565,1.6978819056814787,-4.246831499999999,104.89484706986005,104.98078166787823,150.203723,299.215353,-1.4080966483847313,0.08322929871779368,1.430773524578918,0.09955518590289109,0.12060968171302182,0.06255680633088935,-0.99560227375721
1038,0,A,597,19906,2022-07-12 01:16:44.524,0.011856374999999997,0.07986778483052084,0.08074302868901438,0.125228,0.24008800000000002,-1.4057949596407413,-0.40974458181040774,1.5509450417363164,-0.00020706249999999718,0.14319922402001206,0.1431993737235345,0.25636,0.42095699999999997,-1.2976639807591628,0.5376544863352537,1.790231293154516,4.6193605625,149.52149449378237,149.59283341009547,213.384653,424.38512,-1.4567734862130728,-0.06758943309228098,1.426436334787676,0.38803819335810424,-0.06487660439655892,0.022937764236126992,-0.989165296340069
1039,0,A,597,19922,2022-07-12 01:16:46.124,-0.005221,0.053505143284314265,0.053759270817924976,0.124774,0.214656,0.25933238337001274,-0.6553993464124381,2.320976421398866,0.006552375000000003,0.1250467172289396,0.12521826986456489,0.241317,0.388146,-1.138125504818457,0.38780227840284637,1.9271708534306264,6.109476812500002,148.8045830363271,148.92994876631644,215.76884,426.769307,-1.4136635011284744,-0.08373208339844762,1.4487941598540357,-0.0018963984523463308,0.03949217583831687,-0.07961678994384921,-0.9953819327807074
1040,0,A,597,19938,2022-07-12 01:16:47.724,0.0035421874999999993,0.0738452310995933,0.0739301376194952,0.188886,0.30677699999999997,1.0981445458239003,-0.9726038380906084,2.5549255835578375,0.0060514375,0.130415097255345,0.1305554192208715,0.235822,0.37485100000000005,-1.3258827641216124,0.4973338406807025,1.8062980564678075,8.4936629375,146.80655693690113,147.05205700622977,216.960933,430.345586,-1.3953037106245019,-0.07450460911248588,1.4754022311351183,0.4570998368947927,-0.05335734566727729,-0.06654391635824243,-0.9976171459169241
1041,0,A,598,19956,2022-07-12 01:16:51.528,-0.0499785,0.055901373644795166,0.07498542550139327,0.150149,0.211614,-0.699947230807509,0.12899812260034627,2.002375781640529,-0.0197740625,0.04690004116665138,0.050898206345484316,0.087244,0.160501,-0.4266562175926505,0.6652758088024087,1.7140879072989235,4.7683721875,81.53428355169802,81.67359896323424,114.440931,225.305583,-1.527720233949577,-0.06662672984619777,1.4011985813373564,0.20162983972758078,0.14893849710083015,-0.135333467686286,-0.9983081892297732
1042,0,A,598,19972,2022-07-12 01:16:53.128,0.01075725,0.060086187208979236,0.061041529476865176,0.127511,0.23634100000000002,-0.3173289378004429,-0.4250870958732369,2.0889221009497616,0.00035812499999999907,0.036003762709394344,0.03600554377800729,0.077968,0.135092,-0.15799100025651747,0.7331821404104151,2.1654443127067555,4.321337187499999,82.21648284581974,82.32997028193951,113.248838,225.305583,-1.5221529999936783,-0.08242913034864335,1.3755481462240133,0.3390007109469176,0.04145916278211201,0.44254572421976723,-0.9982114227031176
1043,1,anom,1,4,2022-07-17 10:51:16.724,-0.006982663368750031,0.5159142951119083,0.5159615465211903,1.0141485,2.0225514,-0.3122228439805883,0.14099262375128196,1.96555054700835,0.08048621075,0.27249808723146585,0.2841359492667216,0.63460179,0.9875507000000001,0.9497648347756593,-1.4652202366490477,2.2334442073864165,29.653314362499998,88.74777841576018,93.57076053134396,185.96651,293.25488,-1.1191978671919818,0.15403088537686022,1.9874425402121816,-0.4442399332529633,0.0016797604404352937,0.49645429387130563,-0.30667680373489714
1044,1,anom,1,20,2022-07-17 10:51:18.324,-0.038703512375000027,0.44941920118871975,0.45108267564523996,0.97580285,1.7588449800000001,-0.16818544898876642,0.4047833611652103,2.163246124680331,0.026057905687500004,0.2934249876727415,0.29457976481687803,0.61829442,0.99321025,-0.6355023025159516,-0.7560281657301261,2.098903230452218,16.912819812499997,110.75020638373182,112.03415411404366,183.58233,364.78047000000004,-0.8628398945317715,-0.5862852877464612,1.6386282509271668,-0.45821863084982395,0.05771976590319793,0.020560221540446347,-0.08879918699940229
1045,1,anom,1,36,2022-07-17 10:51:19.924,0.0807106819375,0.029903276374588006,0.08607217969095056,0.14821433,0.108370088,-0.298898481316475,0.5691056569690046,1.7219771885895778,-0.077798861,0.15473428499840333,0.17319169069809445,0.25953743,0.44255586,0.4939433092576646,1.5400576623894224,1.4985559004237816,75.9959313625,36.318509231789335,84.22835446851244,135.89861,143.05116819999998,-0.06015983608621056,-0.3356270066692051,1.613454410424268,-0.44022489258311476,-0.19566117628797733,-0.20543369578209197,-0.8784781133063416
1046,1,anom,2,54,2022-07-17 10:51:23.615,-0.1065583040625,0.33818640639773606,0.3545768148608858,0.90681008,1.02449358,0.736926250637918,-1.5961459137863099,2.5574432450011617,-0.07350356468750001,0.14433950782510208,0.16197736737261229,0.32970889,0.49831804,2.920235687333941,2.1524200267916664,2.0355244399147354,55.730349624999995,86.13181554685332,102.58928559416866,165.70093,263.452559,-1.075080066970931,-0.44584384708521496,1.615187483179225,-0.7952755348491557,0.6792643743952719,-0.5128615704998005,0.15567513881440795
1047,1,anom,2,70,2022-07-17 10:51:25.215,0.13986622850000002,0.5980606552490061,0.6141979397813743,1.0029671,1.8123015,-1.3140901451106628,-0.1389889954183993,1.6329704726085688,-0.010620655000000007,0.39327410190021356,0.39341748504362206,0.67001737,1.0727448499999999,-1.3842516037259105,-0.5441679958806519,1.7030696282492592,-92.46171705625001,50.72171888099651,105.46023841824402,163.31675,171.66140130000002,-0.6296805433561556,0.6567308477318621,1.5486097172690172,-0.3080913869064437,0.14609301746113523,-0.13815776936112423,-0.6672014687938135
1048,1,anom,3,101,2022-07-17 10:51:31.734,0.04576538448125,0.03068907195032976,0.05510253672825921,0.11274956,0.1166816233,-0.20948635680819905,0.648431236483419,2.046177303161737,-0.0547006114375,0.07952970126871664,0.09652528308960127,0.19192376,0.31333529,3.5164969582658543,2.0765823568276325,1.988326310546465,77.78407087500001,64.87398890564775,101.2867025745094,208.61628,302.79163,1.4946749161549242,-0.7825317716360448,2.0596610877576538,0.02361505202267918,0.34317584061573075,0.18822642295372777,-0.5036177333191306
1049,1,anom,4,132,2022-07-17 10:51:39.999,-0.13986033319374996,0.7032296893685622,0.7170027258040734,1.214663,2.3208175,-0.7489951118954075,0.4532481473309774,1.6940842151441362,0.004449772187499992,0.2612102095771718,0.26124810824170697,0.54426892,0.90584025,-0.5226625317119886,-0.5922755037852252,2.083341095417395,-113.09982675,98.72253822312454,150.12564858842842,259.87628,345.70697900000005,-0.6450498118955363,0.5238008082986022,1.731058499620238,-0.32340218118376646,-0.17692224997712824,-0.31902829035273916,0.2100512410499393
1050,1,anom,6,153,2022-07-17 10:51:56.684,-0.37154168612500005,0.3164320880904526,0.48802919062479444,1.1479882,1.168924522,1.1815996473837211,-1.4957363481889583,2.352294129230876,0.16404339803125,0.13189475324945119,0.2104910030675248,0.33098199,0.43752129,-0.8902722886302663,-0.6163646294960322,1.5724282044198445,-39.5625876625,88.43130958794937,96.87773148661536,267.02884,371.93303000000003,1.0398990005234676,-1.2188530387586307,2.7563490174921443,0.09528427913996003,0.7283515699302106,0.027839585913790963,-0.7242512680725752
1051,1,anom,6,169,2022-07-17 10:51:58.284,0.04144404771375,0.07611601063137424,0.08666750351391841,0.30700554,0.361667785,6.477031285881546,2.46394673079686,3.54233741082315,-0.0695207583125,0.09340605583829044,0.11643808270325852,0.2794558,0.41830892,9.224156658103212,3.1849113762790684,2.4000378013110257,30.025843681250002,48.003432764715285,56.62049846095847,135.89861,177.621866,-0.6519332319122517,0.39965632110748434,2.400166259463543,-0.001389655997826645,-0.1685450561183237,-0.2101701154227471,-0.062303861330878445
1052,1,anom,6,185,2022-07-17 10:51:59.884,0.1649360541875,0.8358649029518168,0.8519824164603353,1.5525772,2.6246467,-1.1921361177275611,0.2291219863809234,1.8223113177034462,0.0036945874374999937,0.358869835920203,0.3588888534208422,0.70039838,1.18503307,-0.6895384442176171,-0.6933716038977373,1.9515746263055294,-198.03645570625002,113.18441207449592,228.09898931240974,399.35117,450.611171,-0.09953757351951387,0.5495859463891888,1.750780094220581,-0.6703231386278046,-0.3924206501705641,0.3045408680048162,0.27743519763165164
1053,1,anom,7,203,2022-07-17 10:52:04.407,-0.11303203190625002,0.4957602884372705,0.50848255017086,0.9826353,1.69003471,-0.37812845360069103,0.7391448442108659,1.9324857847527226,0.10375806656249999,0.26567158444608174,0.2852141776961302,0.50135357,0.92335129,0.16083443897402327,-1.0928693577101884,1.757814334651157,-191.1819200625,136.28423057700195,234.78483354499195,349.28326000000004,414.848377,-0.9849278295019066,0.6363065126388954,1.4876738617491094,-0.5842704134018558,0.10289634526456508,0.0428712590182644,0.03514869292017838
1054,1,anom,7,219,2022-07-17 10:52:06.007,-0.037039549312499996,0.14695865387889248,0.15155452538004016,0.24953634,0.40390982,-1.751798637661132,-0.20119909320010115,1.6465119690372776,0.0467669045625,0.19940476738531698,0.20481553802958982,0.36077275,0.51172041,-1.784621302996486,0.31184050208295644,1.7614520532513451,-7.525086949999999,46.40312776278351,47.00933098624432,119.2093,166.893022,-0.1129581208636048,-0.9113590065343539,2.535864635786511,-0.9623236000888153,-0.027143119545104254,0.0865928707733434,0.4095624375521348
1055,1,anom,8,243,2022-07-17 10:52:12.567,0.088341318625,0.031368396149975976,0.09374521242935877,0.16477118,0.12678130499999998,0.39694436351526985,0.7588066322737466,1.7576490119339425,-0.151691990625,0.016040913604326933,0.15253776886081877,0.17960418,0.060958769999999995,-0.543971964339625,-0.01266615660140924,1.1774407174126014,17.657878693750003,77.00914028023121,79.00764752011997,168.08512000000002,288.48652000000004,0.4070197938009672,-0.8741795019356596,2.1274538006867716,0.416440482169044,-0.17374986584658297,-0.25643930407686594,0.4918325841538345
1056,1,anom,11,280,2022-07-17 10:52:38.172,0.12221731856250001,0.28470805289656037,0.30983180653502673,0.9721493,1.08261916,2.885898236652249,1.939251126363137,3.137667855576015,0.0853507916875,0.14018083159370823,0.1641201486350369,0.24605405,0.41916538000000003,-0.9018455761014668,-0.7079175847100756,1.4992312159499932,-19.4460174375,57.54352746808205,60.74047371933698,107.28837,209.80837,-0.49594977571871013,0.12347483448418117,1.7663406857138868,-0.03051380347329987,-0.5810429037670147,-0.3181885703330282,0.25130802574984973
1057,1,anom,11,296,2022-07-17 10:52:39.772,0.0760057770625,0.023991549133778448,0.07970240006871158,0.12435039,0.09076463600000001,-0.5825365613686913,0.07068897663182785,1.5601837572368875,-0.16140234250000002,0.013724130160458483,0.16198477679445225,0.19228898,0.05064658999999999,-0.058246206309061854,-0.931684554224882,1.1870805627864756,16.465785250000003,50.88474477338801,53.48251428786754,120.4014,206.232099,-0.3345354439078352,-0.21530483687421487,2.2512292401203164,-0.2986991281101532,-0.1341021190481467,-0.30347135287810023,0.395789866154243
1058,1,anom,11,312,2022-07-17 10:52:41.372,-0.06228874333124999,0.47240435835516364,0.47649319547999874,1.0064882,2.00192157,0.5936425576787054,-0.13427255164958685,2.1122824198698305,-0.15564007712500003,0.22870755826203135,0.27664233373375163,0.70132428,0.92218234,0.6358029190806631,-0.7120833316965993,2.535130001740711,-20.265581625000003,71.7673186303869,74.57373412935023,151.39582,275.3735,0.005059570383448175,0.7907470713739421,2.0301493785653766,-0.5576179476521146,0.36471226180074057,-0.03186095447413312,0.5258993218950986
1059,1,anom,12,330,2022-07-17 10:52:45.655,-0.196684120375,0.7153712617907158,0.7419168992574089,1.3702583,2.5016624,-0.6194298148647643,0.2560958167793187,1.8469161456916583,0.04723853287499999,0.2826884190764845,0.28660813189465606,0.67905645,1.09034848,0.5640088771147158,-1.1484652734621876,2.369285356668072,-62.435873,57.72407475819335,85.03121217506913,187.15861,237.226518,-0.13069583066263224,-0.04428040382705531,2.201057767054558,-0.19145266665959504,-0.027258549009452182,0.07051414672220413,0.6848319896346359
1060,1,anom,12,346,2022-07-17 10:52:47.255,-0.0570526395,0.12337716710704563,0.135929868083791,0.23867505,0.336677979,-1.7735446610413517,-0.09644928062595882,1.755869062220188,0.051162024437499995,0.16814074514113186,0.17575227714359326,0.27229167,0.41551965999999996,-1.8304130603834352,0.09280702970046932,1.5492924155829402,36.4333436625,51.59499459980812,63.16195055715155,157.35628000000003,190.73488500000002,-0.30231483873107257,0.7272363522035903,2.49131444820751,-0.9763799083242454,0.12310394559802443,-0.11418180289229557,-0.5456627841330827
1061,1,anom,13,372,2022-07-17 10:52:53.769,0.19474321737499994,0.9288960334079585,0.9490904917839003,1.7322521,2.9479688,-1.051941640520183,0.14983012579928845,1.8251706396763892,-0.07620819743750001,0.2847687354159283,0.2947896233368128,0.57166391,0.9422743200000001,-0.9591088578637401,-0.19924072252202962,1.9392267052318992,81.58386714375001,66.3648604359164,105.167590439297,184.77442,301.59954,2.578881536877108,-1.3896512928314506,1.7569521107042216,-0.5801358541701466,0.06554304612437217,0.10224127113047969,-0.5159986244989563
1062,1,anom,15,415,2022-07-17 10:53:11.764,-0.022212202812499998,0.04533426449294094,0.05048343778804648,0.10146293,0.150082301,-0.8563108736046585,-0.3389482228420803,2.009826082486492,0.026506386537500003,0.019265725653590023,0.032768227175646196,0.0671475,0.0733773771,-0.35273562546614157,0.4484284734439596,2.0491648705946766,53.49517561875001,45.4461049660853,70.19317823741383,139.47489000000002,174.045588,-0.5632455654504627,-0.06054107356056382,1.987014885239349,-0.22979222389423135,-0.229249788988846,0.28007477448910245,-0.6624353586959566
1063,1,anom,15,431,2022-07-17 10:53:13.364,-0.0948146701875,0.0492117725244271,0.10682518540943592,0.18893828,0.211033581,0.4731972161096887,0.08754224300168745,1.7686679342127403,0.10554041918750001,0.06181145181729593,0.12230877179513788,0.19453942,0.281519133,3.3738148380996904,-1.6932170195034941,1.590559835935933,86.42674425000001,52.7105329691709,101.23231898731234,154.97209,196.69534600000003,0.04326765067943317,-0.7624615723045234,1.5308558724158339,0.17000552190483684,-0.30033990081945294,-0.18652011343034242,-0.50029535723091
1064,1,anom,15,447,2022-07-17 10:53:14.964,0.1896064464375,0.548710338609685,0.580545984593651,1.1404441,1.8582964,-1.1267360306568128,-0.05982306553812625,1.9644337059677464,-0.05062449237500001,0.3599934431206714,0.3635355805393779,0.65263365,1.07761739,-1.4131607438652312,-0.3122074192665835,1.79524009460556,303.685700625,56.74115543389224,308.94103561047086,385.04605,195.50325999999998,-0.8337532491845447,-0.15208673764979602,1.2463415526498278,-0.6417741595499752,0.04988679688020416,0.06982210678237698,0.10314703662733271
1065,1,anom,16,465,2022-07-17 10:53:18.444,-0.01862212668750001,0.26532567025635606,0.2659783729917714,0.67080878,1.28214022,1.5302200370899754,-0.0870328691881804,2.5220425723137754,-0.1621387198125,0.19272370159216498,0.25185589057598445,0.66757532,0.8605407199999999,1.0387470880521192,-0.614676946513051,2.650624206061973,223.66645549999998,93.93632126309593,242.59166467209266,429.15349,398.159071,0.05622070865810258,0.1733658918202876,1.769036420027374,-0.5395441837034207,-0.17213938781077812,-0.06317537728413544,0.2652256790709361
1066,1,anom,16,481,2022-07-17 10:53:20.044,-0.0033670609875,0.037800113712849415,0.03794977860802209,0.059083299,0.109639446,-1.4523891002063802,0.21783284716633186,1.5568812564168837,0.053556337499999995,0.018373774676760934,0.05662046345877335,0.083165527,0.059720389,-1.036878922726834,0.11507575014660973,1.4688245542277258,194.98171687500002,44.92737674918709,200.09082711880137,276.56558,152.5879,-1.058873245987297,0.132998649758075,1.3822001936940005,-0.31974722979781883,0.04917845350520144,-0.1628369341986941,-0.4905096713058946
1067,1,anom,16,497,2022-07-17 10:53:21.644,-0.012968652768749995,0.18095838428260105,0.18142249804477373,0.47744173,0.888308,2.119752745321837,0.49682187830360713,2.631656686163427,0.13640391086874998,0.1672404524163587,0.21581333560444832,0.4960348,0.70554547,0.29564073230750054,0.48024469060432085,2.2984436926045815,250.93558456250003,141.05097991664593,287.8611584343564,538.82605,486.373956,-0.9224202104988954,0.29840965437668177,1.871826171097944,0.10573806319530524,-0.09456465875376281,0.7476516705744282,-0.31840851484797394
1068,1,anom,17,515,2022-07-17 10:53:26.553,0.09344703687499999,0.5393665613791668,0.5474017137666854,0.90092174,1.65968049,-1.3294032483974787,0.02890793364009328,1.6458146135508676,-0.027105250062499975,0.38402128881339154,0.3849766809078817,0.67675328,1.12857647,-1.3349766313572942,-0.4553769400494158,1.757907202077872,389.218376875,66.15042408253129,394.7997258148849,474.45303,226.49768,-0.43823893672793224,-0.6621808223459652,1.201756229745872,-0.11879869159974742,0.18980308933258005,-0.010300500128297353,0.3319979579008513
1069,1,anom,17,531,2022-07-17 10:53:28.153,0.016929563749999998,0.10590718499905208,0.10725176904456521,0.13810361,0.27407102,-1.7395974601240374,-0.2558863453796478,1.2876581079293454,0.06535646675,0.052331301584817976,0.08372593906075362,0.13039787,0.16401116599999999,-1.0236042681894153,-0.6345174454564282,1.5574369360656566,183.80584462500002,45.235216654143414,189.29028856245355,239.6107,159.74046600000003,-0.46825160800954535,-0.8069183370002206,1.265837258845659,-0.5706932219165364,0.4354837607567871,-0.349081764247099,-0.2937000970388597
1070,1,anom,18,551,2022-07-17 10:53:34.639,0.021978017625000013,0.8115250186545017,0.8118225724632903,1.8032037,3.3059389,0.3676725151784721,0.0996877602820776,2.221179554700715,-0.006300043081250005,0.2189857884189743,0.2190763932337425,0.50931629,0.88312104,0.14397335996143834,-0.3714109102288168,2.3248341935983374,231.48956581250002,103.99963037687303,253.778135777269,385.04605,307.560003,-1.4936094293419444,0.01657351805217369,1.5172546240860545,0.03037077809795629,0.1689917865025715,-0.23586229831374822,-0.30628086153887185
